ResourceName;Service;SubscriptionName;RegionName;LastModified;Apps;ApplicationContact;AppOwner
hk01easpsharedsqlads01;StorageAccount;HK01;Azure East Asia;1/9/2022;Infra Service;Hong, Steven-PR;Liu, Benedict
hkazedlap0105tempstorage;StorageAccount;HK01;Azure Southeast Asia;2/9/2022;iMO Business Planner;JING Gong;Terence Leung
otlvg5rsvhk01sasrcache;StorageAccount;HK01;;3/9/2022;Infra Service;Hong, Steven-PR;Liu, Benedict
rghk01easninfrasvc01vcsr;StorageAccount;HK01;;4/9/2022;Infra Service;Hong, Steven-PR;Liu, Benedict
rghk01easpinfrasvc01vcsr;StorageAccount;HK01;;5/9/2022;Infra Service;Hong, Steven-PR;Liu, Benedict
rghk01easptransit01vcsr0;StorageAccount;HK01;;6/9/2022;Infra Service;Hong, Steven-PR;Liu, Benedict
rghk01easssharedsvc01vm0;StorageAccount;HK01;;7/9/2022;Infra Service;Hong, Steven-PR;Liu, Benedict
rghk01seardigital01vm01d;StorageAccount;HK01;;;Infra Service;Hong, Steven-PR;Liu, Benedict
rghk01searinfrasvc01vcsr;StorageAccount;HK01;;;Infra Service;Hong, Steven-PR;Liu, Benedict
sahk01easashared01alre01;StorageAccount;HK01;;;E2E Performance Testing;JING Gong;Terence Leung
sahk01easashared01cbst02;StorageAccount;HK01;;;E2E Performance Testing;JING Gong;Terence Leung
sahk01easashared01iaca01;StorageAccount;HK01;;;E2E Performance Testing;JING Gong;Terence Leung
sahk01easashared01iedi01;StorageAccount;HK01;;;E2E Performance Testing;Hong, Steven-PR;Liu, Benedict
sahk01easashared01ieng01;StorageAccount;HK01;;;E2E Performance Testing;JING Gong;Terence Leung
sahk01easashared01ieng02;StorageAccount;HK01;;;E2E Performance Testing;JING Gong;Terence Leung
sahk01easashared01ir01;StorageAccount;HK01;;;E2E Performance Testing;JING Gong;Terence Leung
sahk01easashared01ssfs01;StorageAccount;HK01;;;E2E Performance Testing;Hong, Steven-PR;Liu, Benedict
sahk01easdshared01imo01;StorageAccount;HK01;;;Smart iMO;JING Gong;Terence Leung
sahk01easdshared01infra;StorageAccount;HK01;;;Infra Service;Hong, Steven-PR;Liu, Benedict
sahk01easgshared01imo01;StorageAccount;HK01;;;Smart iMO;JING Gong;Terence Leung
sahk01easpshared01imo01;StorageAccount;HK01;;;Smart iMO;JING Gong;Terence Leung
sahk01easpshared01xevt01;StorageAccount;HK01;;;Infra Service;Hong, Steven-PR;Liu, Benedict
sahk01easpsharedsqlads01;StorageAccount;HK01;;;Infra Service;Hong, Steven-PR;Liu, Benedict
sahk01easpsrvbootdiag01;StorageAccount;HK01;;;Infra Service;Hong, Steven-PR;Liu, Benedict
sahk01eassshared01imo01;StorageAccount;HK01;;;Smart iMO;JING Gong;Terence Leung
sahk01easushared01imo01;StorageAccount;HK01;;;Smart iMO;JING Gong;Terence Leung
sahk01seapsharedsqlads01;StorageAccount;HK01;;;Infra Service;Hong, Steven-PR;Liu, Benedict
sahk01searshared01vmlog;StorageAccount;HK01;;;Infra Service;Hong, Steven-PR;Liu, Benedict
xy1n7srsvhk01sasrcache;StorageAccount;HK01;;;Infra Service;Hong, Steven-PR;Liu, Benedict
