"Name","IpAddress"
"kubernetes-a82deb20baff94be59564ae4c8149245","20.187.248.24"
"kubernetes-a8d8fbbc9402d416b84c22aa6e912fec","52.246.128.167"
"b6f0efdc-5764-42a3-992b-a03c1e533792","65.52.184.235"
"kubernetes-a7f4756f52eea48e5bd6c5ddff49627c","20.187.181.100"
"96e8088b-6e0b-40c0-a085-1ec6e4381c14","13.72.192.126"
"kubernetes-a09f664b4057a4ef59fe4128f0454991","20.24.105.249"
"kubernetes-aadbb77ea9a8f4361a86008c568eb15f","20.187.162.224"
"kubernetes-aaa6d4706c7c84dc686d242eb625fde9","104.208.121.9"
"HKAZEALAP0125-ip","Not Assigned"
"109009cb58d04e2abd18848b62c22107-publicIP","20.24.101.195"
"1240234f34fe467fbda5e29851141c0e-publicIP","20.187.102.135"
"28603c33dd604d0889f392e1b9d31b7f-publicIP","20.205.4.179"
"323380fa17364d149a75013aff554188-publicIP","20.24.92.147"
"3f4eae00ecf34f7286fa5e31cd85d229-publicIP","104.208.112.130"
"40a5f2e14aac478e822d433dee593869-publicIP","20.205.7.198"
"5d10dd0027ea43d882d58222c0a645b2-publicIP","20.205.5.122"
"60e10529b1724dbfa0840a304bde1aa9-publicIP","20.205.62.136"
"6f8c03b3ac9a4bcb9013c92d887fe013-publicIP","20.247.96.219"
"7707fd3515424cc080b7b529b9cf892a-publicIP","104.208.119.245"
"8551cb9598b642a68ea19b32cce054eb-publicIP","20.187.112.192"
"89f18ed6b3414fdca52e32d573327324-publicIP","20.187.101.21"
"92c98c8b8868460bb11e0d10fa9937ba-publicIP","20.239.170.229"
"c01a29e482c644118c27176fc6c945bb-publicIP","104.208.116.185"
"cf2fea3875fd41c7af603f02dcdeb977-publicIP","20.24.101.166"
"cf91cbf0d84f43daa5f4ad57dd9832a2-publicIP","20.187.68.19"
"dd8ca2baa4174c8285cd811f57bce136-publicIP","20.24.103.143"
"e8cd99493a7347e0bf971b2166ad0fa7-publicIP","20.187.123.38"
"ee6711926cb14d06bf224ab0e861f62b-publicIP","20.205.1.198"
"publicIpgateway-4e579ecacf354297957049250ef54c2b","13.75.46.152"
"publicIpheadnode-4e579ecacf354297957049250ef54c2b","13.75.46.120"
"temp-PIP-azure-data-factory","20.187.151.44"
"pip-hk01-eas-g-outbound-infrasvc01-outbound01","20.189.72.48"
"12d5cdf1894441aca248e09e49ab137b-publicIP","20.239.72.99"
"2ed30a1c891d4ea5b93a6299d3bbba9f-publicIP","20.24.87.103"
"41f4c5ba4b494098aa09f6cf7dbabb05-publicIP","104.208.117.192"
"511a86e0fecc4e05adbc6572297524ad-publicIP","20.247.125.113"
"659e6484bff14fdda99081a5b1bfd1b8-publicIP","20.247.122.204"
"700ba5fda0c14c63bfe045649b4c645b-publicIP","20.239.65.63"
"743b02aa135941488de74e688e51fbc0-publicIP","20.247.123.133"
"8413e426fb5743b6b9452a361c67e346-publicIP","20.247.125.127"
"875794d514ae48a887f0a12bbc5ed772-publicIP","104.208.109.76"
"d5a00ea194694d37a25c91e0c5663022-publicIP","20.187.96.26"
"e85329d775bb4cfc9e56976ab40e9b36-publicIP","20.239.194.21"
"ed50a73ec801446bbfb98fe7ab58bbdf-publicIP","20.24.224.180"
"f879d1600f3148678a754c3d70a32a1c-publicIP","104.208.117.166"
"08085ad0034d4949836d3cef92cc9ec1-publicIP","20.187.114.62"
"172d982681994b878cd77a7ca31c4d2d-publicIP","20.24.201.127"
"19a40a4ae83d4f818f4daccc5f1fb77e-publicIP","20.239.161.124"
"241d19b0c58a4fb5968bdc4365d0a3ef-publicIP","104.208.70.198"
"2aa95704408349bd846eac9e48f2a25c-publicIP","Not Assigned"
"2de075db40cc40088b6a3a56b1f4a597-publicIP","20.247.117.136"
"32dde2c9d2ed468ba5d7b42516511b58-publicIP","20.205.6.142"
"341853ab82684143831eac6f80b82105-publicIP","20.187.108.124"
"361343b284fb44cc993afd250dacded8-publicIP","20.24.97.100"
"4457b978758f43d793cdc548a0fdc849-publicIP","20.205.47.45"
"46823d3b94e843b89e1a49a249e72996-publicIP","20.239.184.137"
"47ff0015adb649e0897f93716d2cecbf-publicIP","20.239.82.245"
"4a0c1299ac504dc1b4a09fa82e1da15e-publicIP","20.24.99.185"
"4f3dce03cf0343ad8fbd747620f3b7a0-publicIP","20.247.6.128"
"56e27b342c994207800e7518f1b118d2-publicIP","20.239.129.14"
"57f883cf87804869ad639db23b100212-publicIP","20.24.91.142"
"5fea556404dd4ff7be58702e26bf16fc-publicIP","20.24.100.93"
"68569fea0da541038d6eded63cf878f6-publicIP","20.247.118.248"
"6aacf6e15f534151905e67fb723928d4-publicIP","20.239.174.89"
"6e8dd69c875e440ba4ea44a9fc23511b-publicIP","20.205.5.249"
"6fc8e0ec39ab4c9c8f8f787f34749d16-publicIP","104.208.97.71"
"71803121da974d71a906cc58f6f7fe65-publicIP","20.247.119.15"
"71ba53b180c6426ca016aabd58f37e4c-publicIP","104.208.117.91"
"765c0054e6b541e9adf25ce6a25c44a8-publicIP","20.24.199.99"
"7a455524722845e785a7581fef4631ac-publicIP","20.205.56.81"
"814fc6bc0ec44c07949e6f92e8764983-publicIP","20.24.84.128"
"81cff2dce2b4464fabdd6ab63b0fe859-publicIP","20.24.97.198"
"82c1187fc65648d4ab18a6e0af4eac49-publicIP","20.24.100.1"
"84544769f92b46cdbd6936a9203584c9-publicIP","20.24.97.217"
"9bb7654a5748489f94b8558c4ca82388-publicIP","20.239.82.152"
"9bd5a36ee50f4d2da19be91eef908f6a-publicIP","104.208.81.254"
"a17c4f766b3f4945a70a37d765a87901-publicIP","20.239.85.70"
"a2025c26106d42e7b4a958a3f4b03c3c-publicIP","20.24.101.4"
"a375bff3c17f4d48a9c08e12f6d90570-publicIP","20.247.116.36"
"a476adca91d54542944ea6cef5565524-publicIP","20.205.58.141"
"a58562630f6242ce8f75ec1a17951b6e-publicIP","Not Assigned"
"abf472d39a1541dbbdf0be89ffe0e67a-publicIP","20.24.98.40"
"b0986e5eef53422d882c067310b4bf39-publicIP","104.208.103.69"
"b310cb723fd742608e6f3e1e8a3c70af-publicIP","104.208.101.165"
"bca8ef54841f41d0a8902a6d3e1b22f1-publicIP","20.239.129.26"
"c0b8fc50aeb74ad7a06e60d9bb942a16-publicIP","104.208.87.215"
"c638f19b940a47f6b0ee3379d08084e9-publicIP","Not Assigned"
"c79374d9c2514c36b00ed0a5a18d410d-publicIP","20.24.79.85"
"ccde5e65bded4678add24e6dca66fd25-publicIP","20.187.118.119"
"cd07bd31835f4de2aa103200b1e4d073-publicIP","20.187.80.98"
"d3c6160be85e4e96b0b3df5c27841851-publicIP","20.205.57.251"
"d438a28645e44321bbacc48b81a10d84-publicIP","20.205.63.72"
"d6bf5d52618a48c281bc8ddca0a4a3eb-publicIP","20.247.117.219"
"e2c850a904e540eaaf030c4f8aa933d4-publicIP","20.24.97.10"
"e73901a8ed8948c783c4f3b27031571d-publicIP","20.187.117.111"
"e914cd0b176b4781a59a6ba1b1fa6da2-publicIP","20.24.99.173"
"ec34984d3e19466da3605db7faf5adcf-publicIP","20.24.98.68"
"eedf193bbdc945d19a94dd17f5ab3396-publicIP","20.24.96.72"
"f20b2c42cd5349f5bba73934fef654ab-publicIP","20.239.145.143"
"f495da5653c4468f9ce3432aa36af815-publicIP","20.24.197.104"
"f4fb524e6f004d48b2a77fcf6df9142e-publicIP","20.24.97.227"
"f50193cd864342a19437f1bb89d662cc-publicIP","104.208.111.175"
"f968f1c13edb48a897acec26020111cb-publicIP","20.24.200.42"
"fbd0e30f36f443a98cefc80f42daa777-publicIP","20.239.59.252"
"fd91a831c2864d148ffad62cb60c1171-publicIP","20.24.197.35"
"ff237d9f3a744038920a9204d6b61f6e-publicIP","20.24.99.218"
"pip-hk01-eas-p-outbound-infrasvc01-outbound01","52.184.82.183"
"ergw-hk01-eas-p-transit01-pip","Not Assigned"
"ergw-hk01-eas-p-transit01-pip01","23.98.39.90"
"pip-hk01-eas-s-outbound-infrasvc01-outbound01","52.229.224.130"
"21cbe7a28d524badb5da76b12f647b5b-publicIP","20.239.65.94"
"25d6edbf16ec489d9a0120c627b63dac-publicIP","20.239.95.242"
"29341b684f04445da290ea57f1c9f74e-publicIP","20.239.94.105"
"2dd8b7e01449422f8327fbf3db4bd449-publicIP","104.208.115.182"
"3e166313c5344bd4bad052d024736c79-publicIP","20.239.151.7"
"4189a49de30143acbbc20bdde8ee8f0b-publicIP","20.239.90.9"
"41ac2691e301404cba452b146892facd-publicIP","104.208.84.12"
"46dfaf9e406b40329736334d9c03d288-publicIP","20.187.118.29"
"49fc3657bd774c118d98ef703beb3854-publicIP","20.239.95.36"
"4b5cac57cf3a4ef39ad4b5fc5ce9f765-publicIP","20.24.217.8"
"4f852d9adc994df38674a32e844b6f28-publicIP","20.187.119.245"
"4fdef4516b3441adbd580b10dbc3b4b2-publicIP","20.24.211.16"
"50f16720945b4cd9a987a2ca7b2f1b0d-publicIP","20.247.113.141"
"51033f6f635d4e79a2fe2589925de358-publicIP","20.239.181.138"
"5bdee473cee04219ad18c58b639793ff-publicIP","20.205.115.62"
"5db0e0963c794b0c9c50a298371ea995-publicIP","20.24.211.185"
"5eef7d5d1e6a478f956ec0fad50477bd-publicIP","20.187.124.34"
"69eccb1ab97f4e8680722c5cf5b60baf-publicIP","20.239.95.154"
"6a484517f0254771acff237c52eb0437-publicIP","20.24.200.52"
"7002dd35e9404c45b8a4377e0d17431b-publicIP","20.187.124.208"
"732da565310a4193b439f0a37ea74e15-publicIP","20.24.195.193"
"73c2cc096abd4a32acad32fc828e789b-publicIP","20.187.117.54"
"79256b30daf140a9b863cf9437ee733a-publicIP","20.239.177.3"
"79dc76efac3e4935b7bf6676ce3a835b-publicIP","20.24.200.142"
"80373592778e4fe6a5b59ba2f74d943a-publicIP","20.247.112.86"
"878aee70f383477096b28417c19a4531-publicIP","20.239.94.42"
"882de0c7deb24932b617840d030d52d2-publicIP","20.239.129.94"
"8c59991ca38e4507884906335e5ca3de-publicIP","20.247.119.55"
"a38871ac91e842938cb33f3dfde10da5-publicIP","20.205.5.201"
"a6bb6afb6dea4db8a8a2b16543c1afdb-publicIP","20.239.89.240"
"aebb0e240b474bb5b6937ca8135a3a19-publicIP","20.239.181.205"
"afdbf8b4c7f2456a9509b8ee3f574dba-publicIP","104.208.101.38"
"b066f2c80dc84ac1ac662db3f577390c-publicIP","20.239.181.86"
"b0adf246ad6c4dc6be44cd13256857eb-publicIP","20.239.178.32"
"c75b5bf238084e7d8cb79e1c0da2efb3-publicIP","20.239.176.28"
"c7c9769708144cbc96aeda2e7203388a-publicIP","20.24.211.46"
"c8e516e1004c46e3ba3391f18e1ebec4-publicIP","20.187.124.181"
"c933b79790834c7db18cadee1c80947a-publicIP","20.205.6.233"
"ce3013e212f44b1e94399bad45850639-publicIP","20.24.211.161"
"d480ac928ffa4236ae521de8a7425545-publicIP","20.239.95.133"
"e16918908e9545259b0cf913b188d27f-publicIP","20.24.217.43"
"e8d643bdaf9a4298978e827106727658-publicIP","20.239.89.37"
"e919eb39de8b4aac8a22be1e791cbc81-publicIP","20.239.190.162"
"eed95101b88c4b02a91e766770f251e1-publicIP","20.205.59.171"
"f9ede2060a8247b99d9642f8aead07e8-publicIP","20.239.183.140"
"ff5aed7fa2f94ab3ba4efc6bb8eab90d-publicIP","20.247.119.166"
"pip-hk01-eas-u-outbound-infrasvc01-outbound01","40.81.27.205"
"ergw-hk01-sea-p-transit01-pip01","20.212.166.240"
"pip-hk01-sea-r-outbound-infrasvc01-outbound01","40.119.207.153"
