ResourceName;Service;SubscriptionName;RegionName;Apps;ApplicationContact;AppOwner
kv-hk01-eas-a-ieng-vlt01;KeyVault;HK01;Azure East Asia;Infra Service;Rosa-PS Wong;Terence Leung
kv-hk01-eas-a-imo-vlt01;KeyVault;HK01;Azure East Asia;iMO Business Planner;JING Gong;Terence Leung
kv-hk01-eas-d-ieng-vlt01;KeyVault;HK01;Azure East Asia;Infra Service;Rosa-PS Wong;Terence Leung
kv-hk01-eas-d-imo-vlt01;KeyVault;HK01;Azure East Asia;Infra Service;JING Gong;Terence Leung
kv-hk01-eas-g-ieng-vlt01;KeyVault;HK01;Azure East Asia;;Rosa-PS Wong;Terence Leung
kv-hk01-eas-g-imo-vlt01;KeyVault;HK01;Azure East Asia;;JING Gong;Terence Leung
kv-hk01-eas-r-ieng-vlt01;KeyVault;HK01;Azure East Asia;;Rosa-PS Wong;Terence Leung
kv-hk01-eas-s-ieng-vlt01;KeyVault;HK01;Azure East Asia;;Rosa-PS Wong;Terence Leung
kv-hk01-eas-s-imo-vlt01;KeyVault;HK01;Azure East Asia;;JING Gong;Terence Leung
kv-hk01-eas-s-rpa-vlt01;KeyVault;HK01;Azure East Asia;;Willy-WL Hung;Terence Leung
kv-hk01-eas-s-rpa-vlt11;KeyVault;HK01;Azure East Asia;;Willy-WL Hung;Terence Leung
kv-hk01-eas-s-rpa-vlt12;KeyVault;HK01;Azure East Asia;;Willy-WL Hung;Terence Leung
kv-hk01-eas-s-rpa-vlt13;KeyVault;HK01;Azure East Asia;;Willy-WL Hung;Terence Leung
kv-hk01-eas-s-rpa-vlt14;KeyVault;HK01;Azure East Asia;;Willy-WL Hung;Terence Leung
kv-hk01-eas-s-rpa-vlt15;KeyVault;HK01;Azure East Asia;;Willy-WL Hung;Terence Leung
kv-hk01-eas-s-rpa-vlt16;KeyVault;HK01;Azure East Asia;;Willy-WL Hung;Terence Leung
kv-hk01-eas-s-rpa-vlt17;KeyVault;HK01;Azure East Asia;;Willy-WL Hung;Terence Leung
kv-hk01-eas-s-rpa-vlt18;KeyVault;HK01;Azure East Asia;;Willy-WL Hung;Terence Leung
kv-hk01-eas-u-ieng-vlt01;KeyVault;HK01;Azure East Asia;;Rosa-PS Wong;Terence Leung
kv-hk01-eas-u-imo-vlt01;KeyVault;HK01;Azure East Asia;;JING Gong;Terence Leung
kv-hk01-eas-u-rpa-vlt01;KeyVault;HK01;Azure East Asia;;Willy-WL Hung;Terence Leung
kv-hk01-eas-u-rpa-vlt11;KeyVault;HK01;Azure East Asia;;Willy-WL Hung;Terence Leung
kv-hk01-eas-u-rpa-vlt12;KeyVault;HK01;Azure East Asia;;Willy-WL Hung;Terence Leung
kv-hk01-eas-u-rpa-vlt13;KeyVault;HK01;Azure East Asia;;Willy-WL Hung;Terence Leung
kv-hk01-eas-u-rpa-vlt14;KeyVault;HK01;Azure East Asia;;Willy-WL Hung;Terence Leung
kv-hk01-eas-u-rpa-vlt15;KeyVault;HK01;Azure East Asia;;Willy-WL Hung;Terence Leung
kv-hk01-eas-u-rpa-vlt16;KeyVault;HK01;Azure East Asia;;Willy-WL Hung;Terence Leung
kv-hk01-eas-u-rpa-vlt17;KeyVault;HK01;Azure East Asia;;Willy-WL Hung;Terence Leung
kv-hk01-eas-u-rpa-vlt18;KeyVault;HK01;Azure East Asia;;Willy-WL Hung;Terence Leung
kv-hk01-sea-r-imo-vlt01;KeyVault;HK01;Azure Southeast Asia;;JING Gong;Terence Leung
