"TenantId";"TimeGenerated";"AccountName";"Location";"Protocol";"OperationName";"AuthenticationType";"StatusCode";"StatusText";"DurationMs";"ServerLatencyMs";"Uri";"CallerIpAddress";"CorrelationId";"SchemaVersion";"OperationVersion";"AuthenticationHash";"RequesterObjectId";"RequesterTenantId";"RequesterAppId";"RequesterAudience";"RequesterTokenIssuer";"RequesterUpn";"AuthorizationDetails";"UserAgentHeader";"ReferrerHeader";"ClientRequestId";"Etag";"ServiceType";"OperationCount";"RequestHeaderSize";"RequestBodySize";"ResponseHeaderSize";"ResponseBodySize";"RequestMd5";"ResponseMd5";"LastModifiedTime";"ConditionsUsed";"ContentLengthHeader";"Category";"TlsVersion";"SasExpiryStatus";"SourceSystem";"Type";"_ResourceId";"RequesterUserName";"SmbPrimarySID";"SmbTreeConnectID";"SmbPersistentHandleID";"SmbVolatileHandleID";"SmbMessageID";"SmbCreditsConsumed";"SmbCommandDetail";"SmbFileId";"SmbSessionID";"SmbCommandMajor";"SmbCommandMinor";"HKTimestamp"
"f486ca19-3cb9-4345-8639-7ccfe1fe149a";"2022-10-25T08:57:15.64306Z";"sahk01seaptransit01vcsr0";"Southeast Asia";"HTTPS";"ListContainers";"OAuth";"200";"Success";"7";"7";"https://sahk01seaptransit01vcsr0.blob.core.windows.net:443/?comp=list";"18.221.72.80";"65a5dfa1-001e-001c-504f-e8bcf2000000";"1.0";"2019-02-02";"2A2C07339BC899FB3419C798273539CD353A2139FC8351C11BE06E6A6D96684C";"7b2a25d5-d598-40d4-9611-14db744d48d5";"7f2c1900-9fd4-4b89-91d3-79a649996f0a";"2ffc37fb-4740-46ff-9469-361af346101a";"https://storage.azure.com/";"https://sts.windows.net/7f2c1900-9fd4-4b89-91d3-79a649996f0a/";"";"[{""action"":""Microsoft.Storage/storageAccounts/blobServices/containers/read"",""roleAssignmentId"":""242b4a4b-b989-4d83-b3b1-4cdabfb40a8f"",""roleDefinitionId"":""17d1049b-9a84-46fb-8f53-869881c3d3ab"",""type"":""RBAC"",""principals"":[{""id"":""7b2a25d5-d598-40d4-9611-14db744d48d5"",""type"":""ServicePrincipal""}],""denyAssignmentId"":"""",""result"":""Granted"",""reason"":""Policy""}]";"Apache-HttpClient/4.5.13 (Java/11.0.15)";"";"";"";"blob";;"1603";;"152";"1713";"";"";;"";;"StorageRead";"TLS 1.2";"";"Azure";"StorageBlobLogs";"/subscriptions/9b491dd6-598e-498c-98a0-d3bbd2290821/resourcegroups/rg-hk01-sea-p-transit01-vcsr01/providers/microsoft.storage/storageaccounts/sahk01seaptransit01vcsr0/blobservices/default";"";"";"";"";"";"";;"";"";"";;"";"2022-10-25T16:57:15.64306Z"
"f486ca19-3cb9-4345-8639-7ccfe1fe149a";"2022-10-25T08:57:15.398309Z";"sahk01seaptransit01vcsr0";"Southeast Asia";"HTTPS";"GetFileServiceProperties";"AccountKey";"200";"Success";"12";"12";"https://sahk01seaptransit01vcsr0.file.core.windows.net:443/?restype=service&comp=properties";"18.221.72.80";"77c2bb70-001a-0023-0f4f-e87451000000";"1.0";"2017-04-17";"key1(91E21A6C9C383A53A0AFCECEBD537FC238D6FEEF873634624B206B4A4D7A69AF)";"";"";"";"";"";"";;"Azure-Storage/6.1.0 (JavaJRE 11.0.15; Linux 5.15.59-33.133.amzn2.x86_64)";"";"6891508d-cce7-4a64-8652-d45e9273b35a";"";"file";;"510";;"152";"413";"";"";;"";;"StorageRead";"TLS 1.2";"";"Azure";"StorageFileLogs";"/subscriptions/9b491dd6-598e-498c-98a0-d3bbd2290821/resourcegroups/rg-hk01-sea-p-transit01-vcsr01/providers/microsoft.storage/storageaccounts/sahk01seaptransit01vcsr0/fileservices/default";"";"";"";"";"";"";;"";"";"";;"";"2022-10-25T16:57:15.398309Z"
"f486ca19-3cb9-4345-8639-7ccfe1fe149a";"2022-10-25T08:57:11.7039176Z";"sahk01seaptransit01vcsr0";"Southeast Asia";"HTTPS";"GetBlobServiceProperties";"OAuth";"200";"Success";"84";"83";"https://sahk01seaptransit01vcsr0.blob.core.windows.net:443/?restype=service&comp=properties";"18.221.72.80";"65a5d639-001e-001c-3f4f-e8bcf2000000";"1.0";"2019-02-02";"2A2C07339BC899FB3419C798273539CD353A2139FC8351C11BE06E6A6D96684C";"7b2a25d5-d598-40d4-9611-14db744d48d5";"7f2c1900-9fd4-4b89-91d3-79a649996f0a";"2ffc37fb-4740-46ff-9469-361af346101a";"https://storage.azure.com/";"https://sts.windows.net/7f2c1900-9fd4-4b89-91d3-79a649996f0a/";"";"[{""action"":""Microsoft.Storage/storageAccounts/blobServices/read"",""roleAssignmentId"":""242b4a4b-b989-4d83-b3b1-4cdabfb40a8f"",""roleDefinitionId"":""17d1049b-9a84-46fb-8f53-869881c3d3ab"",""type"":""RBAC"",""principals"":[{""id"":""7b2a25d5-d598-40d4-9611-14db744d48d5"",""type"":""ServicePrincipal""}],""denyAssignmentId"":"""",""result"":""Granted"",""reason"":""Policy""}]";"Apache-HttpClient/4.5.13 (Java/11.0.15)";"";"";"";"blob";;"1625";;"152";"712";"";"";;"";;"StorageRead";"TLS 1.2";"";"Azure";"StorageBlobLogs";"/subscriptions/9b491dd6-598e-498c-98a0-d3bbd2290821/resourcegroups/rg-hk01-sea-p-transit01-vcsr01/providers/microsoft.storage/storageaccounts/sahk01seaptransit01vcsr0/blobservices/default";"";"";"";"";"";"";;"";"";"";;"";"2022-10-25T16:57:11.7039176Z"
"f486ca19-3cb9-4345-8639-7ccfe1fe149a";"2022-10-24T09:23:37.3669192Z";"sahk01seaptransit01vcsr0";"Southeast Asia";"HTTPS";"ListShares";"AccountKey";"200";"Success";"8";"8";"https://sahk01seaptransit01vcsr0.file.core.windows.net:443/?comp=list&include=snapshots%2Cmetadata";"10.202.129.6";"31998b8d-b01a-0044-0b8a-e764ad000000";"1.0";"2019-07-07";"key1(91E21A6C9C383A53A0AFCECEBD537FC238D6FEEF873634624B206B4A4D7A69AF)";"";"";"";"";"";"";;"AzurePowershell/v1.0.0 Azure-Storage/11.2.2 (.NET Core; Win32NT 10.0.14393.0)";"";"Azure-Storage-PowerShell-d1b02083-5371-4ea6-881e-991376674ad5";"";"file";;"493";;"235";"180";"";"";;"";;"StorageRead";"TLS 1.2";"";"Azure";"StorageFileLogs";"/subscriptions/9b491dd6-598e-498c-98a0-d3bbd2290821/resourcegroups/rg-hk01-sea-p-transit01-vcsr01/providers/microsoft.storage/storageaccounts/sahk01seaptransit01vcsr0/fileservices/default";"";"";"";"";"";"";;"";"";"";;"";"2022-10-24T17:23:37.3669192Z"
"f486ca19-3cb9-4345-8639-7ccfe1fe149a";"2022-10-24T06:38:45.1944503Z";"sahk01seaptransit01vcsr0";"Southeast Asia";"HTTPS";"ListContainers";"OAuth";"200";"Success";"7";"6";"https://sahk01seaptransit01vcsr0.blob.core.windows.net:443/?comp=list";"18.221.72.80";"2172f1cf-901e-000e-1d73-e7c722000000";"1.0";"2019-02-02";"E41758297B16D8B8EC730D3B6E5B6D5FD085A23D3E8A9626E7E48E4CC20CE3BC";"7b2a25d5-d598-40d4-9611-14db744d48d5";"7f2c1900-9fd4-4b89-91d3-79a649996f0a";"2ffc37fb-4740-46ff-9469-361af346101a";"https://storage.azure.com/";"https://sts.windows.net/7f2c1900-9fd4-4b89-91d3-79a649996f0a/";"";"[{""action"":""Microsoft.Storage/storageAccounts/blobServices/containers/read"",""roleAssignmentId"":""242b4a4b-b989-4d83-b3b1-4cdabfb40a8f"",""roleDefinitionId"":""17d1049b-9a84-46fb-8f53-869881c3d3ab"",""type"":""RBAC"",""principals"":[{""id"":""7b2a25d5-d598-40d4-9611-14db744d48d5"",""type"":""ServicePrincipal""}],""denyAssignmentId"":"""",""result"":""Granted"",""reason"":""Policy""}]";"Apache-HttpClient/4.5.13 (Java/11.0.15)";"";"";"";"blob";;"1603";;"152";"1713";"";"";;"";;"StorageRead";"TLS 1.2";"";"Azure";"StorageBlobLogs";"/subscriptions/9b491dd6-598e-498c-98a0-d3bbd2290821/resourcegroups/rg-hk01-sea-p-transit01-vcsr01/providers/microsoft.storage/storageaccounts/sahk01seaptransit01vcsr0/blobservices/default";"";"";"";"";"";"";;"";"";"";;"";"2022-10-24T14:38:45.1944503Z"
"f486ca19-3cb9-4345-8639-7ccfe1fe149a";"2022-10-24T06:38:41.7447119Z";"sahk01seaptransit01vcsr0";"Southeast Asia";"HTTPS";"GetBlobServiceProperties";"OAuth";"200";"Success";"100";"100";"https://sahk01seaptransit01vcsr0.blob.core.windows.net:443/?restype=service&comp=properties";"18.221.72.80";"2172eb2e-901e-000e-3673-e7c722000000";"1.0";"2019-02-02";"E41758297B16D8B8EC730D3B6E5B6D5FD085A23D3E8A9626E7E48E4CC20CE3BC";"7b2a25d5-d598-40d4-9611-14db744d48d5";"7f2c1900-9fd4-4b89-91d3-79a649996f0a";"2ffc37fb-4740-46ff-9469-361af346101a";"https://storage.azure.com/";"https://sts.windows.net/7f2c1900-9fd4-4b89-91d3-79a649996f0a/";"";"[{""action"":""Microsoft.Storage/storageAccounts/blobServices/read"",""roleAssignmentId"":""242b4a4b-b989-4d83-b3b1-4cdabfb40a8f"",""roleDefinitionId"":""17d1049b-9a84-46fb-8f53-869881c3d3ab"",""type"":""RBAC"",""principals"":[{""id"":""7b2a25d5-d598-40d4-9611-14db744d48d5"",""type"":""ServicePrincipal""}],""denyAssignmentId"":"""",""result"":""Granted"",""reason"":""Policy""}]";"Apache-HttpClient/4.5.13 (Java/11.0.15)";"";"";"";"blob";;"1625";;"152";"712";"";"";;"";;"StorageRead";"TLS 1.2";"";"Azure";"StorageBlobLogs";"/subscriptions/9b491dd6-598e-498c-98a0-d3bbd2290821/resourcegroups/rg-hk01-sea-p-transit01-vcsr01/providers/microsoft.storage/storageaccounts/sahk01seaptransit01vcsr0/blobservices/default";"";"";"";"";"";"";;"";"";"";;"";"2022-10-24T14:38:41.7447119Z"
"f486ca19-3cb9-4345-8639-7ccfe1fe149a";"2022-10-23T10:01:40.9692081Z";"sahk01seaptransit01vcsr0";"Southeast Asia";"HTTPS";"ListContainers";"OAuth";"200";"Success";"8";"8";"https://sahk01seaptransit01vcsr0.blob.core.windows.net:443/?comp=list";"13.59.164.228";"b7112cf7-d01e-0020-12c6-e69535000000";"1.0";"2019-02-02";"C94310FE9B7EFDF56D4006CE74F1FB8D4D99F59C17F208CB440649351231FD76";"7b2a25d5-d598-40d4-9611-14db744d48d5";"7f2c1900-9fd4-4b89-91d3-79a649996f0a";"2ffc37fb-4740-46ff-9469-361af346101a";"https://storage.azure.com/";"https://sts.windows.net/7f2c1900-9fd4-4b89-91d3-79a649996f0a/";"";"[{""action"":""Microsoft.Storage/storageAccounts/blobServices/containers/read"",""roleAssignmentId"":""242b4a4b-b989-4d83-b3b1-4cdabfb40a8f"",""roleDefinitionId"":""17d1049b-9a84-46fb-8f53-869881c3d3ab"",""type"":""RBAC"",""principals"":[{""id"":""7b2a25d5-d598-40d4-9611-14db744d48d5"",""type"":""ServicePrincipal""}],""denyAssignmentId"":"""",""result"":""Granted"",""reason"":""Policy""}]";"Apache-HttpClient/4.5.13 (Java/11.0.15)";"";"";"";"blob";;"1603";;"152";"1713";"";"";;"";;"StorageRead";"TLS 1.2";"";"Azure";"StorageBlobLogs";"/subscriptions/9b491dd6-598e-498c-98a0-d3bbd2290821/resourcegroups/rg-hk01-sea-p-transit01-vcsr01/providers/microsoft.storage/storageaccounts/sahk01seaptransit01vcsr0/blobservices/default";"";"";"";"";"";"";;"";"";"";;"";"2022-10-23T18:01:40.9692081Z"
"f486ca19-3cb9-4345-8639-7ccfe1fe149a";"2022-10-23T10:01:40.7222019Z";"sahk01seaptransit01vcsr0";"Southeast Asia";"HTTPS";"GetFileServiceProperties";"AccountKey";"200";"Success";"5";"5";"https://sahk01seaptransit01vcsr0.file.core.windows.net:443/?restype=service&comp=properties";"13.59.164.228";"4ccad286-a01a-0067-56c6-e6fe6e000000";"1.0";"2017-04-17";"key1(91E21A6C9C383A53A0AFCECEBD537FC238D6FEEF873634624B206B4A4D7A69AF)";"";"";"";"";"";"";;"Azure-Storage/6.1.0 (JavaJRE 11.0.15; Linux 5.15.59-33.133.amzn2.x86_64)";"";"d8740ba7-26ed-4b1c-8806-da6dc8f46781";"";"file";;"510";;"152";"413";"";"";;"";;"StorageRead";"TLS 1.2";"";"Azure";"StorageFileLogs";"/subscriptions/9b491dd6-598e-498c-98a0-d3bbd2290821/resourcegroups/rg-hk01-sea-p-transit01-vcsr01/providers/microsoft.storage/storageaccounts/sahk01seaptransit01vcsr0/fileservices/default";"";"";"";"";"";"";;"";"";"";;"";"2022-10-23T18:01:40.7222019Z"
"f486ca19-3cb9-4345-8639-7ccfe1fe149a";"2022-10-23T10:01:37.6121378Z";"sahk01seaptransit01vcsr0";"Southeast Asia";"HTTPS";"GetBlobServiceProperties";"OAuth";"200";"Success";"130";"130";"https://sahk01seaptransit01vcsr0.blob.core.windows.net:443/?restype=service&comp=properties";"13.59.164.228";"b71120a3-d01e-0020-31c6-e69535000000";"1.0";"2019-02-02";"C94310FE9B7EFDF56D4006CE74F1FB8D4D99F59C17F208CB440649351231FD76";"7b2a25d5-d598-40d4-9611-14db744d48d5";"7f2c1900-9fd4-4b89-91d3-79a649996f0a";"2ffc37fb-4740-46ff-9469-361af346101a";"https://storage.azure.com/";"https://sts.windows.net/7f2c1900-9fd4-4b89-91d3-79a649996f0a/";"";"[{""action"":""Microsoft.Storage/storageAccounts/blobServices/read"",""roleAssignmentId"":""242b4a4b-b989-4d83-b3b1-4cdabfb40a8f"",""roleDefinitionId"":""17d1049b-9a84-46fb-8f53-869881c3d3ab"",""type"":""RBAC"",""principals"":[{""id"":""7b2a25d5-d598-40d4-9611-14db744d48d5"",""type"":""ServicePrincipal""}],""denyAssignmentId"":"""",""result"":""Granted"",""reason"":""Policy""}]";"Apache-HttpClient/4.5.13 (Java/11.0.15)";"";"";"";"blob";;"1625";;"152";"712";"";"";;"";;"StorageRead";"TLS 1.2";"";"Azure";"StorageBlobLogs";"/subscriptions/9b491dd6-598e-498c-98a0-d3bbd2290821/resourcegroups/rg-hk01-sea-p-transit01-vcsr01/providers/microsoft.storage/storageaccounts/sahk01seaptransit01vcsr0/blobservices/default";"";"";"";"";"";"";;"";"";"";;"";"2022-10-23T18:01:37.6121378Z"
"f486ca19-3cb9-4345-8639-7ccfe1fe149a";"2022-10-22T08:06:42.0155625Z";"sahk01seaptransit01vcsr0";"Southeast Asia";"HTTPS";"ListContainers";"OAuth";"200";"Success";"7";"7";"https://sahk01seaptransit01vcsr0.blob.core.windows.net:443/?comp=list";"13.59.164.228";"ac5dcc01-501e-0073-32ed-e5b601000000";"1.0";"2019-02-02";"CD82C997A1AD5303554CBC41E5CDCECF81A42B32CABACA58200EE31F789C120A";"7b2a25d5-d598-40d4-9611-14db744d48d5";"7f2c1900-9fd4-4b89-91d3-79a649996f0a";"2ffc37fb-4740-46ff-9469-361af346101a";"https://storage.azure.com/";"https://sts.windows.net/7f2c1900-9fd4-4b89-91d3-79a649996f0a/";"";"[{""action"":""Microsoft.Storage/storageAccounts/blobServices/containers/read"",""roleAssignmentId"":""242b4a4b-b989-4d83-b3b1-4cdabfb40a8f"",""roleDefinitionId"":""17d1049b-9a84-46fb-8f53-869881c3d3ab"",""type"":""RBAC"",""principals"":[{""id"":""7b2a25d5-d598-40d4-9611-14db744d48d5"",""type"":""ServicePrincipal""}],""denyAssignmentId"":"""",""result"":""Granted"",""reason"":""Policy""}]";"Apache-HttpClient/4.5.13 (Java/11.0.15)";"";"";"";"blob";;"1603";;"152";"1713";"";"";;"";;"StorageRead";"TLS 1.2";"";"Azure";"StorageBlobLogs";"/subscriptions/9b491dd6-598e-498c-98a0-d3bbd2290821/resourcegroups/rg-hk01-sea-p-transit01-vcsr01/providers/microsoft.storage/storageaccounts/sahk01seaptransit01vcsr0/blobservices/default";"";"";"";"";"";"";;"";"";"";;"";"2022-10-22T16:06:42.0155625Z"
"f486ca19-3cb9-4345-8639-7ccfe1fe149a";"2022-10-22T08:06:41.7675875Z";"sahk01seaptransit01vcsr0";"Southeast Asia";"HTTPS";"GetFileServiceProperties";"AccountKey";"200";"Success";"5";"5";"https://sahk01seaptransit01vcsr0.file.core.windows.net:443/?restype=service&comp=properties";"13.59.164.228";"4925c954-a01a-0048-67ed-e5f3a5000000";"1.0";"2017-04-17";"key1(91E21A6C9C383A53A0AFCECEBD537FC238D6FEEF873634624B206B4A4D7A69AF)";"";"";"";"";"";"";;"Azure-Storage/6.1.0 (JavaJRE 11.0.15; Linux 5.15.59-33.133.amzn2.x86_64)";"";"8956537a-84a1-457c-9ffd-c57fe98b3495";"";"file";;"510";;"152";"413";"";"";;"";;"StorageRead";"TLS 1.2";"";"Azure";"StorageFileLogs";"/subscriptions/9b491dd6-598e-498c-98a0-d3bbd2290821/resourcegroups/rg-hk01-sea-p-transit01-vcsr01/providers/microsoft.storage/storageaccounts/sahk01seaptransit01vcsr0/fileservices/default";"";"";"";"";"";"";;"";"";"";;"";"2022-10-22T16:06:41.7675875Z"
"f486ca19-3cb9-4345-8639-7ccfe1fe149a";"2022-10-22T08:06:38.4183401Z";"sahk01seaptransit01vcsr0";"Southeast Asia";"HTTPS";"GetBlobServiceProperties";"OAuth";"200";"Success";"145";"144";"https://sahk01seaptransit01vcsr0.blob.core.windows.net:443/?restype=service&comp=properties";"13.59.164.228";"ac5dc3a9-501e-0073-77ed-e5b601000000";"1.0";"2019-02-02";"CD82C997A1AD5303554CBC41E5CDCECF81A42B32CABACA58200EE31F789C120A";"7b2a25d5-d598-40d4-9611-14db744d48d5";"7f2c1900-9fd4-4b89-91d3-79a649996f0a";"2ffc37fb-4740-46ff-9469-361af346101a";"https://storage.azure.com/";"https://sts.windows.net/7f2c1900-9fd4-4b89-91d3-79a649996f0a/";"";"[{""action"":""Microsoft.Storage/storageAccounts/blobServices/read"",""roleAssignmentId"":""242b4a4b-b989-4d83-b3b1-4cdabfb40a8f"",""roleDefinitionId"":""17d1049b-9a84-46fb-8f53-869881c3d3ab"",""type"":""RBAC"",""principals"":[{""id"":""7b2a25d5-d598-40d4-9611-14db744d48d5"",""type"":""ServicePrincipal""}],""denyAssignmentId"":"""",""result"":""Granted"",""reason"":""Policy""}]";"Apache-HttpClient/4.5.13 (Java/11.0.15)";"";"";"";"blob";;"1625";;"152";"712";"";"";;"";;"StorageRead";"TLS 1.2";"";"Azure";"StorageBlobLogs";"/subscriptions/9b491dd6-598e-498c-98a0-d3bbd2290821/resourcegroups/rg-hk01-sea-p-transit01-vcsr01/providers/microsoft.storage/storageaccounts/sahk01seaptransit01vcsr0/blobservices/default";"";"";"";"";"";"";;"";"";"";;"";"2022-10-22T16:06:38.4183401Z"
"f486ca19-3cb9-4345-8639-7ccfe1fe149a";"2022-10-20T09:26:47.0307925Z";"sahk01seaptransit01vcsr0";"Southeast Asia";"HTTPS";"ListContainers";"OAuth";"200";"Success";"9";"8";"https://sahk01seaptransit01vcsr0.blob.core.windows.net:443/?comp=list";"13.59.164.228";"cf3aa9a2-a01e-0048-5d66-e4f3a5000000";"1.0";"2019-02-02";"937A9480D5E329BC6882F5AD7AF2536A3A2B17593B3CDB60C9494B7A294A78C1";"7b2a25d5-d598-40d4-9611-14db744d48d5";"7f2c1900-9fd4-4b89-91d3-79a649996f0a";"2ffc37fb-4740-46ff-9469-361af346101a";"https://storage.azure.com/";"https://sts.windows.net/7f2c1900-9fd4-4b89-91d3-79a649996f0a/";"";"[{""action"":""Microsoft.Storage/storageAccounts/blobServices/containers/read"",""roleAssignmentId"":""242b4a4b-b989-4d83-b3b1-4cdabfb40a8f"",""roleDefinitionId"":""17d1049b-9a84-46fb-8f53-869881c3d3ab"",""type"":""RBAC"",""principals"":[{""id"":""7b2a25d5-d598-40d4-9611-14db744d48d5"",""type"":""ServicePrincipal""}],""denyAssignmentId"":"""",""result"":""Granted"",""reason"":""Policy""}]";"Apache-HttpClient/4.5.13 (Java/11.0.15)";"";"";"";"blob";;"1603";;"152";"1713";"";"";;"";;"StorageRead";"TLS 1.2";"";"Azure";"StorageBlobLogs";"/subscriptions/9b491dd6-598e-498c-98a0-d3bbd2290821/resourcegroups/rg-hk01-sea-p-transit01-vcsr01/providers/microsoft.storage/storageaccounts/sahk01seaptransit01vcsr0/blobservices/default";"";"";"";"";"";"";;"";"";"";;"";"2022-10-20T17:26:47.0307925Z"
"f486ca19-3cb9-4345-8639-7ccfe1fe149a";"2022-10-20T09:26:46.783743Z";"sahk01seaptransit01vcsr0";"Southeast Asia";"HTTPS";"GetFileServiceProperties";"AccountKey";"200";"Success";"5";"5";"https://sahk01seaptransit01vcsr0.file.core.windows.net:443/?restype=service&comp=properties";"13.59.164.228";"38fab389-101a-0072-3a66-e4e9dd000000";"1.0";"2017-04-17";"key1(91E21A6C9C383A53A0AFCECEBD537FC238D6FEEF873634624B206B4A4D7A69AF)";"";"";"";"";"";"";;"Azure-Storage/6.1.0 (JavaJRE 11.0.15; Linux 5.15.59-33.133.amzn2.x86_64)";"";"b2e67c2f-aa3c-47fc-9ca0-85ad9b0289e5";"";"file";;"510";;"152";"413";"";"";;"";;"StorageRead";"TLS 1.2";"";"Azure";"StorageFileLogs";"/subscriptions/9b491dd6-598e-498c-98a0-d3bbd2290821/resourcegroups/rg-hk01-sea-p-transit01-vcsr01/providers/microsoft.storage/storageaccounts/sahk01seaptransit01vcsr0/fileservices/default";"";"";"";"";"";"";;"";"";"";;"";"2022-10-20T17:26:46.783743Z"
"f486ca19-3cb9-4345-8639-7ccfe1fe149a";"2022-10-20T09:26:42.9831847Z";"sahk01seaptransit01vcsr0";"Southeast Asia";"HTTPS";"GetBlobServiceProperties";"OAuth";"200";"Success";"236";"235";"https://sahk01seaptransit01vcsr0.blob.core.windows.net:443/?restype=service&comp=properties";"13.59.164.228";"cf3a9860-a01e-0048-3a66-e4f3a5000000";"1.0";"2019-02-02";"937A9480D5E329BC6882F5AD7AF2536A3A2B17593B3CDB60C9494B7A294A78C1";"7b2a25d5-d598-40d4-9611-14db744d48d5";"7f2c1900-9fd4-4b89-91d3-79a649996f0a";"2ffc37fb-4740-46ff-9469-361af346101a";"https://storage.azure.com/";"https://sts.windows.net/7f2c1900-9fd4-4b89-91d3-79a649996f0a/";"";"[{""action"":""Microsoft.Storage/storageAccounts/blobServices/read"",""roleAssignmentId"":""242b4a4b-b989-4d83-b3b1-4cdabfb40a8f"",""roleDefinitionId"":""17d1049b-9a84-46fb-8f53-869881c3d3ab"",""type"":""RBAC"",""principals"":[{""id"":""7b2a25d5-d598-40d4-9611-14db744d48d5"",""type"":""ServicePrincipal""}],""denyAssignmentId"":"""",""result"":""Granted"",""reason"":""Policy""}]";"Apache-HttpClient/4.5.13 (Java/11.0.15)";"";"";"";"blob";;"1625";;"152";"712";"";"";;"";;"StorageRead";"TLS 1.2";"";"Azure";"StorageBlobLogs";"/subscriptions/9b491dd6-598e-498c-98a0-d3bbd2290821/resourcegroups/rg-hk01-sea-p-transit01-vcsr01/providers/microsoft.storage/storageaccounts/sahk01seaptransit01vcsr0/blobservices/default";"";"";"";"";"";"";;"";"";"";;"";"2022-10-20T17:26:42.9831847Z"
"f486ca19-3cb9-4345-8639-7ccfe1fe149a";"2022-10-20T06:25:03.0108549Z";"sahk01seaptransit01vcsr0";"Southeast Asia";"HTTPS";"ListContainers";"OAuth";"200";"Success";"10";"10";"https://sahk01seaptransit01vcsr0.blob.core.windows.net:443/?comp=list";"18.221.72.80";"3647357e-201e-0046-764c-e4da15000000";"1.0";"2019-02-02";"6326785512D4EC6227DDBD8CC6E29213C35E78403C2FC82B7740654AED7AC3A6";"7b2a25d5-d598-40d4-9611-14db744d48d5";"7f2c1900-9fd4-4b89-91d3-79a649996f0a";"2ffc37fb-4740-46ff-9469-361af346101a";"https://storage.azure.com/";"https://sts.windows.net/7f2c1900-9fd4-4b89-91d3-79a649996f0a/";"";"[{""action"":""Microsoft.Storage/storageAccounts/blobServices/containers/read"",""roleAssignmentId"":""242b4a4b-b989-4d83-b3b1-4cdabfb40a8f"",""roleDefinitionId"":""17d1049b-9a84-46fb-8f53-869881c3d3ab"",""type"":""RBAC"",""principals"":[{""id"":""7b2a25d5-d598-40d4-9611-14db744d48d5"",""type"":""ServicePrincipal""}],""denyAssignmentId"":"""",""result"":""Granted"",""reason"":""Policy""}]";"Apache-HttpClient/4.5.13 (Java/11.0.15)";"";"";"";"blob";;"1603";;"152";"1713";"";"";;"";;"StorageRead";"TLS 1.2";"";"Azure";"StorageBlobLogs";"/subscriptions/9b491dd6-598e-498c-98a0-d3bbd2290821/resourcegroups/rg-hk01-sea-p-transit01-vcsr01/providers/microsoft.storage/storageaccounts/sahk01seaptransit01vcsr0/blobservices/default";"";"";"";"";"";"";;"";"";"";;"";"2022-10-20T14:25:03.0108549Z"
"f486ca19-3cb9-4345-8639-7ccfe1fe149a";"2022-10-20T06:24:57.9812895Z";"sahk01seaptransit01vcsr0";"Southeast Asia";"HTTPS";"GetBlobServiceProperties";"OAuth";"200";"Success";"112";"112";"https://sahk01seaptransit01vcsr0.blob.core.windows.net:443/?restype=service&comp=properties";"18.221.72.80";"36472ba5-201e-0046-6a4c-e4da15000000";"1.0";"2019-02-02";"6326785512D4EC6227DDBD8CC6E29213C35E78403C2FC82B7740654AED7AC3A6";"7b2a25d5-d598-40d4-9611-14db744d48d5";"7f2c1900-9fd4-4b89-91d3-79a649996f0a";"2ffc37fb-4740-46ff-9469-361af346101a";"https://storage.azure.com/";"https://sts.windows.net/7f2c1900-9fd4-4b89-91d3-79a649996f0a/";"";"[{""action"":""Microsoft.Storage/storageAccounts/blobServices/read"",""roleAssignmentId"":""242b4a4b-b989-4d83-b3b1-4cdabfb40a8f"",""roleDefinitionId"":""17d1049b-9a84-46fb-8f53-869881c3d3ab"",""type"":""RBAC"",""principals"":[{""id"":""7b2a25d5-d598-40d4-9611-14db744d48d5"",""type"":""ServicePrincipal""}],""denyAssignmentId"":"""",""result"":""Granted"",""reason"":""Policy""}]";"Apache-HttpClient/4.5.13 (Java/11.0.15)";"";"";"";"blob";;"1625";;"152";"712";"";"";;"";;"StorageRead";"TLS 1.2";"";"Azure";"StorageBlobLogs";"/subscriptions/9b491dd6-598e-498c-98a0-d3bbd2290821/resourcegroups/rg-hk01-sea-p-transit01-vcsr01/providers/microsoft.storage/storageaccounts/sahk01seaptransit01vcsr0/blobservices/default";"";"";"";"";"";"";;"";"";"";;"";"2022-10-20T14:24:57.9812895Z"
"f486ca19-3cb9-4345-8639-7ccfe1fe149a";"2022-10-19T09:25:36.3694294Z";"sahk01seaptransit01vcsr0";"Southeast Asia";"HTTPS";"ListContainers";"OAuth";"200";"Success";"10";"10";"https://sahk01seaptransit01vcsr0.blob.core.windows.net:443/?comp=list";"18.221.72.80";"a72c399f-201e-0056-6f9c-e31f7d000000";"1.0";"2019-02-02";"5CBA1A88ADD9F8A8E74D5C20E07F8E3BFACB97BDEAC3703A952D04975F8BDCE6";"7b2a25d5-d598-40d4-9611-14db744d48d5";"7f2c1900-9fd4-4b89-91d3-79a649996f0a";"2ffc37fb-4740-46ff-9469-361af346101a";"https://storage.azure.com/";"https://sts.windows.net/7f2c1900-9fd4-4b89-91d3-79a649996f0a/";"";"[{""action"":""Microsoft.Storage/storageAccounts/blobServices/containers/read"",""roleAssignmentId"":""242b4a4b-b989-4d83-b3b1-4cdabfb40a8f"",""roleDefinitionId"":""17d1049b-9a84-46fb-8f53-869881c3d3ab"",""type"":""RBAC"",""principals"":[{""id"":""7b2a25d5-d598-40d4-9611-14db744d48d5"",""type"":""ServicePrincipal""}],""denyAssignmentId"":"""",""result"":""Granted"",""reason"":""Policy""}]";"Apache-HttpClient/4.5.13 (Java/11.0.15)";"";"";"";"blob";;"1603";;"152";"1713";"";"";;"";;"StorageRead";"TLS 1.2";"";"Azure";"StorageBlobLogs";"/subscriptions/9b491dd6-598e-498c-98a0-d3bbd2290821/resourcegroups/rg-hk01-sea-p-transit01-vcsr01/providers/microsoft.storage/storageaccounts/sahk01seaptransit01vcsr0/blobservices/default";"";"";"";"";"";"";;"";"";"";;"";"2022-10-19T17:25:36.3694294Z"
"f486ca19-3cb9-4345-8639-7ccfe1fe149a";"2022-10-19T09:25:36.1209223Z";"sahk01seaptransit01vcsr0";"Southeast Asia";"HTTPS";"GetFileServiceProperties";"AccountKey";"200";"Success";"8";"8";"https://sahk01seaptransit01vcsr0.file.core.windows.net:443/?restype=service&comp=properties";"18.221.72.80";"4b6c6cb1-701a-0029-1d9c-e3d0e6000000";"1.0";"2017-04-17";"key1(91E21A6C9C383A53A0AFCECEBD537FC238D6FEEF873634624B206B4A4D7A69AF)";"";"";"";"";"";"";;"Azure-Storage/6.1.0 (JavaJRE 11.0.15; Linux 5.15.59-33.133.amzn2.x86_64)";"";"924299fd-a99b-4462-98c8-c67af6d0f001";"";"file";;"510";;"152";"413";"";"";;"";;"StorageRead";"TLS 1.2";"";"Azure";"StorageFileLogs";"/subscriptions/9b491dd6-598e-498c-98a0-d3bbd2290821/resourcegroups/rg-hk01-sea-p-transit01-vcsr01/providers/microsoft.storage/storageaccounts/sahk01seaptransit01vcsr0/fileservices/default";"";"";"";"";"";"";;"";"";"";;"";"2022-10-19T17:25:36.1209223Z"
"f486ca19-3cb9-4345-8639-7ccfe1fe149a";"2022-10-19T09:25:32.0643232Z";"sahk01seaptransit01vcsr0";"Southeast Asia";"HTTPS";"GetBlobServiceProperties";"OAuth";"200";"Success";"106";"106";"https://sahk01seaptransit01vcsr0.blob.core.windows.net:443/?restype=service&comp=properties";"18.221.72.80";"a72c275f-201e-0056-459c-e31f7d000000";"1.0";"2019-02-02";"5CBA1A88ADD9F8A8E74D5C20E07F8E3BFACB97BDEAC3703A952D04975F8BDCE6";"7b2a25d5-d598-40d4-9611-14db744d48d5";"7f2c1900-9fd4-4b89-91d3-79a649996f0a";"2ffc37fb-4740-46ff-9469-361af346101a";"https://storage.azure.com/";"https://sts.windows.net/7f2c1900-9fd4-4b89-91d3-79a649996f0a/";"";"[{""action"":""Microsoft.Storage/storageAccounts/blobServices/read"",""roleAssignmentId"":""242b4a4b-b989-4d83-b3b1-4cdabfb40a8f"",""roleDefinitionId"":""17d1049b-9a84-46fb-8f53-869881c3d3ab"",""type"":""RBAC"",""principals"":[{""id"":""7b2a25d5-d598-40d4-9611-14db744d48d5"",""type"":""ServicePrincipal""}],""denyAssignmentId"":"""",""result"":""Granted"",""reason"":""Policy""}]";"Apache-HttpClient/4.5.13 (Java/11.0.15)";"";"";"";"blob";;"1625";;"152";"712";"";"";;"";;"StorageRead";"TLS 1.2";"";"Azure";"StorageBlobLogs";"/subscriptions/9b491dd6-598e-498c-98a0-d3bbd2290821/resourcegroups/rg-hk01-sea-p-transit01-vcsr01/providers/microsoft.storage/storageaccounts/sahk01seaptransit01vcsr0/blobservices/default";"";"";"";"";"";"";;"";"";"";;"";"2022-10-19T17:25:32.0643232Z"
"f486ca19-3cb9-4345-8639-7ccfe1fe149a";"2022-10-18T07:24:01.7383828Z";"sahk01seaptransit01vcsr0";"Southeast Asia";"HTTPS";"ListContainers";"OAuth";"200";"Success";"10";"10";"https://sahk01seaptransit01vcsr0.blob.core.windows.net:443/?comp=list";"18.221.72.80";"1f0a3660-b01e-006b-2dc2-e26966000000";"1.0";"2019-02-02";"9249A05683C5412C435A6B106EEE238AD4117C70FDD4AB8107C79519C138463C";"7b2a25d5-d598-40d4-9611-14db744d48d5";"7f2c1900-9fd4-4b89-91d3-79a649996f0a";"2ffc37fb-4740-46ff-9469-361af346101a";"https://storage.azure.com/";"https://sts.windows.net/7f2c1900-9fd4-4b89-91d3-79a649996f0a/";"";"[{""action"":""Microsoft.Storage/storageAccounts/blobServices/containers/read"",""roleAssignmentId"":""242b4a4b-b989-4d83-b3b1-4cdabfb40a8f"",""roleDefinitionId"":""17d1049b-9a84-46fb-8f53-869881c3d3ab"",""type"":""RBAC"",""principals"":[{""id"":""7b2a25d5-d598-40d4-9611-14db744d48d5"",""type"":""ServicePrincipal""}],""denyAssignmentId"":"""",""result"":""Granted"",""reason"":""Policy""}]";"Apache-HttpClient/4.5.13 (Java/11.0.15)";"";"";"";"blob";;"1603";;"152";"1713";"";"";;"";;"StorageRead";"TLS 1.2";"";"Azure";"StorageBlobLogs";"/subscriptions/9b491dd6-598e-498c-98a0-d3bbd2290821/resourcegroups/rg-hk01-sea-p-transit01-vcsr01/providers/microsoft.storage/storageaccounts/sahk01seaptransit01vcsr0/blobservices/default";"";"";"";"";"";"";;"";"";"";;"";"2022-10-18T15:24:01.7383828Z"
"f486ca19-3cb9-4345-8639-7ccfe1fe149a";"2022-10-18T07:24:01.4881284Z";"sahk01seaptransit01vcsr0";"Southeast Asia";"HTTPS";"GetFileServiceProperties";"AccountKey";"200";"Success";"5";"5";"https://sahk01seaptransit01vcsr0.file.core.windows.net:443/?restype=service&comp=properties";"18.221.72.80";"039ee7b7-c01a-003c-4cc2-e2c755000000";"1.0";"2017-04-17";"key1(91E21A6C9C383A53A0AFCECEBD537FC238D6FEEF873634624B206B4A4D7A69AF)";"";"";"";"";"";"";;"Azure-Storage/6.1.0 (JavaJRE 11.0.15; Linux 5.15.59-33.133.amzn2.x86_64)";"";"051b0f8d-d7f8-434d-872f-d8aac10d8496";"";"file";;"510";;"152";"413";"";"";;"";;"StorageRead";"TLS 1.2";"";"Azure";"StorageFileLogs";"/subscriptions/9b491dd6-598e-498c-98a0-d3bbd2290821/resourcegroups/rg-hk01-sea-p-transit01-vcsr01/providers/microsoft.storage/storageaccounts/sahk01seaptransit01vcsr0/fileservices/default";"";"";"";"";"";"";;"";"";"";;"";"2022-10-18T15:24:01.4881284Z"
"f486ca19-3cb9-4345-8639-7ccfe1fe149a";"2022-10-18T07:23:57.1047475Z";"sahk01seaptransit01vcsr0";"Southeast Asia";"HTTPS";"GetBlobServiceProperties";"OAuth";"200";"Success";"169";"169";"https://sahk01seaptransit01vcsr0.blob.core.windows.net:443/?restype=service&comp=properties";"18.221.72.80";"1f0a2239-b01e-006b-6dc2-e26966000000";"1.0";"2019-02-02";"9249A05683C5412C435A6B106EEE238AD4117C70FDD4AB8107C79519C138463C";"7b2a25d5-d598-40d4-9611-14db744d48d5";"7f2c1900-9fd4-4b89-91d3-79a649996f0a";"2ffc37fb-4740-46ff-9469-361af346101a";"https://storage.azure.com/";"https://sts.windows.net/7f2c1900-9fd4-4b89-91d3-79a649996f0a/";"";"[{""action"":""Microsoft.Storage/storageAccounts/blobServices/read"",""roleAssignmentId"":""242b4a4b-b989-4d83-b3b1-4cdabfb40a8f"",""roleDefinitionId"":""17d1049b-9a84-46fb-8f53-869881c3d3ab"",""type"":""RBAC"",""principals"":[{""id"":""7b2a25d5-d598-40d4-9611-14db744d48d5"",""type"":""ServicePrincipal""}],""denyAssignmentId"":"""",""result"":""Granted"",""reason"":""Policy""}]";"Apache-HttpClient/4.5.13 (Java/11.0.15)";"";"";"";"blob";;"1625";;"152";"712";"";"";;"";;"StorageRead";"TLS 1.2";"";"Azure";"StorageBlobLogs";"/subscriptions/9b491dd6-598e-498c-98a0-d3bbd2290821/resourcegroups/rg-hk01-sea-p-transit01-vcsr01/providers/microsoft.storage/storageaccounts/sahk01seaptransit01vcsr0/blobservices/default";"";"";"";"";"";"";;"";"";"";;"";"2022-10-18T15:23:57.1047475Z"
"f486ca19-3cb9-4345-8639-7ccfe1fe149a";"2022-10-16T07:17:19.5075073Z";"sahk01seaptransit01vcsr0";"Southeast Asia";"HTTPS";"ListContainers";"OAuth";"200";"Success";"6";"5";"https://sahk01seaptransit01vcsr0.blob.core.windows.net:443/?comp=list";"13.59.164.228";"07e78b35-201e-0046-0c2f-e1da15000000";"1.0";"2019-02-02";"683A6B240864660B99068F69AF76A62CD2D4D37BA9241ADE83BD4E60597A290F";"7b2a25d5-d598-40d4-9611-14db744d48d5";"7f2c1900-9fd4-4b89-91d3-79a649996f0a";"2ffc37fb-4740-46ff-9469-361af346101a";"https://storage.azure.com/";"https://sts.windows.net/7f2c1900-9fd4-4b89-91d3-79a649996f0a/";"";"[{""action"":""Microsoft.Storage/storageAccounts/blobServices/containers/read"",""roleAssignmentId"":""242b4a4b-b989-4d83-b3b1-4cdabfb40a8f"",""roleDefinitionId"":""17d1049b-9a84-46fb-8f53-869881c3d3ab"",""type"":""RBAC"",""principals"":[{""id"":""7b2a25d5-d598-40d4-9611-14db744d48d5"",""type"":""ServicePrincipal""}],""denyAssignmentId"":"""",""result"":""Granted"",""reason"":""Policy""}]";"Apache-HttpClient/4.5.13 (Java/11.0.15)";"";"";"";"blob";;"1603";;"152";"1713";"";"";;"";;"StorageRead";"TLS 1.2";"";"Azure";"StorageBlobLogs";"/subscriptions/9b491dd6-598e-498c-98a0-d3bbd2290821/resourcegroups/rg-hk01-sea-p-transit01-vcsr01/providers/microsoft.storage/storageaccounts/sahk01seaptransit01vcsr0/blobservices/default";"";"";"";"";"";"";;"";"";"";;"";"2022-10-16T15:17:19.5075073Z"
"f486ca19-3cb9-4345-8639-7ccfe1fe149a";"2022-10-16T07:17:19.2634756Z";"sahk01seaptransit01vcsr0";"Southeast Asia";"HTTPS";"GetFileServiceProperties";"AccountKey";"200";"Success";"10";"10";"https://sahk01seaptransit01vcsr0.file.core.windows.net:443/?restype=service&comp=properties";"13.59.164.228";"30c69aa7-801a-0002-632f-e1502a000000";"1.0";"2017-04-17";"key1(91E21A6C9C383A53A0AFCECEBD537FC238D6FEEF873634624B206B4A4D7A69AF)";"";"";"";"";"";"";;"Azure-Storage/6.1.0 (JavaJRE 11.0.15; Linux 5.15.59-33.133.amzn2.x86_64)";"";"d56f4a2a-bdca-4163-877b-8f401092fc68";"";"file";;"510";;"152";"413";"";"";;"";;"StorageRead";"TLS 1.2";"";"Azure";"StorageFileLogs";"/subscriptions/9b491dd6-598e-498c-98a0-d3bbd2290821/resourcegroups/rg-hk01-sea-p-transit01-vcsr01/providers/microsoft.storage/storageaccounts/sahk01seaptransit01vcsr0/fileservices/default";"";"";"";"";"";"";;"";"";"";;"";"2022-10-16T15:17:19.2634756Z"
"f486ca19-3cb9-4345-8639-7ccfe1fe149a";"2022-10-16T07:17:16.0759236Z";"sahk01seaptransit01vcsr0";"Southeast Asia";"HTTPS";"GetBlobServiceProperties";"OAuth";"200";"Success";"70";"70";"https://sahk01seaptransit01vcsr0.blob.core.windows.net:443/?restype=service&comp=properties";"13.59.164.228";"07e7874e-201e-0046-762f-e1da15000000";"1.0";"2019-02-02";"683A6B240864660B99068F69AF76A62CD2D4D37BA9241ADE83BD4E60597A290F";"7b2a25d5-d598-40d4-9611-14db744d48d5";"7f2c1900-9fd4-4b89-91d3-79a649996f0a";"2ffc37fb-4740-46ff-9469-361af346101a";"https://storage.azure.com/";"https://sts.windows.net/7f2c1900-9fd4-4b89-91d3-79a649996f0a/";"";"[{""action"":""Microsoft.Storage/storageAccounts/blobServices/read"",""roleAssignmentId"":""242b4a4b-b989-4d83-b3b1-4cdabfb40a8f"",""roleDefinitionId"":""17d1049b-9a84-46fb-8f53-869881c3d3ab"",""type"":""RBAC"",""principals"":[{""id"":""7b2a25d5-d598-40d4-9611-14db744d48d5"",""type"":""ServicePrincipal""}],""denyAssignmentId"":"""",""result"":""Granted"",""reason"":""Policy""}]";"Apache-HttpClient/4.5.13 (Java/11.0.15)";"";"";"";"blob";;"1625";;"152";"712";"";"";;"";;"StorageRead";"TLS 1.2";"";"Azure";"StorageBlobLogs";"/subscriptions/9b491dd6-598e-498c-98a0-d3bbd2290821/resourcegroups/rg-hk01-sea-p-transit01-vcsr01/providers/microsoft.storage/storageaccounts/sahk01seaptransit01vcsr0/blobservices/default";"";"";"";"";"";"";;"";"";"";;"";"2022-10-16T15:17:16.0759236Z"
"f486ca19-3cb9-4345-8639-7ccfe1fe149a";"2022-10-15T08:10:47.6059431Z";"sahk01seaptransit01vcsr0";"Southeast Asia";"HTTPS";"ListContainers";"OAuth";"200";"Success";"7";"7";"https://sahk01seaptransit01vcsr0.blob.core.windows.net:443/?comp=list";"18.221.72.80";"a3b6040f-301e-0038-5d6d-e04a52000000";"1.0";"2019-02-02";"A284CFF2D1DC39E4DD4128F47425FCA200A68CBB02BD67858980E36AD0377404";"7b2a25d5-d598-40d4-9611-14db744d48d5";"7f2c1900-9fd4-4b89-91d3-79a649996f0a";"2ffc37fb-4740-46ff-9469-361af346101a";"https://storage.azure.com/";"https://sts.windows.net/7f2c1900-9fd4-4b89-91d3-79a649996f0a/";"";"[{""action"":""Microsoft.Storage/storageAccounts/blobServices/containers/read"",""roleAssignmentId"":""242b4a4b-b989-4d83-b3b1-4cdabfb40a8f"",""roleDefinitionId"":""17d1049b-9a84-46fb-8f53-869881c3d3ab"",""type"":""RBAC"",""principals"":[{""id"":""7b2a25d5-d598-40d4-9611-14db744d48d5"",""type"":""ServicePrincipal""}],""denyAssignmentId"":"""",""result"":""Granted"",""reason"":""Policy""}]";"Apache-HttpClient/4.5.13 (Java/11.0.15)";"";"";"";"blob";;"1603";;"152";"1713";"";"";;"";;"StorageRead";"TLS 1.2";"";"Azure";"StorageBlobLogs";"/subscriptions/9b491dd6-598e-498c-98a0-d3bbd2290821/resourcegroups/rg-hk01-sea-p-transit01-vcsr01/providers/microsoft.storage/storageaccounts/sahk01seaptransit01vcsr0/blobservices/default";"";"";"";"";"";"";;"";"";"";;"";"2022-10-15T16:10:47.6059431Z"
"f486ca19-3cb9-4345-8639-7ccfe1fe149a";"2022-10-15T08:10:47.3580038Z";"sahk01seaptransit01vcsr0";"Southeast Asia";"HTTPS";"GetFileServiceProperties";"AccountKey";"200";"Success";"7";"7";"https://sahk01seaptransit01vcsr0.file.core.windows.net:443/?restype=service&comp=properties";"18.221.72.80";"b256969f-101a-004d-136d-e0217e000000";"1.0";"2017-04-17";"key1(91E21A6C9C383A53A0AFCECEBD537FC238D6FEEF873634624B206B4A4D7A69AF)";"";"";"";"";"";"";;"Azure-Storage/6.1.0 (JavaJRE 11.0.15; Linux 5.15.59-33.133.amzn2.x86_64)";"";"85c2279d-5b4b-4d43-b51c-bb0b55963b92";"";"file";;"510";;"152";"413";"";"";;"";;"StorageRead";"TLS 1.2";"";"Azure";"StorageFileLogs";"/subscriptions/9b491dd6-598e-498c-98a0-d3bbd2290821/resourcegroups/rg-hk01-sea-p-transit01-vcsr01/providers/microsoft.storage/storageaccounts/sahk01seaptransit01vcsr0/fileservices/default";"";"";"";"";"";"";;"";"";"";;"";"2022-10-15T16:10:47.3580038Z"
"f486ca19-3cb9-4345-8639-7ccfe1fe149a";"2022-10-15T08:10:43.6707415Z";"sahk01seaptransit01vcsr0";"Southeast Asia";"HTTPS";"GetBlobServiceProperties";"OAuth";"200";"Success";"119";"119";"https://sahk01seaptransit01vcsr0.blob.core.windows.net:443/?restype=service&comp=properties";"18.221.72.80";"a3b5fcc7-301e-0038-686d-e04a52000000";"1.0";"2019-02-02";"A284CFF2D1DC39E4DD4128F47425FCA200A68CBB02BD67858980E36AD0377404";"7b2a25d5-d598-40d4-9611-14db744d48d5";"7f2c1900-9fd4-4b89-91d3-79a649996f0a";"2ffc37fb-4740-46ff-9469-361af346101a";"https://storage.azure.com/";"https://sts.windows.net/7f2c1900-9fd4-4b89-91d3-79a649996f0a/";"";"[{""action"":""Microsoft.Storage/storageAccounts/blobServices/read"",""roleAssignmentId"":""242b4a4b-b989-4d83-b3b1-4cdabfb40a8f"",""roleDefinitionId"":""17d1049b-9a84-46fb-8f53-869881c3d3ab"",""type"":""RBAC"",""principals"":[{""id"":""7b2a25d5-d598-40d4-9611-14db744d48d5"",""type"":""ServicePrincipal""}],""denyAssignmentId"":"""",""result"":""Granted"",""reason"":""Policy""}]";"Apache-HttpClient/4.5.13 (Java/11.0.15)";"";"";"";"blob";;"1625";;"152";"712";"";"";;"";;"StorageRead";"TLS 1.2";"";"Azure";"StorageBlobLogs";"/subscriptions/9b491dd6-598e-498c-98a0-d3bbd2290821/resourcegroups/rg-hk01-sea-p-transit01-vcsr01/providers/microsoft.storage/storageaccounts/sahk01seaptransit01vcsr0/blobservices/default";"";"";"";"";"";"";;"";"";"";;"";"2022-10-15T16:10:43.6707415Z"
"f486ca19-3cb9-4345-8639-7ccfe1fe149a";"2022-10-14T08:12:04.0972016Z";"sahk01seaptransit01vcsr0";"Southeast Asia";"HTTPS";"ListContainers";"OAuth";"200";"Success";"9";"9";"https://sahk01seaptransit01vcsr0.blob.core.windows.net:443/?comp=list";"18.221.72.80";"e88631c9-d01e-001f-13a4-df5d96000000";"1.0";"2019-02-02";"0D3FC78254BB1AD67FE5EE70C9541E830C4574F8BB3EFE324FECF67CDDE0D6CE";"7b2a25d5-d598-40d4-9611-14db744d48d5";"7f2c1900-9fd4-4b89-91d3-79a649996f0a";"2ffc37fb-4740-46ff-9469-361af346101a";"https://storage.azure.com/";"https://sts.windows.net/7f2c1900-9fd4-4b89-91d3-79a649996f0a/";"";"[{""action"":""Microsoft.Storage/storageAccounts/blobServices/containers/read"",""roleAssignmentId"":""242b4a4b-b989-4d83-b3b1-4cdabfb40a8f"",""roleDefinitionId"":""17d1049b-9a84-46fb-8f53-869881c3d3ab"",""type"":""RBAC"",""principals"":[{""id"":""7b2a25d5-d598-40d4-9611-14db744d48d5"",""type"":""ServicePrincipal""}],""denyAssignmentId"":"""",""result"":""Granted"",""reason"":""Policy""}]";"Apache-HttpClient/4.5.13 (Java/11.0.15)";"";"";"";"blob";;"1603";;"152";"1713";"";"";;"";;"StorageRead";"TLS 1.2";"";"Azure";"StorageBlobLogs";"/subscriptions/9b491dd6-598e-498c-98a0-d3bbd2290821/resourcegroups/rg-hk01-sea-p-transit01-vcsr01/providers/microsoft.storage/storageaccounts/sahk01seaptransit01vcsr0/blobservices/default";"";"";"";"";"";"";;"";"";"";;"";"2022-10-14T16:12:04.0972016Z"
"f486ca19-3cb9-4345-8639-7ccfe1fe149a";"2022-10-14T08:12:03.8557668Z";"sahk01seaptransit01vcsr0";"Southeast Asia";"HTTPS";"GetFileServiceProperties";"AccountKey";"200";"Success";"11";"11";"https://sahk01seaptransit01vcsr0.file.core.windows.net:443/?restype=service&comp=properties";"18.221.72.80";"72e0f9f3-a01a-0048-50a4-dff3a5000000";"1.0";"2017-04-17";"key1(91E21A6C9C383A53A0AFCECEBD537FC238D6FEEF873634624B206B4A4D7A69AF)";"";"";"";"";"";"";;"Azure-Storage/6.1.0 (JavaJRE 11.0.15; Linux 5.15.59-33.133.amzn2.x86_64)";"";"5974d7f5-7e0c-4db2-9c47-0814aee3fc16";"";"file";;"510";;"152";"413";"";"";;"";;"StorageRead";"TLS 1.2";"";"Azure";"StorageFileLogs";"/subscriptions/9b491dd6-598e-498c-98a0-d3bbd2290821/resourcegroups/rg-hk01-sea-p-transit01-vcsr01/providers/microsoft.storage/storageaccounts/sahk01seaptransit01vcsr0/fileservices/default";"";"";"";"";"";"";;"";"";"";;"";"2022-10-14T16:12:03.8557668Z"
"f486ca19-3cb9-4345-8639-7ccfe1fe149a";"2022-10-14T08:12:00.4237905Z";"sahk01seaptransit01vcsr0";"Southeast Asia";"HTTPS";"GetBlobServiceProperties";"OAuth";"200";"Success";"110";"110";"https://sahk01seaptransit01vcsr0.blob.core.windows.net:443/?restype=service&comp=properties";"18.221.72.80";"e8862876-d01e-001f-73a4-df5d96000000";"1.0";"2019-02-02";"0D3FC78254BB1AD67FE5EE70C9541E830C4574F8BB3EFE324FECF67CDDE0D6CE";"7b2a25d5-d598-40d4-9611-14db744d48d5";"7f2c1900-9fd4-4b89-91d3-79a649996f0a";"2ffc37fb-4740-46ff-9469-361af346101a";"https://storage.azure.com/";"https://sts.windows.net/7f2c1900-9fd4-4b89-91d3-79a649996f0a/";"";"[{""action"":""Microsoft.Storage/storageAccounts/blobServices/read"",""roleAssignmentId"":""242b4a4b-b989-4d83-b3b1-4cdabfb40a8f"",""roleDefinitionId"":""17d1049b-9a84-46fb-8f53-869881c3d3ab"",""type"":""RBAC"",""principals"":[{""id"":""7b2a25d5-d598-40d4-9611-14db744d48d5"",""type"":""ServicePrincipal""}],""denyAssignmentId"":"""",""result"":""Granted"",""reason"":""Policy""}]";"Apache-HttpClient/4.5.13 (Java/11.0.15)";"";"";"";"blob";;"1625";;"152";"712";"";"";;"";;"StorageRead";"TLS 1.2";"";"Azure";"StorageBlobLogs";"/subscriptions/9b491dd6-598e-498c-98a0-d3bbd2290821/resourcegroups/rg-hk01-sea-p-transit01-vcsr01/providers/microsoft.storage/storageaccounts/sahk01seaptransit01vcsr0/blobservices/default";"";"";"";"";"";"";;"";"";"";;"";"2022-10-14T16:12:00.4237905Z"
"f486ca19-3cb9-4345-8639-7ccfe1fe149a";"2022-10-13T06:57:27.7775522Z";"sahk01seaptransit01vcsr0";"Southeast Asia";"HTTPS";"ListContainers";"OAuth";"200";"Success";"9";"9";"https://sahk01seaptransit01vcsr0.blob.core.windows.net:443/?comp=list";"18.191.115.70";"56c8f843-d01e-0030-0fd1-de505d000000";"1.0";"2019-02-02";"F48F8662D7F8B40B0D93020FB55A5731DC04FD5C8AF1EAB9145E57760F70100D";"7b2a25d5-d598-40d4-9611-14db744d48d5";"7f2c1900-9fd4-4b89-91d3-79a649996f0a";"2ffc37fb-4740-46ff-9469-361af346101a";"https://storage.azure.com/";"https://sts.windows.net/7f2c1900-9fd4-4b89-91d3-79a649996f0a/";"";"[{""action"":""Microsoft.Storage/storageAccounts/blobServices/containers/read"",""roleAssignmentId"":""242b4a4b-b989-4d83-b3b1-4cdabfb40a8f"",""roleDefinitionId"":""17d1049b-9a84-46fb-8f53-869881c3d3ab"",""principals"":[{""type"":""ServicePrincipal"",""id"":""7b2a25d5-d598-40d4-9611-14db744d48d5""}],""denyAssignmentId"":"""",""type"":""RBAC"",""result"":""Granted"",""reason"":""Policy""}]";"Apache-HttpClient/4.5.13 (Java/11.0.15)";"";"";"";"blob";;"1603";;"152";"1713";"";"";;"";;"StorageRead";"TLS 1.2";"";"Azure";"StorageBlobLogs";"/subscriptions/9b491dd6-598e-498c-98a0-d3bbd2290821/resourcegroups/rg-hk01-sea-p-transit01-vcsr01/providers/microsoft.storage/storageaccounts/sahk01seaptransit01vcsr0/blobservices/default";"";"";"";"";"";"";;"";"";"";;"";"2022-10-13T14:57:27.7775522Z"
"f486ca19-3cb9-4345-8639-7ccfe1fe149a";"2022-10-13T06:57:27.5339837Z";"sahk01seaptransit01vcsr0";"Southeast Asia";"HTTPS";"GetFileServiceProperties";"AccountKey";"200";"Success";"14";"14";"https://sahk01seaptransit01vcsr0.file.core.windows.net:443/?restype=service&comp=properties";"18.191.115.70";"161b36cb-b01a-0044-1fd1-de64ad000000";"1.0";"2017-04-17";"key1(91E21A6C9C383A53A0AFCECEBD537FC238D6FEEF873634624B206B4A4D7A69AF)";"";"";"";"";"";"";;"Azure-Storage/6.1.0 (JavaJRE 11.0.15; Linux 5.4.204-113.362.amzn2.x86_64)";"";"86027d0f-78fe-4747-98d3-8c0da7274bcb";"";"file";;"511";;"152";"413";"";"";;"";;"StorageRead";"TLS 1.2";"";"Azure";"StorageFileLogs";"/subscriptions/9b491dd6-598e-498c-98a0-d3bbd2290821/resourcegroups/rg-hk01-sea-p-transit01-vcsr01/providers/microsoft.storage/storageaccounts/sahk01seaptransit01vcsr0/fileservices/default";"";"";"";"";"";"";;"";"";"";;"";"2022-10-13T14:57:27.5339837Z"
"f486ca19-3cb9-4345-8639-7ccfe1fe149a";"2022-10-13T06:57:23.999509Z";"sahk01seaptransit01vcsr0";"Southeast Asia";"HTTPS";"GetBlobServiceProperties";"OAuth";"200";"Success";"135";"135";"https://sahk01seaptransit01vcsr0.blob.core.windows.net:443/?restype=service&comp=properties";"18.191.115.70";"56c8e9c8-d01e-0030-1ad1-de505d000000";"1.0";"2019-02-02";"F48F8662D7F8B40B0D93020FB55A5731DC04FD5C8AF1EAB9145E57760F70100D";"7b2a25d5-d598-40d4-9611-14db744d48d5";"7f2c1900-9fd4-4b89-91d3-79a649996f0a";"2ffc37fb-4740-46ff-9469-361af346101a";"https://storage.azure.com/";"https://sts.windows.net/7f2c1900-9fd4-4b89-91d3-79a649996f0a/";"";"[{""action"":""Microsoft.Storage/storageAccounts/blobServices/read"",""roleAssignmentId"":""242b4a4b-b989-4d83-b3b1-4cdabfb40a8f"",""roleDefinitionId"":""17d1049b-9a84-46fb-8f53-869881c3d3ab"",""principals"":[{""type"":""ServicePrincipal"",""id"":""7b2a25d5-d598-40d4-9611-14db744d48d5""}],""denyAssignmentId"":"""",""type"":""RBAC"",""result"":""Granted"",""reason"":""Policy""}]";"Apache-HttpClient/4.5.13 (Java/11.0.15)";"";"";"";"blob";;"1625";;"152";"712";"";"";;"";;"StorageRead";"TLS 1.2";"";"Azure";"StorageBlobLogs";"/subscriptions/9b491dd6-598e-498c-98a0-d3bbd2290821/resourcegroups/rg-hk01-sea-p-transit01-vcsr01/providers/microsoft.storage/storageaccounts/sahk01seaptransit01vcsr0/blobservices/default";"";"";"";"";"";"";;"";"";"";;"";"2022-10-13T14:57:23.999509Z"
"f486ca19-3cb9-4345-8639-7ccfe1fe149a";"2022-10-12T06:25:44.3714005Z";"sahk01seaptransit01vcsr0";"Southeast Asia";"HTTPS";"ListContainers";"OAuth";"200";"Success";"15";"15";"https://sahk01seaptransit01vcsr0.blob.core.windows.net:443/?comp=list";"18.191.115.70";"8087219f-001e-0023-0203-de7451000000";"1.0";"2019-02-02";"D2D002ED71EF55C013A57EAE1DF347FED399ED9327DA9119C0A70B673C748F07";"7b2a25d5-d598-40d4-9611-14db744d48d5";"7f2c1900-9fd4-4b89-91d3-79a649996f0a";"2ffc37fb-4740-46ff-9469-361af346101a";"https://storage.azure.com/";"https://sts.windows.net/7f2c1900-9fd4-4b89-91d3-79a649996f0a/";"";"[{""action"":""Microsoft.Storage/storageAccounts/blobServices/containers/read"",""roleAssignmentId"":""242b4a4b-b989-4d83-b3b1-4cdabfb40a8f"",""roleDefinitionId"":""17d1049b-9a84-46fb-8f53-869881c3d3ab"",""type"":""RBAC"",""principals"":[{""id"":""7b2a25d5-d598-40d4-9611-14db744d48d5"",""type"":""ServicePrincipal""}],""denyAssignmentId"":"""",""result"":""Granted"",""reason"":""Policy""}]";"Apache-HttpClient/4.5.13 (Java/11.0.15)";"";"";"";"blob";;"1603";;"152";"1713";"";"";;"";;"StorageRead";"TLS 1.2";"";"Azure";"StorageBlobLogs";"/subscriptions/9b491dd6-598e-498c-98a0-d3bbd2290821/resourcegroups/rg-hk01-sea-p-transit01-vcsr01/providers/microsoft.storage/storageaccounts/sahk01seaptransit01vcsr0/blobservices/default";"";"";"";"";"";"";;"";"";"";;"";"2022-10-12T14:25:44.3714005Z"
"f486ca19-3cb9-4345-8639-7ccfe1fe149a";"2022-10-12T06:25:44.1160191Z";"sahk01seaptransit01vcsr0";"Southeast Asia";"HTTPS";"GetFileServiceProperties";"AccountKey";"200";"Success";"10";"10";"https://sahk01seaptransit01vcsr0.file.core.windows.net:443/?restype=service&comp=properties";"18.191.115.70";"a1f62932-701a-0064-1b03-de1f0a000000";"1.0";"2017-04-17";"key1(91E21A6C9C383A53A0AFCECEBD537FC238D6FEEF873634624B206B4A4D7A69AF)";"";"";"";"";"";"";;"Azure-Storage/6.1.0 (JavaJRE 11.0.15; Linux 5.4.204-113.362.amzn2.x86_64)";"";"6cb0fca7-47c9-4d71-ac97-cfe44bc1a4cc";"";"file";;"511";;"152";"413";"";"";;"";;"StorageRead";"TLS 1.2";"";"Azure";"StorageFileLogs";"/subscriptions/9b491dd6-598e-498c-98a0-d3bbd2290821/resourcegroups/rg-hk01-sea-p-transit01-vcsr01/providers/microsoft.storage/storageaccounts/sahk01seaptransit01vcsr0/fileservices/default";"";"";"";"";"";"";;"";"";"";;"";"2022-10-12T14:25:44.1160191Z"
"f486ca19-3cb9-4345-8639-7ccfe1fe149a";"2022-10-12T06:25:40.9880043Z";"sahk01seaptransit01vcsr0";"Southeast Asia";"HTTPS";"GetBlobServiceProperties";"OAuth";"200";"Success";"166";"166";"https://sahk01seaptransit01vcsr0.blob.core.windows.net:443/?restype=service&comp=properties";"18.191.115.70";"80871416-001e-0023-3a03-de7451000000";"1.0";"2019-02-02";"D2D002ED71EF55C013A57EAE1DF347FED399ED9327DA9119C0A70B673C748F07";"7b2a25d5-d598-40d4-9611-14db744d48d5";"7f2c1900-9fd4-4b89-91d3-79a649996f0a";"2ffc37fb-4740-46ff-9469-361af346101a";"https://storage.azure.com/";"https://sts.windows.net/7f2c1900-9fd4-4b89-91d3-79a649996f0a/";"";"[{""action"":""Microsoft.Storage/storageAccounts/blobServices/read"",""roleAssignmentId"":""242b4a4b-b989-4d83-b3b1-4cdabfb40a8f"",""roleDefinitionId"":""17d1049b-9a84-46fb-8f53-869881c3d3ab"",""type"":""RBAC"",""principals"":[{""id"":""7b2a25d5-d598-40d4-9611-14db744d48d5"",""type"":""ServicePrincipal""}],""denyAssignmentId"":"""",""result"":""Granted"",""reason"":""Policy""}]";"Apache-HttpClient/4.5.13 (Java/11.0.15)";"";"";"";"blob";;"1625";;"152";"712";"";"";;"";;"StorageRead";"TLS 1.2";"";"Azure";"StorageBlobLogs";"/subscriptions/9b491dd6-598e-498c-98a0-d3bbd2290821/resourcegroups/rg-hk01-sea-p-transit01-vcsr01/providers/microsoft.storage/storageaccounts/sahk01seaptransit01vcsr0/blobservices/default";"";"";"";"";"";"";;"";"";"";;"";"2022-10-12T14:25:40.9880043Z"
"f486ca19-3cb9-4345-8639-7ccfe1fe149a";"2022-10-11T07:10:36.6548043Z";"sahk01seaptransit01vcsr0";"Southeast Asia";"HTTPS";"ListContainers";"OAuth";"200";"Success";"10";"9";"https://sahk01seaptransit01vcsr0.blob.core.windows.net:443/?comp=list";"3.16.7.30";"8bb42165-001e-0023-0d40-dd7451000000";"1.0";"2019-02-02";"C394D2960DBBB4A8FB53D2FD2B10BC75BD046C8D6448864FA90EC2B80D78C5C2";"7b2a25d5-d598-40d4-9611-14db744d48d5";"7f2c1900-9fd4-4b89-91d3-79a649996f0a";"2ffc37fb-4740-46ff-9469-361af346101a";"https://storage.azure.com/";"https://sts.windows.net/7f2c1900-9fd4-4b89-91d3-79a649996f0a/";"";"[{""action"":""Microsoft.Storage/storageAccounts/blobServices/containers/read"",""roleAssignmentId"":""242b4a4b-b989-4d83-b3b1-4cdabfb40a8f"",""roleDefinitionId"":""17d1049b-9a84-46fb-8f53-869881c3d3ab"",""type"":""RBAC"",""principals"":[{""id"":""7b2a25d5-d598-40d4-9611-14db744d48d5"",""type"":""ServicePrincipal""}],""denyAssignmentId"":"""",""result"":""Granted"",""reason"":""Policy""}]";"Apache-HttpClient/4.5.13 (Java/11.0.15)";"";"";"";"blob";;"1603";;"152";"1713";"";"";;"";;"StorageRead";"TLS 1.2";"";"Azure";"StorageBlobLogs";"/subscriptions/9b491dd6-598e-498c-98a0-d3bbd2290821/resourcegroups/rg-hk01-sea-p-transit01-vcsr01/providers/microsoft.storage/storageaccounts/sahk01seaptransit01vcsr0/blobservices/default";"";"";"";"";"";"";;"";"";"";;"";"2022-10-11T15:10:36.6548043Z"
"f486ca19-3cb9-4345-8639-7ccfe1fe149a";"2022-10-11T07:10:36.4069988Z";"sahk01seaptransit01vcsr0";"Southeast Asia";"HTTPS";"GetFileServiceProperties";"AccountKey";"200";"Success";"12";"12";"https://sahk01seaptransit01vcsr0.file.core.windows.net:443/?restype=service&comp=properties";"3.16.7.30";"735ce7b5-701a-005b-7140-ddd7a9000000";"1.0";"2017-04-17";"key1(91E21A6C9C383A53A0AFCECEBD537FC238D6FEEF873634624B206B4A4D7A69AF)";"";"";"";"";"";"";;"Azure-Storage/6.1.0 (JavaJRE 11.0.15; Linux 5.4.204-113.362.amzn2.x86_64)";"";"69f39cc1-65c5-41bd-825e-d28ac609f54c";"";"file";;"511";;"152";"413";"";"";;"";;"StorageRead";"TLS 1.2";"";"Azure";"StorageFileLogs";"/subscriptions/9b491dd6-598e-498c-98a0-d3bbd2290821/resourcegroups/rg-hk01-sea-p-transit01-vcsr01/providers/microsoft.storage/storageaccounts/sahk01seaptransit01vcsr0/fileservices/default";"";"";"";"";"";"";;"";"";"";;"";"2022-10-11T15:10:36.4069988Z"
"f486ca19-3cb9-4345-8639-7ccfe1fe149a";"2022-10-11T07:10:33.2486301Z";"sahk01seaptransit01vcsr0";"Southeast Asia";"HTTPS";"GetBlobServiceProperties";"OAuth";"200";"Success";"111";"111";"https://sahk01seaptransit01vcsr0.blob.core.windows.net:443/?restype=service&comp=properties";"3.16.7.30";"8bb41717-001e-0023-0540-dd7451000000";"1.0";"2019-02-02";"C394D2960DBBB4A8FB53D2FD2B10BC75BD046C8D6448864FA90EC2B80D78C5C2";"7b2a25d5-d598-40d4-9611-14db744d48d5";"7f2c1900-9fd4-4b89-91d3-79a649996f0a";"2ffc37fb-4740-46ff-9469-361af346101a";"https://storage.azure.com/";"https://sts.windows.net/7f2c1900-9fd4-4b89-91d3-79a649996f0a/";"";"[{""action"":""Microsoft.Storage/storageAccounts/blobServices/read"",""roleAssignmentId"":""242b4a4b-b989-4d83-b3b1-4cdabfb40a8f"",""roleDefinitionId"":""17d1049b-9a84-46fb-8f53-869881c3d3ab"",""type"":""RBAC"",""principals"":[{""id"":""7b2a25d5-d598-40d4-9611-14db744d48d5"",""type"":""ServicePrincipal""}],""denyAssignmentId"":"""",""result"":""Granted"",""reason"":""Policy""}]";"Apache-HttpClient/4.5.13 (Java/11.0.15)";"";"";"";"blob";;"1625";;"152";"712";"";"";;"";;"StorageRead";"TLS 1.2";"";"Azure";"StorageBlobLogs";"/subscriptions/9b491dd6-598e-498c-98a0-d3bbd2290821/resourcegroups/rg-hk01-sea-p-transit01-vcsr01/providers/microsoft.storage/storageaccounts/sahk01seaptransit01vcsr0/blobservices/default";"";"";"";"";"";"";;"";"";"";;"";"2022-10-11T15:10:33.2486301Z"
"f486ca19-3cb9-4345-8639-7ccfe1fe149a";"2022-10-10T07:45:43.4486531Z";"sahk01seaptransit01vcsr0";"Southeast Asia";"HTTPS";"ListContainers";"OAuth";"200";"Success";"6";"6";"https://sahk01seaptransit01vcsr0.blob.core.windows.net:443/?comp=list";"18.191.115.70";"564c8fca-901e-007c-217c-dcc06d000000";"1.0";"2019-02-02";"430660B70DDCE580B1AC98553E64E8592A975E6958033B9CA084ADB7CE83AD5A";"7b2a25d5-d598-40d4-9611-14db744d48d5";"7f2c1900-9fd4-4b89-91d3-79a649996f0a";"2ffc37fb-4740-46ff-9469-361af346101a";"https://storage.azure.com/";"https://sts.windows.net/7f2c1900-9fd4-4b89-91d3-79a649996f0a/";"";"[{""action"":""Microsoft.Storage/storageAccounts/blobServices/containers/read"",""roleAssignmentId"":""242b4a4b-b989-4d83-b3b1-4cdabfb40a8f"",""roleDefinitionId"":""17d1049b-9a84-46fb-8f53-869881c3d3ab"",""type"":""RBAC"",""principals"":[{""id"":""7b2a25d5-d598-40d4-9611-14db744d48d5"",""type"":""ServicePrincipal""}],""denyAssignmentId"":"""",""result"":""Granted"",""reason"":""Policy""}]";"Apache-HttpClient/4.5.13 (Java/11.0.15)";"";"";"";"blob";;"1603";;"152";"1713";"";"";;"";;"StorageRead";"TLS 1.2";"";"Azure";"StorageBlobLogs";"/subscriptions/9b491dd6-598e-498c-98a0-d3bbd2290821/resourcegroups/rg-hk01-sea-p-transit01-vcsr01/providers/microsoft.storage/storageaccounts/sahk01seaptransit01vcsr0/blobservices/default";"";"";"";"";"";"";;"";"";"";;"";"2022-10-10T15:45:43.4486531Z"
"f486ca19-3cb9-4345-8639-7ccfe1fe149a";"2022-10-10T07:45:43.2046403Z";"sahk01seaptransit01vcsr0";"Southeast Asia";"HTTPS";"GetFileServiceProperties";"AccountKey";"200";"Success";"18";"17";"https://sahk01seaptransit01vcsr0.file.core.windows.net:443/?restype=service&comp=properties";"18.191.115.70";"9089cb30-601a-000a-267c-dc4a25000000";"1.0";"2017-04-17";"key1(91E21A6C9C383A53A0AFCECEBD537FC238D6FEEF873634624B206B4A4D7A69AF)";"";"";"";"";"";"";;"Azure-Storage/6.1.0 (JavaJRE 11.0.15; Linux 5.4.204-113.362.amzn2.x86_64)";"";"68f9ff31-e35f-4620-a1c7-dc318698dc4c";"";"file";;"511";;"152";"413";"";"";;"";;"StorageRead";"TLS 1.2";"";"Azure";"StorageFileLogs";"/subscriptions/9b491dd6-598e-498c-98a0-d3bbd2290821/resourcegroups/rg-hk01-sea-p-transit01-vcsr01/providers/microsoft.storage/storageaccounts/sahk01seaptransit01vcsr0/fileservices/default";"";"";"";"";"";"";;"";"";"";;"";"2022-10-10T15:45:43.2046403Z"
"f486ca19-3cb9-4345-8639-7ccfe1fe149a";"2022-10-10T07:45:39.4256826Z";"sahk01seaptransit01vcsr0";"Southeast Asia";"HTTPS";"GetBlobServiceProperties";"OAuth";"200";"Success";"95";"94";"https://sahk01seaptransit01vcsr0.blob.core.windows.net:443/?restype=service&comp=properties";"18.191.115.70";"564c8373-901e-007c-187c-dcc06d000000";"1.0";"2019-02-02";"430660B70DDCE580B1AC98553E64E8592A975E6958033B9CA084ADB7CE83AD5A";"7b2a25d5-d598-40d4-9611-14db744d48d5";"7f2c1900-9fd4-4b89-91d3-79a649996f0a";"2ffc37fb-4740-46ff-9469-361af346101a";"https://storage.azure.com/";"https://sts.windows.net/7f2c1900-9fd4-4b89-91d3-79a649996f0a/";"";"[{""action"":""Microsoft.Storage/storageAccounts/blobServices/read"",""roleAssignmentId"":""242b4a4b-b989-4d83-b3b1-4cdabfb40a8f"",""roleDefinitionId"":""17d1049b-9a84-46fb-8f53-869881c3d3ab"",""type"":""RBAC"",""principals"":[{""id"":""7b2a25d5-d598-40d4-9611-14db744d48d5"",""type"":""ServicePrincipal""}],""denyAssignmentId"":"""",""result"":""Granted"",""reason"":""Policy""}]";"Apache-HttpClient/4.5.13 (Java/11.0.15)";"";"";"";"blob";;"1625";;"152";"712";"";"";;"";;"StorageRead";"TLS 1.2";"";"Azure";"StorageBlobLogs";"/subscriptions/9b491dd6-598e-498c-98a0-d3bbd2290821/resourcegroups/rg-hk01-sea-p-transit01-vcsr01/providers/microsoft.storage/storageaccounts/sahk01seaptransit01vcsr0/blobservices/default";"";"";"";"";"";"";;"";"";"";;"";"2022-10-10T15:45:39.4256826Z"
"f486ca19-3cb9-4345-8639-7ccfe1fe149a";"2022-10-10T07:20:15.0167173Z";"sahk01seaptransit01vcsr0";"Southeast Asia";"HTTPS";"GetContainerProperties";"OAuth";"200";"Success";"14";"14";"https://sahk01seaptransit01vcsr0.blob.core.windows.net:443/%24logs?restype=container";"165.225.234.195";"b2618720-301e-0075-5e78-dc85be000000";"1.0";"2020-10-02";"095FC76F43D53454EE0540649C51D775EA894A6CA0A708EB08438ECD10FBA7C5";"05a1ee49-fc4c-4238-9d3f-a4a1b2279921";"7f2c1900-9fd4-4b89-91d3-79a649996f0a";"04b07795-8ddb-461a-bbee-02f9e1bf7b46";"https://storage.azure.com/";"https://sts.windows.net/7f2c1900-9fd4-4b89-91d3-79a649996f0a/";"YiuFung-YF.Cheong@aia.com";"[{""action"":""Microsoft.Storage/storageAccounts/blobServices/containers/read"",""roleAssignmentId"":""30d0f2c4-3613-409b-af2b-0d1027e1c496"",""roleDefinitionId"":""acdd72a7-3385-48ef-bd42-f606fba81ae7"",""type"":""RBAC"",""principals"":[{""id"":""21ff7123-4e80-4c12-8c4b-d2352c017ea1"",""type"":""Group""}],""denyAssignmentId"":"""",""result"":""Granted"",""reason"":""Policy""}]";"Microsoft Azure Storage Explorer/1.24.3 (win32) azsdk-js-storageblob/12.8.0 (NODE-VERSION v16.13.2; Windows_NT 10.0.19044)";"";"7a3cf1ef-bf70-42dc-8e1c-20f04b7c4af3";"""0x8D9F1DCEC2C2293""";"blob";;"12283";;"489";;"";"";"2022-02-17T06:15:40Z";"";;"StorageRead";"TLS 1.2";"";"Azure";"StorageBlobLogs";"/subscriptions/9b491dd6-598e-498c-98a0-d3bbd2290821/resourcegroups/rg-hk01-sea-p-transit01-vcsr01/providers/microsoft.storage/storageaccounts/sahk01seaptransit01vcsr0/blobservices/default";"";"";"";"";"";"";;"";"";"";;"";"2022-10-10T15:20:15.0167173Z"
"f486ca19-3cb9-4345-8639-7ccfe1fe149a";"2022-10-10T07:20:14.9602727Z";"sahk01seaptransit01vcsr0";"Southeast Asia";"HTTPS";"GetContainerProperties";"OAuth";"200";"Success";"19";"19";"https://sahk01seaptransit01vcsr0.blob.core.windows.net:443/%24logs?restype=container";"165.225.234.195";"b26186e4-301e-0075-2378-dc85be000000";"1.0";"2020-10-02";"095FC76F43D53454EE0540649C51D775EA894A6CA0A708EB08438ECD10FBA7C5";"05a1ee49-fc4c-4238-9d3f-a4a1b2279921";"7f2c1900-9fd4-4b89-91d3-79a649996f0a";"04b07795-8ddb-461a-bbee-02f9e1bf7b46";"https://storage.azure.com/";"https://sts.windows.net/7f2c1900-9fd4-4b89-91d3-79a649996f0a/";"YiuFung-YF.Cheong@aia.com";"[{""action"":""Microsoft.Storage/storageAccounts/blobServices/containers/read"",""roleAssignmentId"":""30d0f2c4-3613-409b-af2b-0d1027e1c496"",""roleDefinitionId"":""acdd72a7-3385-48ef-bd42-f606fba81ae7"",""type"":""RBAC"",""principals"":[{""id"":""21ff7123-4e80-4c12-8c4b-d2352c017ea1"",""type"":""Group""}],""denyAssignmentId"":"""",""result"":""Granted"",""reason"":""Policy""}]";"Microsoft Azure Storage Explorer/1.24.3 (win32) azsdk-js-storageblob/12.8.0 (NODE-VERSION v16.13.2; Windows_NT 10.0.19044)";"";"50a780e0-d560-4b21-960b-4933ed3124c8";"""0x8D9F1DCEC2C2293""";"blob";;"12283";;"489";;"";"";"2022-02-17T06:15:40Z";"";;"StorageRead";"TLS 1.2";"";"Azure";"StorageBlobLogs";"/subscriptions/9b491dd6-598e-498c-98a0-d3bbd2290821/resourcegroups/rg-hk01-sea-p-transit01-vcsr01/providers/microsoft.storage/storageaccounts/sahk01seaptransit01vcsr0/blobservices/default";"";"";"";"";"";"";;"";"";"";;"";"2022-10-10T15:20:14.9602727Z"
"f486ca19-3cb9-4345-8639-7ccfe1fe149a";"2022-10-10T07:20:14.9005661Z";"sahk01seaptransit01vcsr0";"Southeast Asia";"HTTPS";"ListContainers";"OAuth";"200";"Success";"128";"128";"https://sahk01seaptransit01vcsr0.blob.core.windows.net:443/?comp=list&include=metadata";"165.225.234.195";"b2618654-301e-0075-2478-dc85be000000";"1.0";"2020-10-02";"095FC76F43D53454EE0540649C51D775EA894A6CA0A708EB08438ECD10FBA7C5";"05a1ee49-fc4c-4238-9d3f-a4a1b2279921";"7f2c1900-9fd4-4b89-91d3-79a649996f0a";"04b07795-8ddb-461a-bbee-02f9e1bf7b46";"https://storage.azure.com/";"https://sts.windows.net/7f2c1900-9fd4-4b89-91d3-79a649996f0a/";"YiuFung-YF.Cheong@aia.com";"[{""action"":""Microsoft.Storage/storageAccounts/blobServices/containers/read"",""roleAssignmentId"":""30d0f2c4-3613-409b-af2b-0d1027e1c496"",""roleDefinitionId"":""acdd72a7-3385-48ef-bd42-f606fba81ae7"",""type"":""RBAC"",""principals"":[{""id"":""21ff7123-4e80-4c12-8c4b-d2352c017ea1"",""type"":""Group""}],""denyAssignmentId"":"""",""result"":""Granted"",""reason"":""Policy""}]";"Microsoft Azure Storage Explorer/1.24.3 (win32) azsdk-js-storageblob/12.8.0 (NODE-VERSION v16.13.2; Windows_NT 10.0.19044)";"";"571b2c04-2e86-422c-b834-df9629da2350";"";"blob";;"12287";;"210";"2001";"";"";;"";;"StorageRead";"TLS 1.2";"";"Azure";"StorageBlobLogs";"/subscriptions/9b491dd6-598e-498c-98a0-d3bbd2290821/resourcegroups/rg-hk01-sea-p-transit01-vcsr01/providers/microsoft.storage/storageaccounts/sahk01seaptransit01vcsr0/blobservices/default";"";"";"";"";"";"";;"";"";"";;"";"2022-10-10T15:20:14.9005661Z"
"f486ca19-3cb9-4345-8639-7ccfe1fe149a";"2022-10-09T08:20:28.8941451Z";"sahk01seaptransit01vcsr0";"Southeast Asia";"HTTPS";"ListContainers";"OAuth";"200";"Success";"8";"8";"https://sahk01seaptransit01vcsr0.blob.core.windows.net:443/?comp=list";"18.191.115.70";"21ffbb6a-d01e-0020-02b7-db9535000000";"1.0";"2019-02-02";"EAD1FE340BC3EC85F6D1B3AD445A6022B7837057FEC0B88E4680E03C93E0D1D4";"7b2a25d5-d598-40d4-9611-14db744d48d5";"7f2c1900-9fd4-4b89-91d3-79a649996f0a";"2ffc37fb-4740-46ff-9469-361af346101a";"https://storage.azure.com/";"https://sts.windows.net/7f2c1900-9fd4-4b89-91d3-79a649996f0a/";"";"[{""action"":""Microsoft.Storage/storageAccounts/blobServices/containers/read"",""roleAssignmentId"":""242b4a4b-b989-4d83-b3b1-4cdabfb40a8f"",""roleDefinitionId"":""17d1049b-9a84-46fb-8f53-869881c3d3ab"",""type"":""RBAC"",""principals"":[{""id"":""7b2a25d5-d598-40d4-9611-14db744d48d5"",""type"":""ServicePrincipal""}],""denyAssignmentId"":"""",""result"":""Granted"",""reason"":""Policy""}]";"Apache-HttpClient/4.5.13 (Java/11.0.15)";"";"";"";"blob";;"1603";;"152";"1713";"";"";;"";;"StorageRead";"TLS 1.2";"";"Azure";"StorageBlobLogs";"/subscriptions/9b491dd6-598e-498c-98a0-d3bbd2290821/resourcegroups/rg-hk01-sea-p-transit01-vcsr01/providers/microsoft.storage/storageaccounts/sahk01seaptransit01vcsr0/blobservices/default";"";"";"";"";"";"";;"";"";"";;"";"2022-10-09T16:20:28.8941451Z"
"f486ca19-3cb9-4345-8639-7ccfe1fe149a";"2022-10-09T08:20:28.6476838Z";"sahk01seaptransit01vcsr0";"Southeast Asia";"HTTPS";"GetFileServiceProperties";"AccountKey";"200";"Success";"7";"7";"https://sahk01seaptransit01vcsr0.file.core.windows.net:443/?restype=service&comp=properties";"18.191.115.70";"9c17f0ca-201a-0079-14b7-db12b6000000";"1.0";"2017-04-17";"key1(91E21A6C9C383A53A0AFCECEBD537FC238D6FEEF873634624B206B4A4D7A69AF)";"";"";"";"";"";"";;"Azure-Storage/6.1.0 (JavaJRE 11.0.15; Linux 5.4.204-113.362.amzn2.x86_64)";"";"015b82a0-35e4-466e-a12b-6e7c3d2cbd5b";"";"file";;"511";;"152";"413";"";"";;"";;"StorageRead";"TLS 1.2";"";"Azure";"StorageFileLogs";"/subscriptions/9b491dd6-598e-498c-98a0-d3bbd2290821/resourcegroups/rg-hk01-sea-p-transit01-vcsr01/providers/microsoft.storage/storageaccounts/sahk01seaptransit01vcsr0/fileservices/default";"";"";"";"";"";"";;"";"";"";;"";"2022-10-09T16:20:28.6476838Z"
"f486ca19-3cb9-4345-8639-7ccfe1fe149a";"2022-10-09T08:20:25.5427496Z";"sahk01seaptransit01vcsr0";"Southeast Asia";"HTTPS";"GetBlobServiceProperties";"OAuth";"200";"Success";"88";"88";"https://sahk01seaptransit01vcsr0.blob.core.windows.net:443/?restype=service&comp=properties";"18.191.115.70";"21ffb25d-d01e-0020-21b7-db9535000000";"1.0";"2019-02-02";"EAD1FE340BC3EC85F6D1B3AD445A6022B7837057FEC0B88E4680E03C93E0D1D4";"7b2a25d5-d598-40d4-9611-14db744d48d5";"7f2c1900-9fd4-4b89-91d3-79a649996f0a";"2ffc37fb-4740-46ff-9469-361af346101a";"https://storage.azure.com/";"https://sts.windows.net/7f2c1900-9fd4-4b89-91d3-79a649996f0a/";"";"[{""action"":""Microsoft.Storage/storageAccounts/blobServices/read"",""roleAssignmentId"":""242b4a4b-b989-4d83-b3b1-4cdabfb40a8f"",""roleDefinitionId"":""17d1049b-9a84-46fb-8f53-869881c3d3ab"",""type"":""RBAC"",""principals"":[{""id"":""7b2a25d5-d598-40d4-9611-14db744d48d5"",""type"":""ServicePrincipal""}],""denyAssignmentId"":"""",""result"":""Granted"",""reason"":""Policy""}]";"Apache-HttpClient/4.5.13 (Java/11.0.15)";"";"";"";"blob";;"1625";;"152";"712";"";"";;"";;"StorageRead";"TLS 1.2";"";"Azure";"StorageBlobLogs";"/subscriptions/9b491dd6-598e-498c-98a0-d3bbd2290821/resourcegroups/rg-hk01-sea-p-transit01-vcsr01/providers/microsoft.storage/storageaccounts/sahk01seaptransit01vcsr0/blobservices/default";"";"";"";"";"";"";;"";"";"";;"";"2022-10-09T16:20:25.5427496Z"
"f486ca19-3cb9-4345-8639-7ccfe1fe149a";"2022-10-08T08:33:43.3714456Z";"sahk01seaptransit01vcsr0";"Southeast Asia";"HTTPS";"ListContainers";"OAuth";"200";"Success";"8";"7";"https://sahk01seaptransit01vcsr0.blob.core.windows.net:443/?comp=list";"3.16.7.30";"0739e456-601e-0047-5df0-da85c9000000";"1.0";"2019-02-02";"F8AEF319B76119330A94A308028DB369ED42483AC1E13B475070E98F616B5514";"7b2a25d5-d598-40d4-9611-14db744d48d5";"7f2c1900-9fd4-4b89-91d3-79a649996f0a";"2ffc37fb-4740-46ff-9469-361af346101a";"https://storage.azure.com/";"https://sts.windows.net/7f2c1900-9fd4-4b89-91d3-79a649996f0a/";"";"[{""action"":""Microsoft.Storage/storageAccounts/blobServices/containers/read"",""roleAssignmentId"":""242b4a4b-b989-4d83-b3b1-4cdabfb40a8f"",""roleDefinitionId"":""17d1049b-9a84-46fb-8f53-869881c3d3ab"",""type"":""RBAC"",""principals"":[{""id"":""7b2a25d5-d598-40d4-9611-14db744d48d5"",""type"":""ServicePrincipal""}],""denyAssignmentId"":"""",""result"":""Granted"",""reason"":""Policy""}]";"Apache-HttpClient/4.5.13 (Java/11.0.15)";"";"";"";"blob";;"1603";;"152";"1713";"";"";;"";;"StorageRead";"TLS 1.2";"";"Azure";"StorageBlobLogs";"/subscriptions/9b491dd6-598e-498c-98a0-d3bbd2290821/resourcegroups/rg-hk01-sea-p-transit01-vcsr01/providers/microsoft.storage/storageaccounts/sahk01seaptransit01vcsr0/blobservices/default";"";"";"";"";"";"";;"";"";"";;"";"2022-10-08T16:33:43.3714456Z"
"f486ca19-3cb9-4345-8639-7ccfe1fe149a";"2022-10-08T08:33:43.1292825Z";"sahk01seaptransit01vcsr0";"Southeast Asia";"HTTPS";"GetFileServiceProperties";"AccountKey";"200";"Success";"11";"11";"https://sahk01seaptransit01vcsr0.file.core.windows.net:443/?restype=service&comp=properties";"3.16.7.30";"1e3e64b1-101a-002f-21f0-dae359000000";"1.0";"2017-04-17";"key1(91E21A6C9C383A53A0AFCECEBD537FC238D6FEEF873634624B206B4A4D7A69AF)";"";"";"";"";"";"";;"Azure-Storage/6.1.0 (JavaJRE 11.0.15; Linux 5.4.204-113.362.amzn2.x86_64)";"";"595d7379-e809-413f-aa53-856b59ba2d19";"";"file";;"511";;"152";"413";"";"";;"";;"StorageRead";"TLS 1.2";"";"Azure";"StorageFileLogs";"/subscriptions/9b491dd6-598e-498c-98a0-d3bbd2290821/resourcegroups/rg-hk01-sea-p-transit01-vcsr01/providers/microsoft.storage/storageaccounts/sahk01seaptransit01vcsr0/fileservices/default";"";"";"";"";"";"";;"";"";"";;"";"2022-10-08T16:33:43.1292825Z"
"f486ca19-3cb9-4345-8639-7ccfe1fe149a";"2022-10-08T08:33:39.7542513Z";"sahk01seaptransit01vcsr0";"Southeast Asia";"HTTPS";"GetBlobServiceProperties";"OAuth";"200";"Success";"123";"123";"https://sahk01seaptransit01vcsr0.blob.core.windows.net:443/?restype=service&comp=properties";"3.16.7.30";"0739da84-601e-0047-23f0-da85c9000000";"1.0";"2019-02-02";"F8AEF319B76119330A94A308028DB369ED42483AC1E13B475070E98F616B5514";"7b2a25d5-d598-40d4-9611-14db744d48d5";"7f2c1900-9fd4-4b89-91d3-79a649996f0a";"2ffc37fb-4740-46ff-9469-361af346101a";"https://storage.azure.com/";"https://sts.windows.net/7f2c1900-9fd4-4b89-91d3-79a649996f0a/";"";"[{""action"":""Microsoft.Storage/storageAccounts/blobServices/read"",""roleAssignmentId"":""242b4a4b-b989-4d83-b3b1-4cdabfb40a8f"",""roleDefinitionId"":""17d1049b-9a84-46fb-8f53-869881c3d3ab"",""type"":""RBAC"",""principals"":[{""id"":""7b2a25d5-d598-40d4-9611-14db744d48d5"",""type"":""ServicePrincipal""}],""denyAssignmentId"":"""",""result"":""Granted"",""reason"":""Policy""}]";"Apache-HttpClient/4.5.13 (Java/11.0.15)";"";"";"";"blob";;"1625";;"152";"712";"";"";;"";;"StorageRead";"TLS 1.2";"";"Azure";"StorageBlobLogs";"/subscriptions/9b491dd6-598e-498c-98a0-d3bbd2290821/resourcegroups/rg-hk01-sea-p-transit01-vcsr01/providers/microsoft.storage/storageaccounts/sahk01seaptransit01vcsr0/blobservices/default";"";"";"";"";"";"";;"";"";"";;"";"2022-10-08T16:33:39.7542513Z"
"f486ca19-3cb9-4345-8639-7ccfe1fe149a";"2022-10-07T08:37:20.3997769Z";"sahk01seaptransit01vcsr0";"Southeast Asia";"HTTPS";"ListContainers";"OAuth";"200";"Success";"8";"7";"https://sahk01seaptransit01vcsr0.blob.core.windows.net:443/?comp=list";"3.16.7.30";"89fd938d-701e-005b-3428-dad7a9000000";"1.0";"2019-02-02";"4E7B2195770A335E2F652E4746B828DC904A5FB25E34657819A6317981D1ED17";"7b2a25d5-d598-40d4-9611-14db744d48d5";"7f2c1900-9fd4-4b89-91d3-79a649996f0a";"2ffc37fb-4740-46ff-9469-361af346101a";"https://storage.azure.com/";"https://sts.windows.net/7f2c1900-9fd4-4b89-91d3-79a649996f0a/";"";"[{""action"":""Microsoft.Storage/storageAccounts/blobServices/containers/read"",""roleAssignmentId"":""242b4a4b-b989-4d83-b3b1-4cdabfb40a8f"",""roleDefinitionId"":""17d1049b-9a84-46fb-8f53-869881c3d3ab"",""type"":""RBAC"",""principals"":[{""id"":""7b2a25d5-d598-40d4-9611-14db744d48d5"",""type"":""ServicePrincipal""}],""denyAssignmentId"":"""",""result"":""Granted"",""reason"":""Policy""}]";"Apache-HttpClient/4.5.13 (Java/11.0.15)";"";"";"";"blob";;"1603";;"152";"1713";"";"";;"";;"StorageRead";"TLS 1.2";"";"Azure";"StorageBlobLogs";"/subscriptions/9b491dd6-598e-498c-98a0-d3bbd2290821/resourcegroups/rg-hk01-sea-p-transit01-vcsr01/providers/microsoft.storage/storageaccounts/sahk01seaptransit01vcsr0/blobservices/default";"";"";"";"";"";"";;"";"";"";;"";"2022-10-07T16:37:20.3997769Z"
"f486ca19-3cb9-4345-8639-7ccfe1fe149a";"2022-10-07T08:37:20.1541996Z";"sahk01seaptransit01vcsr0";"Southeast Asia";"HTTPS";"GetFileServiceProperties";"AccountKey";"200";"Success";"5";"5";"https://sahk01seaptransit01vcsr0.file.core.windows.net:443/?restype=service&comp=properties";"3.16.7.30";"0d13cf96-401a-000d-3a28-da2646000000";"1.0";"2017-04-17";"key1(91E21A6C9C383A53A0AFCECEBD537FC238D6FEEF873634624B206B4A4D7A69AF)";"";"";"";"";"";"";;"Azure-Storage/6.1.0 (JavaJRE 11.0.15; Linux 5.4.204-113.362.amzn2.x86_64)";"";"a69bcb83-4bca-4bb8-af66-adc1e707393b";"";"file";;"511";;"152";"413";"";"";;"";;"StorageRead";"TLS 1.2";"";"Azure";"StorageFileLogs";"/subscriptions/9b491dd6-598e-498c-98a0-d3bbd2290821/resourcegroups/rg-hk01-sea-p-transit01-vcsr01/providers/microsoft.storage/storageaccounts/sahk01seaptransit01vcsr0/fileservices/default";"";"";"";"";"";"";;"";"";"";;"";"2022-10-07T16:37:20.1541996Z"
"f486ca19-3cb9-4345-8639-7ccfe1fe149a";"2022-10-07T08:37:17.0183683Z";"sahk01seaptransit01vcsr0";"Southeast Asia";"HTTPS";"GetBlobServiceProperties";"OAuth";"200";"Success";"107";"107";"https://sahk01seaptransit01vcsr0.blob.core.windows.net:443/?restype=service&comp=properties";"3.16.7.30";"89fd8808-701e-005b-5928-dad7a9000000";"1.0";"2019-02-02";"4E7B2195770A335E2F652E4746B828DC904A5FB25E34657819A6317981D1ED17";"7b2a25d5-d598-40d4-9611-14db744d48d5";"7f2c1900-9fd4-4b89-91d3-79a649996f0a";"2ffc37fb-4740-46ff-9469-361af346101a";"https://storage.azure.com/";"https://sts.windows.net/7f2c1900-9fd4-4b89-91d3-79a649996f0a/";"";"[{""action"":""Microsoft.Storage/storageAccounts/blobServices/read"",""roleAssignmentId"":""242b4a4b-b989-4d83-b3b1-4cdabfb40a8f"",""roleDefinitionId"":""17d1049b-9a84-46fb-8f53-869881c3d3ab"",""type"":""RBAC"",""principals"":[{""id"":""7b2a25d5-d598-40d4-9611-14db744d48d5"",""type"":""ServicePrincipal""}],""denyAssignmentId"":"""",""result"":""Granted"",""reason"":""Policy""}]";"Apache-HttpClient/4.5.13 (Java/11.0.15)";"";"";"";"blob";;"1625";;"152";"712";"";"";;"";;"StorageRead";"TLS 1.2";"";"Azure";"StorageBlobLogs";"/subscriptions/9b491dd6-598e-498c-98a0-d3bbd2290821/resourcegroups/rg-hk01-sea-p-transit01-vcsr01/providers/microsoft.storage/storageaccounts/sahk01seaptransit01vcsr0/blobservices/default";"";"";"";"";"";"";;"";"";"";;"";"2022-10-07T16:37:17.0183683Z"
"f486ca19-3cb9-4345-8639-7ccfe1fe149a";"2022-10-03T06:44:08.467Z";"sahk01seaptransit01vcsr0";"Southeast Asia";"HTTPS";"ListContainers";"OAuth";"200";"Success";"9";"9";"https://sahk01seaptransit01vcsr0.blob.core.windows.net:443/?comp=list";"18.191.115.70";"6fceca9a-f01e-0045-73f3-d63b71000000";"1.0";"2019-02-02";"4BF4196682B82DAF07E60FE3D312ABB1261C8D8087409566B39B9B90937FAF39";"7b2a25d5-d598-40d4-9611-14db744d48d5";"7f2c1900-9fd4-4b89-91d3-79a649996f0a";"2ffc37fb-4740-46ff-9469-361af346101a";"https://storage.azure.com/";"https://sts.windows.net/7f2c1900-9fd4-4b89-91d3-79a649996f0a/";"";"[{""action"":""Microsoft.Storage/storageAccounts/blobServices/containers/read"",""roleAssignmentId"":""242b4a4b-b989-4d83-b3b1-4cdabfb40a8f"",""roleDefinitionId"":""17d1049b-9a84-46fb-8f53-869881c3d3ab"",""type"":""RBAC"",""principals"":[{""id"":""7b2a25d5-d598-40d4-9611-14db744d48d5"",""type"":""ServicePrincipal""}],""denyAssignmentId"":"""",""result"":""Granted"",""reason"":""Policy""}]";"Apache-HttpClient/4.5.13 (Java/11.0.15)";"";"";"";"blob";;"1603";;"152";"1713";"";"";;"";;"StorageRead";"TLS 1.2";"";"Azure";"StorageBlobLogs";"/subscriptions/9b491dd6-598e-498c-98a0-d3bbd2290821/resourcegroups/rg-hk01-sea-p-transit01-vcsr01/providers/microsoft.storage/storageaccounts/sahk01seaptransit01vcsr0/blobservices/default";"";"";"";"";"";"";;"";"";"";;"";"2022-10-03T14:44:08.467Z"
"f486ca19-3cb9-4345-8639-7ccfe1fe149a";"2022-10-03T06:44:08.217Z";"sahk01seaptransit01vcsr0";"Southeast Asia";"HTTPS";"GetFileServiceProperties";"AccountKey";"200";"Success";"8";"8";"https://sahk01seaptransit01vcsr0.file.core.windows.net:443/?restype=service&comp=properties";"18.191.115.70";"af19af59-701a-005b-44f3-d6d7a9000000";"1.0";"2017-04-17";"key1(91E21A6C9C383A53A0AFCECEBD537FC238D6FEEF873634624B206B4A4D7A69AF)";"";"";"";"";"";"";;"Azure-Storage/6.1.0 (JavaJRE 11.0.15; Linux 5.4.204-113.362.amzn2.x86_64)";"";"80b27984-dfea-4a6d-a681-c3bbb5dbd61f";"";"file";;"511";;"152";"413";"";"";;"";;"StorageRead";"TLS 1.2";"";"Azure";"StorageFileLogs";"/subscriptions/9b491dd6-598e-498c-98a0-d3bbd2290821/resourcegroups/rg-hk01-sea-p-transit01-vcsr01/providers/microsoft.storage/storageaccounts/sahk01seaptransit01vcsr0/fileservices/default";"";"";"";"";"";"";;"";"";"";;"";"2022-10-03T14:44:08.217Z"
"f486ca19-3cb9-4345-8639-7ccfe1fe149a";"2022-10-03T06:44:05.082Z";"sahk01seaptransit01vcsr0";"Southeast Asia";"HTTPS";"GetBlobServiceProperties";"OAuth";"200";"Success";"134";"134";"https://sahk01seaptransit01vcsr0.blob.core.windows.net:443/?restype=service&comp=properties";"18.191.115.70";"6fcec030-f01e-0045-7df3-d63b71000000";"1.0";"2019-02-02";"4BF4196682B82DAF07E60FE3D312ABB1261C8D8087409566B39B9B90937FAF39";"7b2a25d5-d598-40d4-9611-14db744d48d5";"7f2c1900-9fd4-4b89-91d3-79a649996f0a";"2ffc37fb-4740-46ff-9469-361af346101a";"https://storage.azure.com/";"https://sts.windows.net/7f2c1900-9fd4-4b89-91d3-79a649996f0a/";"";"[{""action"":""Microsoft.Storage/storageAccounts/blobServices/read"",""roleAssignmentId"":""242b4a4b-b989-4d83-b3b1-4cdabfb40a8f"",""roleDefinitionId"":""17d1049b-9a84-46fb-8f53-869881c3d3ab"",""type"":""RBAC"",""principals"":[{""id"":""7b2a25d5-d598-40d4-9611-14db744d48d5"",""type"":""ServicePrincipal""}],""denyAssignmentId"":"""",""result"":""Granted"",""reason"":""Policy""}]";"Apache-HttpClient/4.5.13 (Java/11.0.15)";"";"";"";"blob";;"1625";;"152";"712";"";"";;"";;"StorageRead";"TLS 1.2";"";"Azure";"StorageBlobLogs";"/subscriptions/9b491dd6-598e-498c-98a0-d3bbd2290821/resourcegroups/rg-hk01-sea-p-transit01-vcsr01/providers/microsoft.storage/storageaccounts/sahk01seaptransit01vcsr0/blobservices/default";"";"";"";"";"";"";;"";"";"";;"";"2022-10-03T14:44:05.082Z"
"f486ca19-3cb9-4345-8639-7ccfe1fe149a";"2022-10-02T07:48:23.081Z";"sahk01seaptransit01vcsr0";"Southeast Asia";"HTTPS";"ListContainers";"OAuth";"200";"Success";"10";"10";"https://sahk01seaptransit01vcsr0.blob.core.windows.net:443/?comp=list";"3.16.7.30";"4922791a-001e-0033-2d33-d6b139000000";"1.0";"2019-02-02";"2D310B020547128491FEE6B1AE3C0FDB9EFE679D20C2A1761AD8BBD23F45FEBB";"7b2a25d5-d598-40d4-9611-14db744d48d5";"7f2c1900-9fd4-4b89-91d3-79a649996f0a";"2ffc37fb-4740-46ff-9469-361af346101a";"https://storage.azure.com/";"https://sts.windows.net/7f2c1900-9fd4-4b89-91d3-79a649996f0a/";"";"[{""action"":""Microsoft.Storage/storageAccounts/blobServices/containers/read"",""roleAssignmentId"":""242b4a4b-b989-4d83-b3b1-4cdabfb40a8f"",""roleDefinitionId"":""17d1049b-9a84-46fb-8f53-869881c3d3ab"",""type"":""RBAC"",""principals"":[{""id"":""7b2a25d5-d598-40d4-9611-14db744d48d5"",""type"":""ServicePrincipal""}],""denyAssignmentId"":"""",""result"":""Granted"",""reason"":""Policy""}]";"Apache-HttpClient/4.5.13 (Java/11.0.15)";"";"";"";"blob";;"1603";;"152";"1713";"";"";;"";;"StorageRead";"TLS 1.2";"";"Azure";"StorageBlobLogs";"/subscriptions/9b491dd6-598e-498c-98a0-d3bbd2290821/resourcegroups/rg-hk01-sea-p-transit01-vcsr01/providers/microsoft.storage/storageaccounts/sahk01seaptransit01vcsr0/blobservices/default";"";"";"";"";"";"";;"";"";"";;"";"2022-10-02T15:48:23.081Z"
"f486ca19-3cb9-4345-8639-7ccfe1fe149a";"2022-10-02T07:48:22.835Z";"sahk01seaptransit01vcsr0";"Southeast Asia";"HTTPS";"GetFileServiceProperties";"AccountKey";"200";"Success";"10";"10";"https://sahk01seaptransit01vcsr0.file.core.windows.net:443/?restype=service&comp=properties";"3.16.7.30";"46e8de95-f01a-007a-0233-d6f3d2000000";"1.0";"2017-04-17";"key1(91E21A6C9C383A53A0AFCECEBD537FC238D6FEEF873634624B206B4A4D7A69AF)";"";"";"";"";"";"";;"Azure-Storage/6.1.0 (JavaJRE 11.0.15; Linux 5.4.204-113.362.amzn2.x86_64)";"";"42cb8591-8d82-4df4-9003-5d6dcfe37140";"";"file";;"511";;"152";"413";"";"";;"";;"StorageRead";"TLS 1.2";"";"Azure";"StorageFileLogs";"/subscriptions/9b491dd6-598e-498c-98a0-d3bbd2290821/resourcegroups/rg-hk01-sea-p-transit01-vcsr01/providers/microsoft.storage/storageaccounts/sahk01seaptransit01vcsr0/fileservices/default";"";"";"";"";"";"";;"";"";"";;"";"2022-10-02T15:48:22.835Z"
"f486ca19-3cb9-4345-8639-7ccfe1fe149a";"2022-10-02T07:48:17.081Z";"sahk01seaptransit01vcsr0";"Southeast Asia";"HTTPS";"GetBlobServiceProperties";"OAuth";"200";"Success";"115";"115";"https://sahk01seaptransit01vcsr0.blob.core.windows.net:443/?restype=service&comp=properties";"3.16.7.30";"492264dc-001e-0033-1833-d6b139000000";"1.0";"2019-02-02";"2D310B020547128491FEE6B1AE3C0FDB9EFE679D20C2A1761AD8BBD23F45FEBB";"7b2a25d5-d598-40d4-9611-14db744d48d5";"7f2c1900-9fd4-4b89-91d3-79a649996f0a";"2ffc37fb-4740-46ff-9469-361af346101a";"https://storage.azure.com/";"https://sts.windows.net/7f2c1900-9fd4-4b89-91d3-79a649996f0a/";"";"[{""action"":""Microsoft.Storage/storageAccounts/blobServices/read"",""roleAssignmentId"":""242b4a4b-b989-4d83-b3b1-4cdabfb40a8f"",""roleDefinitionId"":""17d1049b-9a84-46fb-8f53-869881c3d3ab"",""type"":""RBAC"",""principals"":[{""id"":""7b2a25d5-d598-40d4-9611-14db744d48d5"",""type"":""ServicePrincipal""}],""denyAssignmentId"":"""",""result"":""Granted"",""reason"":""Policy""}]";"Apache-HttpClient/4.5.13 (Java/11.0.15)";"";"";"";"blob";;"1625";;"152";"712";"";"";;"";;"StorageRead";"TLS 1.2";"";"Azure";"StorageBlobLogs";"/subscriptions/9b491dd6-598e-498c-98a0-d3bbd2290821/resourcegroups/rg-hk01-sea-p-transit01-vcsr01/providers/microsoft.storage/storageaccounts/sahk01seaptransit01vcsr0/blobservices/default";"";"";"";"";"";"";;"";"";"";;"";"2022-10-02T15:48:17.081Z"
