"TenantId";"TimeGenerated";"AccountName";"Location";"Protocol";"OperationName";"AuthenticationType";"StatusCode";"StatusText";"DurationMs";"ServerLatencyMs";"Uri";"CallerIpAddress";"CorrelationId";"SchemaVersion";"OperationVersion";"AuthenticationHash";"RequesterObjectId";"RequesterTenantId";"RequesterAppId";"RequesterAudience";"RequesterTokenIssuer";"RequesterUpn";"AuthorizationDetails";"UserAgentHeader";"ReferrerHeader";"ClientRequestId";"Etag";"ServiceType";"OperationCount";"RequestHeaderSize";"RequestBodySize";"ResponseHeaderSize";"ResponseBodySize";"RequestMd5";"ResponseMd5";"LastModifiedTime";"ConditionsUsed";"ContentLengthHeader";"Category";"TlsVersion";"SasExpiryStatus";"SourceSystem";"Type";"_ResourceId";"RequesterUserName";"SmbPrimarySID";"SmbTreeConnectID";"SmbPersistentHandleID";"SmbVolatileHandleID";"SmbMessageID";"SmbCreditsConsumed";"SmbCommandDetail";"SmbFileId";"SmbSessionID";"SmbCommandMajor";"SmbCommandMinor";"HKTimestamp"
"f486ca19-3cb9-4345-8639-7ccfe1fe149a";"2022-10-25T08:59:42.4805888Z";"sahk01searshared01ieng02";"Southeast Asia";"HTTPS";"ListContainers";"OAuth";"200";"Success";"7";"7";"https://sahk01searshared01ieng02.blob.core.windows.net:443/?comp=list";"18.221.72.80";"d8368e49-701e-0064-6b50-e81f0a000000";"1.0";"2019-02-02";"2A2C07339BC899FB3419C798273539CD353A2139FC8351C11BE06E6A6D96684C";"7b2a25d5-d598-40d4-9611-14db744d48d5";"7f2c1900-9fd4-4b89-91d3-79a649996f0a";"2ffc37fb-4740-46ff-9469-361af346101a";"https://storage.azure.com/";"https://sts.windows.net/7f2c1900-9fd4-4b89-91d3-79a649996f0a/";"";"[{""action"":""Microsoft.Storage/storageAccounts/blobServices/containers/read"",""roleAssignmentId"":""242b4a4b-b989-4d83-b3b1-4cdabfb40a8f"",""roleDefinitionId"":""17d1049b-9a84-46fb-8f53-869881c3d3ab"",""type"":""RBAC"",""principals"":[{""id"":""7b2a25d5-d598-40d4-9611-14db744d48d5"",""type"":""ServicePrincipal""}],""denyAssignmentId"":"""",""result"":""Granted"",""reason"":""Policy""}]";"Apache-HttpClient/4.5.13 (Java/11.0.15)";"";"";"";"blob";;"1603";;"152";"184";"";"";;"";;"StorageRead";"TLS 1.2";"";"Azure";"StorageBlobLogs";"/subscriptions/9b491dd6-598e-498c-98a0-d3bbd2290821/resourcegroups/rg-hk01-sea-r-iengage-storage01/providers/microsoft.storage/storageaccounts/sahk01searshared01ieng02/blobservices/default";"";"";"";"";"";"";;"";"";"";;"";"2022-10-25T16:59:42.4805888Z"
"f486ca19-3cb9-4345-8639-7ccfe1fe149a";"2022-10-25T08:59:42.2354003Z";"sahk01searshared01ieng02";"Southeast Asia";"HTTPS";"GetFileServiceProperties";"AccountKey";"200";"Success";"8";"8";"https://sahk01searshared01ieng02.file.core.windows.net:443/?restype=service&comp=properties";"18.221.72.80";"6e1cb15b-b01a-006b-5a50-e86966000000";"1.0";"2017-04-17";"key1(3B18DE87B9298FB09C4AEDBEAF9428ECDE32F13014BA6B40B3C5A5B617EEAE09)";"";"";"";"";"";"";;"Azure-Storage/6.1.0 (JavaJRE 11.0.15; Linux 5.15.59-33.133.amzn2.x86_64)";"";"9cc4bd78-2484-4c12-bb95-729e16714f1b";"";"file";;"510";;"152";"413";"";"";;"";;"StorageRead";"TLS 1.2";"";"Azure";"StorageFileLogs";"/subscriptions/9b491dd6-598e-498c-98a0-d3bbd2290821/resourcegroups/rg-hk01-sea-r-iengage-storage01/providers/microsoft.storage/storageaccounts/sahk01searshared01ieng02/fileservices/default";"";"";"";"";"";"";;"";"";"";;"";"2022-10-25T16:59:42.2354003Z"
"f486ca19-3cb9-4345-8639-7ccfe1fe149a";"2022-10-25T08:59:37.6800381Z";"sahk01searshared01ieng02";"Southeast Asia";"HTTPS";"GetBlobServiceProperties";"OAuth";"200";"Success";"100";"100";"https://sahk01searshared01ieng02.blob.core.windows.net:443/?restype=service&comp=properties";"18.221.72.80";"d83681d1-701e-0064-6550-e81f0a000000";"1.0";"2019-02-02";"2A2C07339BC899FB3419C798273539CD353A2139FC8351C11BE06E6A6D96684C";"7b2a25d5-d598-40d4-9611-14db744d48d5";"7f2c1900-9fd4-4b89-91d3-79a649996f0a";"2ffc37fb-4740-46ff-9469-361af346101a";"https://storage.azure.com/";"https://sts.windows.net/7f2c1900-9fd4-4b89-91d3-79a649996f0a/";"";"[{""action"":""Microsoft.Storage/storageAccounts/blobServices/read"",""roleAssignmentId"":""242b4a4b-b989-4d83-b3b1-4cdabfb40a8f"",""roleDefinitionId"":""17d1049b-9a84-46fb-8f53-869881c3d3ab"",""type"":""RBAC"",""principals"":[{""id"":""7b2a25d5-d598-40d4-9611-14db744d48d5"",""type"":""ServicePrincipal""}],""denyAssignmentId"":"""",""result"":""Granted"",""reason"":""Policy""}]";"Apache-HttpClient/4.5.13 (Java/11.0.15)";"";"";"";"blob";;"1625";;"152";"723";"";"";;"";;"StorageRead";"TLS 1.2";"";"Azure";"StorageBlobLogs";"/subscriptions/9b491dd6-598e-498c-98a0-d3bbd2290821/resourcegroups/rg-hk01-sea-r-iengage-storage01/providers/microsoft.storage/storageaccounts/sahk01searshared01ieng02/blobservices/default";"";"";"";"";"";"";;"";"";"";;"";"2022-10-25T16:59:37.6800381Z"
"f486ca19-3cb9-4345-8639-7ccfe1fe149a";"2022-10-24T09:26:47.8585725Z";"sahk01searshared01ieng02";"Southeast Asia";"HTTPS";"ListShares";"AccountKey";"200";"Success";"9";"9";"https://sahk01searshared01ieng02.file.core.windows.net:443/?comp=list&include=snapshots%2Cmetadata";"10.202.129.6";"33a371b9-601a-0047-578a-e785c9000000";"1.0";"2019-07-07";"key1(3B18DE87B9298FB09C4AEDBEAF9428ECDE32F13014BA6B40B3C5A5B617EEAE09)";"";"";"";"";"";"";;"AzurePowershell/v1.0.0 Azure-Storage/11.2.2 (.NET Core; Win32NT 10.0.14393.0)";"";"Azure-Storage-PowerShell-d1b02083-5371-4ea6-881e-991376674ad5";"";"file";;"493";;"235";"180";"";"";;"";;"StorageRead";"TLS 1.2";"";"Azure";"StorageFileLogs";"/subscriptions/9b491dd6-598e-498c-98a0-d3bbd2290821/resourcegroups/rg-hk01-sea-r-iengage-storage01/providers/microsoft.storage/storageaccounts/sahk01searshared01ieng02/fileservices/default";"";"";"";"";"";"";;"";"";"";;"";"2022-10-24T17:26:47.8585725Z"
"f486ca19-3cb9-4345-8639-7ccfe1fe149a";"2022-10-24T06:41:03.4239118Z";"sahk01searshared01ieng02";"Southeast Asia";"HTTPS";"ListContainers";"OAuth";"200";"Success";"16";"16";"https://sahk01searshared01ieng02.blob.core.windows.net:443/?comp=list";"18.221.72.80";"e178846f-b01e-0019-3f73-e76e29000000";"1.0";"2019-02-02";"E41758297B16D8B8EC730D3B6E5B6D5FD085A23D3E8A9626E7E48E4CC20CE3BC";"7b2a25d5-d598-40d4-9611-14db744d48d5";"7f2c1900-9fd4-4b89-91d3-79a649996f0a";"2ffc37fb-4740-46ff-9469-361af346101a";"https://storage.azure.com/";"https://sts.windows.net/7f2c1900-9fd4-4b89-91d3-79a649996f0a/";"";"[{""action"":""Microsoft.Storage/storageAccounts/blobServices/containers/read"",""roleAssignmentId"":""242b4a4b-b989-4d83-b3b1-4cdabfb40a8f"",""roleDefinitionId"":""17d1049b-9a84-46fb-8f53-869881c3d3ab"",""type"":""RBAC"",""principals"":[{""id"":""7b2a25d5-d598-40d4-9611-14db744d48d5"",""type"":""ServicePrincipal""}],""denyAssignmentId"":"""",""result"":""Granted"",""reason"":""Policy""}]";"Apache-HttpClient/4.5.13 (Java/11.0.15)";"";"";"";"blob";;"1603";;"152";"184";"";"";;"";;"StorageRead";"TLS 1.2";"";"Azure";"StorageBlobLogs";"/subscriptions/9b491dd6-598e-498c-98a0-d3bbd2290821/resourcegroups/rg-hk01-sea-r-iengage-storage01/providers/microsoft.storage/storageaccounts/sahk01searshared01ieng02/blobservices/default";"";"";"";"";"";"";;"";"";"";;"";"2022-10-24T14:41:03.4239118Z"
"f486ca19-3cb9-4345-8639-7ccfe1fe149a";"2022-10-24T06:41:03.1680748Z";"sahk01searshared01ieng02";"Southeast Asia";"HTTPS";"GetFileServiceProperties";"AccountKey";"200";"Success";"6";"6";"https://sahk01searshared01ieng02.file.core.windows.net:443/?restype=service&comp=properties";"18.221.72.80";"7a4d139c-501a-0073-7b73-e7b601000000";"1.0";"2017-04-17";"key1(3B18DE87B9298FB09C4AEDBEAF9428ECDE32F13014BA6B40B3C5A5B617EEAE09)";"";"";"";"";"";"";;"Azure-Storage/6.1.0 (JavaJRE 11.0.15; Linux 5.15.59-33.133.amzn2.x86_64)";"";"3c135efd-7610-4e66-9ce8-c5dd2122e7fc";"";"file";;"510";;"152";"413";"";"";;"";;"StorageRead";"TLS 1.2";"";"Azure";"StorageFileLogs";"/subscriptions/9b491dd6-598e-498c-98a0-d3bbd2290821/resourcegroups/rg-hk01-sea-r-iengage-storage01/providers/microsoft.storage/storageaccounts/sahk01searshared01ieng02/fileservices/default";"";"";"";"";"";"";;"";"";"";;"";"2022-10-24T14:41:03.1680748Z"
"f486ca19-3cb9-4345-8639-7ccfe1fe149a";"2022-10-24T06:41:00.0625148Z";"sahk01searshared01ieng02";"Southeast Asia";"HTTPS";"GetBlobServiceProperties";"OAuth";"200";"Success";"131";"131";"https://sahk01searshared01ieng02.blob.core.windows.net:443/?restype=service&comp=properties";"18.221.72.80";"e1787be5-b01e-0019-5d73-e76e29000000";"1.0";"2019-02-02";"E41758297B16D8B8EC730D3B6E5B6D5FD085A23D3E8A9626E7E48E4CC20CE3BC";"7b2a25d5-d598-40d4-9611-14db744d48d5";"7f2c1900-9fd4-4b89-91d3-79a649996f0a";"2ffc37fb-4740-46ff-9469-361af346101a";"https://storage.azure.com/";"https://sts.windows.net/7f2c1900-9fd4-4b89-91d3-79a649996f0a/";"";"[{""action"":""Microsoft.Storage/storageAccounts/blobServices/read"",""roleAssignmentId"":""242b4a4b-b989-4d83-b3b1-4cdabfb40a8f"",""roleDefinitionId"":""17d1049b-9a84-46fb-8f53-869881c3d3ab"",""type"":""RBAC"",""principals"":[{""id"":""7b2a25d5-d598-40d4-9611-14db744d48d5"",""type"":""ServicePrincipal""}],""denyAssignmentId"":"""",""result"":""Granted"",""reason"":""Policy""}]";"Apache-HttpClient/4.5.13 (Java/11.0.15)";"";"";"";"blob";;"1625";;"152";"723";"";"";;"";;"StorageRead";"TLS 1.2";"";"Azure";"StorageBlobLogs";"/subscriptions/9b491dd6-598e-498c-98a0-d3bbd2290821/resourcegroups/rg-hk01-sea-r-iengage-storage01/providers/microsoft.storage/storageaccounts/sahk01searshared01ieng02/blobservices/default";"";"";"";"";"";"";;"";"";"";;"";"2022-10-24T14:41:00.0625148Z"
"f486ca19-3cb9-4345-8639-7ccfe1fe149a";"2022-10-23T10:03:48.2331168Z";"sahk01searshared01ieng02";"Southeast Asia";"HTTPS";"ListContainers";"OAuth";"200";"Success";"8";"8";"https://sahk01searshared01ieng02.blob.core.windows.net:443/?comp=list";"13.59.164.228";"f24dabd2-701e-0074-63c6-e6da62000000";"1.0";"2019-02-02";"C94310FE9B7EFDF56D4006CE74F1FB8D4D99F59C17F208CB440649351231FD76";"7b2a25d5-d598-40d4-9611-14db744d48d5";"7f2c1900-9fd4-4b89-91d3-79a649996f0a";"2ffc37fb-4740-46ff-9469-361af346101a";"https://storage.azure.com/";"https://sts.windows.net/7f2c1900-9fd4-4b89-91d3-79a649996f0a/";"";"[{""action"":""Microsoft.Storage/storageAccounts/blobServices/containers/read"",""roleAssignmentId"":""242b4a4b-b989-4d83-b3b1-4cdabfb40a8f"",""roleDefinitionId"":""17d1049b-9a84-46fb-8f53-869881c3d3ab"",""type"":""RBAC"",""principals"":[{""id"":""7b2a25d5-d598-40d4-9611-14db744d48d5"",""type"":""ServicePrincipal""}],""denyAssignmentId"":"""",""result"":""Granted"",""reason"":""Policy""}]";"Apache-HttpClient/4.5.13 (Java/11.0.15)";"";"";"";"blob";;"1603";;"152";"184";"";"";;"";;"StorageRead";"TLS 1.2";"";"Azure";"StorageBlobLogs";"/subscriptions/9b491dd6-598e-498c-98a0-d3bbd2290821/resourcegroups/rg-hk01-sea-r-iengage-storage01/providers/microsoft.storage/storageaccounts/sahk01searshared01ieng02/blobservices/default";"";"";"";"";"";"";;"";"";"";;"";"2022-10-23T18:03:48.2331168Z"
"f486ca19-3cb9-4345-8639-7ccfe1fe149a";"2022-10-23T10:03:47.991316Z";"sahk01searshared01ieng02";"Southeast Asia";"HTTPS";"GetFileServiceProperties";"AccountKey";"200";"Success";"5";"4";"https://sahk01searshared01ieng02.file.core.windows.net:443/?restype=service&comp=properties";"13.59.164.228";"5d933c34-001a-007e-5dc6-e67ed5000000";"1.0";"2017-04-17";"key1(3B18DE87B9298FB09C4AEDBEAF9428ECDE32F13014BA6B40B3C5A5B617EEAE09)";"";"";"";"";"";"";;"Azure-Storage/6.1.0 (JavaJRE 11.0.15; Linux 5.15.59-33.133.amzn2.x86_64)";"";"6cf0262c-c70c-4104-86c2-2ec7cb85af80";"";"file";;"510";;"152";"413";"";"";;"";;"StorageRead";"TLS 1.2";"";"Azure";"StorageFileLogs";"/subscriptions/9b491dd6-598e-498c-98a0-d3bbd2290821/resourcegroups/rg-hk01-sea-r-iengage-storage01/providers/microsoft.storage/storageaccounts/sahk01searshared01ieng02/fileservices/default";"";"";"";"";"";"";;"";"";"";;"";"2022-10-23T18:03:47.991316Z"
"f486ca19-3cb9-4345-8639-7ccfe1fe149a";"2022-10-23T10:03:44.8345141Z";"sahk01searshared01ieng02";"Southeast Asia";"HTTPS";"GetBlobServiceProperties";"OAuth";"200";"Success";"100";"99";"https://sahk01searshared01ieng02.blob.core.windows.net:443/?restype=service&comp=properties";"13.59.164.228";"f24da36a-701e-0074-3bc6-e6da62000000";"1.0";"2019-02-02";"C94310FE9B7EFDF56D4006CE74F1FB8D4D99F59C17F208CB440649351231FD76";"7b2a25d5-d598-40d4-9611-14db744d48d5";"7f2c1900-9fd4-4b89-91d3-79a649996f0a";"2ffc37fb-4740-46ff-9469-361af346101a";"https://storage.azure.com/";"https://sts.windows.net/7f2c1900-9fd4-4b89-91d3-79a649996f0a/";"";"[{""action"":""Microsoft.Storage/storageAccounts/blobServices/read"",""roleAssignmentId"":""242b4a4b-b989-4d83-b3b1-4cdabfb40a8f"",""roleDefinitionId"":""17d1049b-9a84-46fb-8f53-869881c3d3ab"",""type"":""RBAC"",""principals"":[{""id"":""7b2a25d5-d598-40d4-9611-14db744d48d5"",""type"":""ServicePrincipal""}],""denyAssignmentId"":"""",""result"":""Granted"",""reason"":""Policy""}]";"Apache-HttpClient/4.5.13 (Java/11.0.15)";"";"";"";"blob";;"1625";;"152";"723";"";"";;"";;"StorageRead";"TLS 1.2";"";"Azure";"StorageBlobLogs";"/subscriptions/9b491dd6-598e-498c-98a0-d3bbd2290821/resourcegroups/rg-hk01-sea-r-iengage-storage01/providers/microsoft.storage/storageaccounts/sahk01searshared01ieng02/blobservices/default";"";"";"";"";"";"";;"";"";"";;"";"2022-10-23T18:03:44.8345141Z"
"f486ca19-3cb9-4345-8639-7ccfe1fe149a";"2022-10-22T08:08:55.111187Z";"sahk01searshared01ieng02";"Southeast Asia";"HTTPS";"ListContainers";"OAuth";"200";"Success";"6";"6";"https://sahk01searshared01ieng02.blob.core.windows.net:443/?comp=list";"13.59.164.228";"f36f8772-201e-0046-71ed-e5da15000000";"1.0";"2019-02-02";"CD82C997A1AD5303554CBC41E5CDCECF81A42B32CABACA58200EE31F789C120A";"7b2a25d5-d598-40d4-9611-14db744d48d5";"7f2c1900-9fd4-4b89-91d3-79a649996f0a";"2ffc37fb-4740-46ff-9469-361af346101a";"https://storage.azure.com/";"https://sts.windows.net/7f2c1900-9fd4-4b89-91d3-79a649996f0a/";"";"[{""action"":""Microsoft.Storage/storageAccounts/blobServices/containers/read"",""roleAssignmentId"":""242b4a4b-b989-4d83-b3b1-4cdabfb40a8f"",""roleDefinitionId"":""17d1049b-9a84-46fb-8f53-869881c3d3ab"",""type"":""RBAC"",""principals"":[{""id"":""7b2a25d5-d598-40d4-9611-14db744d48d5"",""type"":""ServicePrincipal""}],""denyAssignmentId"":"""",""result"":""Granted"",""reason"":""Policy""}]";"Apache-HttpClient/4.5.13 (Java/11.0.15)";"";"";"";"blob";;"1603";;"152";"184";"";"";;"";;"StorageRead";"TLS 1.2";"";"Azure";"StorageBlobLogs";"/subscriptions/9b491dd6-598e-498c-98a0-d3bbd2290821/resourcegroups/rg-hk01-sea-r-iengage-storage01/providers/microsoft.storage/storageaccounts/sahk01searshared01ieng02/blobservices/default";"";"";"";"";"";"";;"";"";"";;"";"2022-10-22T16:08:55.111187Z"
"f486ca19-3cb9-4345-8639-7ccfe1fe149a";"2022-10-22T08:08:54.8620188Z";"sahk01searshared01ieng02";"Southeast Asia";"HTTPS";"GetFileServiceProperties";"AccountKey";"200";"Success";"8";"7";"https://sahk01searshared01ieng02.file.core.windows.net:443/?restype=service&comp=properties";"13.59.164.228";"d046f593-501a-002e-14ed-e5bc85000000";"1.0";"2017-04-17";"key1(3B18DE87B9298FB09C4AEDBEAF9428ECDE32F13014BA6B40B3C5A5B617EEAE09)";"";"";"";"";"";"";;"Azure-Storage/6.1.0 (JavaJRE 11.0.15; Linux 5.15.59-33.133.amzn2.x86_64)";"";"fabab298-5e4b-4499-8124-4cdab3e26b65";"";"file";;"510";;"152";"413";"";"";;"";;"StorageRead";"TLS 1.2";"";"Azure";"StorageFileLogs";"/subscriptions/9b491dd6-598e-498c-98a0-d3bbd2290821/resourcegroups/rg-hk01-sea-r-iengage-storage01/providers/microsoft.storage/storageaccounts/sahk01searshared01ieng02/fileservices/default";"";"";"";"";"";"";;"";"";"";;"";"2022-10-22T16:08:54.8620188Z"
"f486ca19-3cb9-4345-8639-7ccfe1fe149a";"2022-10-22T08:08:51.7355546Z";"sahk01searshared01ieng02";"Southeast Asia";"HTTPS";"GetBlobServiceProperties";"OAuth";"200";"Success";"113";"113";"https://sahk01searshared01ieng02.blob.core.windows.net:443/?restype=service&comp=properties";"13.59.164.228";"f36f793c-201e-0046-6bed-e5da15000000";"1.0";"2019-02-02";"CD82C997A1AD5303554CBC41E5CDCECF81A42B32CABACA58200EE31F789C120A";"7b2a25d5-d598-40d4-9611-14db744d48d5";"7f2c1900-9fd4-4b89-91d3-79a649996f0a";"2ffc37fb-4740-46ff-9469-361af346101a";"https://storage.azure.com/";"https://sts.windows.net/7f2c1900-9fd4-4b89-91d3-79a649996f0a/";"";"[{""action"":""Microsoft.Storage/storageAccounts/blobServices/read"",""roleAssignmentId"":""242b4a4b-b989-4d83-b3b1-4cdabfb40a8f"",""roleDefinitionId"":""17d1049b-9a84-46fb-8f53-869881c3d3ab"",""type"":""RBAC"",""principals"":[{""id"":""7b2a25d5-d598-40d4-9611-14db744d48d5"",""type"":""ServicePrincipal""}],""denyAssignmentId"":"""",""result"":""Granted"",""reason"":""Policy""}]";"Apache-HttpClient/4.5.13 (Java/11.0.15)";"";"";"";"blob";;"1625";;"152";"723";"";"";;"";;"StorageRead";"TLS 1.2";"";"Azure";"StorageBlobLogs";"/subscriptions/9b491dd6-598e-498c-98a0-d3bbd2290821/resourcegroups/rg-hk01-sea-r-iengage-storage01/providers/microsoft.storage/storageaccounts/sahk01searshared01ieng02/blobservices/default";"";"";"";"";"";"";;"";"";"";;"";"2022-10-22T16:08:51.7355546Z"
"f486ca19-3cb9-4345-8639-7ccfe1fe149a";"2022-10-20T09:29:17.4219562Z";"sahk01searshared01ieng02";"Southeast Asia";"HTTPS";"ListContainers";"OAuth";"200";"Success";"7";"6";"https://sahk01searshared01ieng02.blob.core.windows.net:443/?comp=list";"13.59.164.228";"524ea23a-901e-007c-2a66-e4c06d000000";"1.0";"2019-02-02";"937A9480D5E329BC6882F5AD7AF2536A3A2B17593B3CDB60C9494B7A294A78C1";"7b2a25d5-d598-40d4-9611-14db744d48d5";"7f2c1900-9fd4-4b89-91d3-79a649996f0a";"2ffc37fb-4740-46ff-9469-361af346101a";"https://storage.azure.com/";"https://sts.windows.net/7f2c1900-9fd4-4b89-91d3-79a649996f0a/";"";"[{""action"":""Microsoft.Storage/storageAccounts/blobServices/containers/read"",""roleAssignmentId"":""242b4a4b-b989-4d83-b3b1-4cdabfb40a8f"",""roleDefinitionId"":""17d1049b-9a84-46fb-8f53-869881c3d3ab"",""type"":""RBAC"",""principals"":[{""id"":""7b2a25d5-d598-40d4-9611-14db744d48d5"",""type"":""ServicePrincipal""}],""denyAssignmentId"":"""",""result"":""Granted"",""reason"":""Policy""}]";"Apache-HttpClient/4.5.13 (Java/11.0.15)";"";"";"";"blob";;"1603";;"152";"184";"";"";;"";;"StorageRead";"TLS 1.2";"";"Azure";"StorageBlobLogs";"/subscriptions/9b491dd6-598e-498c-98a0-d3bbd2290821/resourcegroups/rg-hk01-sea-r-iengage-storage01/providers/microsoft.storage/storageaccounts/sahk01searshared01ieng02/blobservices/default";"";"";"";"";"";"";;"";"";"";;"";"2022-10-20T17:29:17.4219562Z"
"f486ca19-3cb9-4345-8639-7ccfe1fe149a";"2022-10-20T09:29:17.1779705Z";"sahk01searshared01ieng02";"Southeast Asia";"HTTPS";"GetFileServiceProperties";"AccountKey";"200";"Success";"11";"11";"https://sahk01searshared01ieng02.file.core.windows.net:443/?restype=service&comp=properties";"13.59.164.228";"61d5866b-501a-0011-6e66-e47426000000";"1.0";"2017-04-17";"key1(3B18DE87B9298FB09C4AEDBEAF9428ECDE32F13014BA6B40B3C5A5B617EEAE09)";"";"";"";"";"";"";;"Azure-Storage/6.1.0 (JavaJRE 11.0.15; Linux 5.15.59-33.133.amzn2.x86_64)";"";"65b26c15-9b73-4d99-951a-75b5bf22f769";"";"file";;"510";;"152";"413";"";"";;"";;"StorageRead";"TLS 1.2";"";"Azure";"StorageFileLogs";"/subscriptions/9b491dd6-598e-498c-98a0-d3bbd2290821/resourcegroups/rg-hk01-sea-r-iengage-storage01/providers/microsoft.storage/storageaccounts/sahk01searshared01ieng02/fileservices/default";"";"";"";"";"";"";;"";"";"";;"";"2022-10-20T17:29:17.1779705Z"
"f486ca19-3cb9-4345-8639-7ccfe1fe149a";"2022-10-20T09:29:12.8499813Z";"sahk01searshared01ieng02";"Southeast Asia";"HTTPS";"GetBlobServiceProperties";"OAuth";"200";"Success";"102";"102";"https://sahk01searshared01ieng02.blob.core.windows.net:443/?restype=service&comp=properties";"13.59.164.228";"524e8de6-901e-007c-3f66-e4c06d000000";"1.0";"2019-02-02";"937A9480D5E329BC6882F5AD7AF2536A3A2B17593B3CDB60C9494B7A294A78C1";"7b2a25d5-d598-40d4-9611-14db744d48d5";"7f2c1900-9fd4-4b89-91d3-79a649996f0a";"2ffc37fb-4740-46ff-9469-361af346101a";"https://storage.azure.com/";"https://sts.windows.net/7f2c1900-9fd4-4b89-91d3-79a649996f0a/";"";"[{""action"":""Microsoft.Storage/storageAccounts/blobServices/read"",""roleAssignmentId"":""242b4a4b-b989-4d83-b3b1-4cdabfb40a8f"",""roleDefinitionId"":""17d1049b-9a84-46fb-8f53-869881c3d3ab"",""type"":""RBAC"",""principals"":[{""id"":""7b2a25d5-d598-40d4-9611-14db744d48d5"",""type"":""ServicePrincipal""}],""denyAssignmentId"":"""",""result"":""Granted"",""reason"":""Policy""}]";"Apache-HttpClient/4.5.13 (Java/11.0.15)";"";"";"";"blob";;"1625";;"152";"723";"";"";;"";;"StorageRead";"TLS 1.2";"";"Azure";"StorageBlobLogs";"/subscriptions/9b491dd6-598e-498c-98a0-d3bbd2290821/resourcegroups/rg-hk01-sea-r-iengage-storage01/providers/microsoft.storage/storageaccounts/sahk01searshared01ieng02/blobservices/default";"";"";"";"";"";"";;"";"";"";;"";"2022-10-20T17:29:12.8499813Z"
"f486ca19-3cb9-4345-8639-7ccfe1fe149a";"2022-10-20T06:27:33.6291868Z";"sahk01searshared01ieng02";"Southeast Asia";"HTTPS";"ListContainers";"OAuth";"200";"Success";"9";"9";"https://sahk01searshared01ieng02.blob.core.windows.net:443/?comp=list";"18.221.72.80";"a995ec0a-601e-0035-734d-e48286000000";"1.0";"2019-02-02";"6326785512D4EC6227DDBD8CC6E29213C35E78403C2FC82B7740654AED7AC3A6";"7b2a25d5-d598-40d4-9611-14db744d48d5";"7f2c1900-9fd4-4b89-91d3-79a649996f0a";"2ffc37fb-4740-46ff-9469-361af346101a";"https://storage.azure.com/";"https://sts.windows.net/7f2c1900-9fd4-4b89-91d3-79a649996f0a/";"";"[{""action"":""Microsoft.Storage/storageAccounts/blobServices/containers/read"",""roleAssignmentId"":""242b4a4b-b989-4d83-b3b1-4cdabfb40a8f"",""roleDefinitionId"":""17d1049b-9a84-46fb-8f53-869881c3d3ab"",""type"":""RBAC"",""principals"":[{""id"":""7b2a25d5-d598-40d4-9611-14db744d48d5"",""type"":""ServicePrincipal""}],""denyAssignmentId"":"""",""result"":""Granted"",""reason"":""Policy""}]";"Apache-HttpClient/4.5.13 (Java/11.0.15)";"";"";"";"blob";;"1603";;"152";"184";"";"";;"";;"StorageRead";"TLS 1.2";"";"Azure";"StorageBlobLogs";"/subscriptions/9b491dd6-598e-498c-98a0-d3bbd2290821/resourcegroups/rg-hk01-sea-r-iengage-storage01/providers/microsoft.storage/storageaccounts/sahk01searshared01ieng02/blobservices/default";"";"";"";"";"";"";;"";"";"";;"";"2022-10-20T14:27:33.6291868Z"
"f486ca19-3cb9-4345-8639-7ccfe1fe149a";"2022-10-20T06:27:28.954191Z";"sahk01searshared01ieng02";"Southeast Asia";"HTTPS";"GetBlobServiceProperties";"OAuth";"200";"Success";"13";"13";"https://sahk01searshared01ieng02.blob.core.windows.net:443/?restype=service&comp=properties";"18.221.72.80";"a995dafd-601e-0035-804d-e48286000000";"1.0";"2019-02-02";"6326785512D4EC6227DDBD8CC6E29213C35E78403C2FC82B7740654AED7AC3A6";"7b2a25d5-d598-40d4-9611-14db744d48d5";"7f2c1900-9fd4-4b89-91d3-79a649996f0a";"2ffc37fb-4740-46ff-9469-361af346101a";"https://storage.azure.com/";"https://sts.windows.net/7f2c1900-9fd4-4b89-91d3-79a649996f0a/";"";"[{""action"":""Microsoft.Storage/storageAccounts/blobServices/read"",""roleAssignmentId"":""242b4a4b-b989-4d83-b3b1-4cdabfb40a8f"",""roleDefinitionId"":""17d1049b-9a84-46fb-8f53-869881c3d3ab"",""type"":""RBAC"",""principals"":[{""id"":""7b2a25d5-d598-40d4-9611-14db744d48d5"",""type"":""ServicePrincipal""}],""denyAssignmentId"":"""",""result"":""Granted"",""reason"":""Policy""}]";"Apache-HttpClient/4.5.13 (Java/11.0.15)";"";"";"";"blob";;"1625";;"152";"723";"";"";;"";;"StorageRead";"TLS 1.2";"";"Azure";"StorageBlobLogs";"/subscriptions/9b491dd6-598e-498c-98a0-d3bbd2290821/resourcegroups/rg-hk01-sea-r-iengage-storage01/providers/microsoft.storage/storageaccounts/sahk01searshared01ieng02/blobservices/default";"";"";"";"";"";"";;"";"";"";;"";"2022-10-20T14:27:28.954191Z"
"f486ca19-3cb9-4345-8639-7ccfe1fe149a";"2022-10-19T09:28:38.4728187Z";"sahk01searshared01ieng02";"Southeast Asia";"HTTPS";"ListContainers";"OAuth";"200";"Success";"21";"21";"https://sahk01searshared01ieng02.blob.core.windows.net:443/?comp=list";"18.221.72.80";"e33646d3-101e-0000-229d-e3ee92000000";"1.0";"2019-02-02";"5CBA1A88ADD9F8A8E74D5C20E07F8E3BFACB97BDEAC3703A952D04975F8BDCE6";"7b2a25d5-d598-40d4-9611-14db744d48d5";"7f2c1900-9fd4-4b89-91d3-79a649996f0a";"2ffc37fb-4740-46ff-9469-361af346101a";"https://storage.azure.com/";"https://sts.windows.net/7f2c1900-9fd4-4b89-91d3-79a649996f0a/";"";"[{""action"":""Microsoft.Storage/storageAccounts/blobServices/containers/read"",""roleAssignmentId"":""242b4a4b-b989-4d83-b3b1-4cdabfb40a8f"",""roleDefinitionId"":""17d1049b-9a84-46fb-8f53-869881c3d3ab"",""type"":""RBAC"",""principals"":[{""id"":""7b2a25d5-d598-40d4-9611-14db744d48d5"",""type"":""ServicePrincipal""}],""denyAssignmentId"":"""",""result"":""Granted"",""reason"":""Policy""}]";"Apache-HttpClient/4.5.13 (Java/11.0.15)";"";"";"";"blob";;"1603";;"152";"184";"";"";;"";;"StorageRead";"TLS 1.2";"";"Azure";"StorageBlobLogs";"/subscriptions/9b491dd6-598e-498c-98a0-d3bbd2290821/resourcegroups/rg-hk01-sea-r-iengage-storage01/providers/microsoft.storage/storageaccounts/sahk01searshared01ieng02/blobservices/default";"";"";"";"";"";"";;"";"";"";;"";"2022-10-19T17:28:38.4728187Z"
"f486ca19-3cb9-4345-8639-7ccfe1fe149a";"2022-10-19T09:28:38.2093553Z";"sahk01searshared01ieng02";"Southeast Asia";"HTTPS";"GetFileServiceProperties";"AccountKey";"200";"Success";"7";"7";"https://sahk01searshared01ieng02.file.core.windows.net:443/?restype=service&comp=properties";"18.221.72.80";"0b70f6cd-e01a-0004-209d-e36395000000";"1.0";"2017-04-17";"key1(3B18DE87B9298FB09C4AEDBEAF9428ECDE32F13014BA6B40B3C5A5B617EEAE09)";"";"";"";"";"";"";;"Azure-Storage/6.1.0 (JavaJRE 11.0.15; Linux 5.15.59-33.133.amzn2.x86_64)";"";"fcf5e5cf-0580-4d71-aae4-25c5080f306b";"";"file";;"510";;"152";"413";"";"";;"";;"StorageRead";"TLS 1.2";"";"Azure";"StorageFileLogs";"/subscriptions/9b491dd6-598e-498c-98a0-d3bbd2290821/resourcegroups/rg-hk01-sea-r-iengage-storage01/providers/microsoft.storage/storageaccounts/sahk01searshared01ieng02/fileservices/default";"";"";"";"";"";"";;"";"";"";;"";"2022-10-19T17:28:38.2093553Z"
"f486ca19-3cb9-4345-8639-7ccfe1fe149a";"2022-10-19T09:28:35.0639551Z";"sahk01searshared01ieng02";"Southeast Asia";"HTTPS";"GetBlobServiceProperties";"OAuth";"200";"Success";"121";"121";"https://sahk01searshared01ieng02.blob.core.windows.net:443/?restype=service&comp=properties";"18.221.72.80";"e3363dc4-101e-0000-7e9d-e3ee92000000";"1.0";"2019-02-02";"5CBA1A88ADD9F8A8E74D5C20E07F8E3BFACB97BDEAC3703A952D04975F8BDCE6";"7b2a25d5-d598-40d4-9611-14db744d48d5";"7f2c1900-9fd4-4b89-91d3-79a649996f0a";"2ffc37fb-4740-46ff-9469-361af346101a";"https://storage.azure.com/";"https://sts.windows.net/7f2c1900-9fd4-4b89-91d3-79a649996f0a/";"";"[{""action"":""Microsoft.Storage/storageAccounts/blobServices/read"",""roleAssignmentId"":""242b4a4b-b989-4d83-b3b1-4cdabfb40a8f"",""roleDefinitionId"":""17d1049b-9a84-46fb-8f53-869881c3d3ab"",""type"":""RBAC"",""principals"":[{""id"":""7b2a25d5-d598-40d4-9611-14db744d48d5"",""type"":""ServicePrincipal""}],""denyAssignmentId"":"""",""result"":""Granted"",""reason"":""Policy""}]";"Apache-HttpClient/4.5.13 (Java/11.0.15)";"";"";"";"blob";;"1625";;"152";"723";"";"";;"";;"StorageRead";"TLS 1.2";"";"Azure";"StorageBlobLogs";"/subscriptions/9b491dd6-598e-498c-98a0-d3bbd2290821/resourcegroups/rg-hk01-sea-r-iengage-storage01/providers/microsoft.storage/storageaccounts/sahk01searshared01ieng02/blobservices/default";"";"";"";"";"";"";;"";"";"";;"";"2022-10-19T17:28:35.0639551Z"
"f486ca19-3cb9-4345-8639-7ccfe1fe149a";"2022-10-18T07:26:30.9186784Z";"sahk01searshared01ieng02";"Southeast Asia";"HTTPS";"ListContainers";"OAuth";"200";"Success";"11";"11";"https://sahk01searshared01ieng02.blob.core.windows.net:443/?comp=list";"18.221.72.80";"551f34ba-101e-002f-79c2-e2e359000000";"1.0";"2019-02-02";"9249A05683C5412C435A6B106EEE238AD4117C70FDD4AB8107C79519C138463C";"7b2a25d5-d598-40d4-9611-14db744d48d5";"7f2c1900-9fd4-4b89-91d3-79a649996f0a";"2ffc37fb-4740-46ff-9469-361af346101a";"https://storage.azure.com/";"https://sts.windows.net/7f2c1900-9fd4-4b89-91d3-79a649996f0a/";"";"[{""action"":""Microsoft.Storage/storageAccounts/blobServices/containers/read"",""roleAssignmentId"":""242b4a4b-b989-4d83-b3b1-4cdabfb40a8f"",""roleDefinitionId"":""17d1049b-9a84-46fb-8f53-869881c3d3ab"",""type"":""RBAC"",""principals"":[{""id"":""7b2a25d5-d598-40d4-9611-14db744d48d5"",""type"":""ServicePrincipal""}],""denyAssignmentId"":"""",""result"":""Granted"",""reason"":""Policy""}]";"Apache-HttpClient/4.5.13 (Java/11.0.15)";"";"";"";"blob";;"1603";;"152";"184";"";"";;"";;"StorageRead";"TLS 1.2";"";"Azure";"StorageBlobLogs";"/subscriptions/9b491dd6-598e-498c-98a0-d3bbd2290821/resourcegroups/rg-hk01-sea-r-iengage-storage01/providers/microsoft.storage/storageaccounts/sahk01searshared01ieng02/blobservices/default";"";"";"";"";"";"";;"";"";"";;"";"2022-10-18T15:26:30.9186784Z"
"f486ca19-3cb9-4345-8639-7ccfe1fe149a";"2022-10-18T07:26:30.6701998Z";"sahk01searshared01ieng02";"Southeast Asia";"HTTPS";"GetFileServiceProperties";"AccountKey";"200";"Success";"13";"13";"https://sahk01searshared01ieng02.file.core.windows.net:443/?restype=service&comp=properties";"18.221.72.80";"f72ade7c-801a-003d-0fc2-e29889000000";"1.0";"2017-04-17";"key1(3B18DE87B9298FB09C4AEDBEAF9428ECDE32F13014BA6B40B3C5A5B617EEAE09)";"";"";"";"";"";"";;"Azure-Storage/6.1.0 (JavaJRE 11.0.15; Linux 5.15.59-33.133.amzn2.x86_64)";"";"9c847b31-0fa2-40b1-8174-359b2bb55927";"";"file";;"510";;"152";"413";"";"";;"";;"StorageRead";"TLS 1.2";"";"Azure";"StorageFileLogs";"/subscriptions/9b491dd6-598e-498c-98a0-d3bbd2290821/resourcegroups/rg-hk01-sea-r-iengage-storage01/providers/microsoft.storage/storageaccounts/sahk01searshared01ieng02/fileservices/default";"";"";"";"";"";"";;"";"";"";;"";"2022-10-18T15:26:30.6701998Z"
"f486ca19-3cb9-4345-8639-7ccfe1fe149a";"2022-10-18T07:26:26.9945807Z";"sahk01searshared01ieng02";"Southeast Asia";"HTTPS";"GetBlobServiceProperties";"OAuth";"200";"Success";"134";"134";"https://sahk01searshared01ieng02.blob.core.windows.net:443/?restype=service&comp=properties";"18.221.72.80";"551f2cba-101e-002f-33c2-e2e359000000";"1.0";"2019-02-02";"9249A05683C5412C435A6B106EEE238AD4117C70FDD4AB8107C79519C138463C";"7b2a25d5-d598-40d4-9611-14db744d48d5";"7f2c1900-9fd4-4b89-91d3-79a649996f0a";"2ffc37fb-4740-46ff-9469-361af346101a";"https://storage.azure.com/";"https://sts.windows.net/7f2c1900-9fd4-4b89-91d3-79a649996f0a/";"";"[{""action"":""Microsoft.Storage/storageAccounts/blobServices/read"",""roleAssignmentId"":""242b4a4b-b989-4d83-b3b1-4cdabfb40a8f"",""roleDefinitionId"":""17d1049b-9a84-46fb-8f53-869881c3d3ab"",""type"":""RBAC"",""principals"":[{""id"":""7b2a25d5-d598-40d4-9611-14db744d48d5"",""type"":""ServicePrincipal""}],""denyAssignmentId"":"""",""result"":""Granted"",""reason"":""Policy""}]";"Apache-HttpClient/4.5.13 (Java/11.0.15)";"";"";"";"blob";;"1625";;"152";"723";"";"";;"";;"StorageRead";"TLS 1.2";"";"Azure";"StorageBlobLogs";"/subscriptions/9b491dd6-598e-498c-98a0-d3bbd2290821/resourcegroups/rg-hk01-sea-r-iengage-storage01/providers/microsoft.storage/storageaccounts/sahk01searshared01ieng02/blobservices/default";"";"";"";"";"";"";;"";"";"";;"";"2022-10-18T15:26:26.9945807Z"
"f486ca19-3cb9-4345-8639-7ccfe1fe149a";"2022-10-16T07:19:25.4507949Z";"sahk01searshared01ieng02";"Southeast Asia";"HTTPS";"ListContainers";"OAuth";"200";"Success";"9";"9";"https://sahk01searshared01ieng02.blob.core.windows.net:443/?comp=list";"13.59.164.228";"0f7a86df-c01e-003c-4a2f-e1c755000000";"1.0";"2019-02-02";"683A6B240864660B99068F69AF76A62CD2D4D37BA9241ADE83BD4E60597A290F";"7b2a25d5-d598-40d4-9611-14db744d48d5";"7f2c1900-9fd4-4b89-91d3-79a649996f0a";"2ffc37fb-4740-46ff-9469-361af346101a";"https://storage.azure.com/";"https://sts.windows.net/7f2c1900-9fd4-4b89-91d3-79a649996f0a/";"";"[{""action"":""Microsoft.Storage/storageAccounts/blobServices/containers/read"",""roleAssignmentId"":""242b4a4b-b989-4d83-b3b1-4cdabfb40a8f"",""roleDefinitionId"":""17d1049b-9a84-46fb-8f53-869881c3d3ab"",""type"":""RBAC"",""principals"":[{""id"":""7b2a25d5-d598-40d4-9611-14db744d48d5"",""type"":""ServicePrincipal""}],""denyAssignmentId"":"""",""result"":""Granted"",""reason"":""Policy""}]";"Apache-HttpClient/4.5.13 (Java/11.0.15)";"";"";"";"blob";;"1603";;"152";"184";"";"";;"";;"StorageRead";"TLS 1.2";"";"Azure";"StorageBlobLogs";"/subscriptions/9b491dd6-598e-498c-98a0-d3bbd2290821/resourcegroups/rg-hk01-sea-r-iengage-storage01/providers/microsoft.storage/storageaccounts/sahk01searshared01ieng02/blobservices/default";"";"";"";"";"";"";;"";"";"";;"";"2022-10-16T15:19:25.4507949Z"
"f486ca19-3cb9-4345-8639-7ccfe1fe149a";"2022-10-16T07:19:25.2074542Z";"sahk01searshared01ieng02";"Southeast Asia";"HTTPS";"GetFileServiceProperties";"AccountKey";"200";"Success";"8";"8";"https://sahk01searshared01ieng02.file.core.windows.net:443/?restype=service&comp=properties";"13.59.164.228";"fe809758-801a-0070-522f-e15765000000";"1.0";"2017-04-17";"key1(3B18DE87B9298FB09C4AEDBEAF9428ECDE32F13014BA6B40B3C5A5B617EEAE09)";"";"";"";"";"";"";;"Azure-Storage/6.1.0 (JavaJRE 11.0.15; Linux 5.15.59-33.133.amzn2.x86_64)";"";"bc532d63-ea8a-439d-8e78-083ab5947637";"";"file";;"510";;"152";"413";"";"";;"";;"StorageRead";"TLS 1.2";"";"Azure";"StorageFileLogs";"/subscriptions/9b491dd6-598e-498c-98a0-d3bbd2290821/resourcegroups/rg-hk01-sea-r-iengage-storage01/providers/microsoft.storage/storageaccounts/sahk01searshared01ieng02/fileservices/default";"";"";"";"";"";"";;"";"";"";;"";"2022-10-16T15:19:25.2074542Z"
"f486ca19-3cb9-4345-8639-7ccfe1fe149a";"2022-10-16T07:19:22.113508Z";"sahk01searshared01ieng02";"Southeast Asia";"HTTPS";"GetBlobServiceProperties";"OAuth";"200";"Success";"110";"110";"https://sahk01searshared01ieng02.blob.core.windows.net:443/?restype=service&comp=properties";"13.59.164.228";"0f7a8020-c01e-003c-5c2f-e1c755000000";"1.0";"2019-02-02";"683A6B240864660B99068F69AF76A62CD2D4D37BA9241ADE83BD4E60597A290F";"7b2a25d5-d598-40d4-9611-14db744d48d5";"7f2c1900-9fd4-4b89-91d3-79a649996f0a";"2ffc37fb-4740-46ff-9469-361af346101a";"https://storage.azure.com/";"https://sts.windows.net/7f2c1900-9fd4-4b89-91d3-79a649996f0a/";"";"[{""action"":""Microsoft.Storage/storageAccounts/blobServices/read"",""roleAssignmentId"":""242b4a4b-b989-4d83-b3b1-4cdabfb40a8f"",""roleDefinitionId"":""17d1049b-9a84-46fb-8f53-869881c3d3ab"",""type"":""RBAC"",""principals"":[{""id"":""7b2a25d5-d598-40d4-9611-14db744d48d5"",""type"":""ServicePrincipal""}],""denyAssignmentId"":"""",""result"":""Granted"",""reason"":""Policy""}]";"Apache-HttpClient/4.5.13 (Java/11.0.15)";"";"";"";"blob";;"1625";;"152";"723";"";"";;"";;"StorageRead";"TLS 1.2";"";"Azure";"StorageBlobLogs";"/subscriptions/9b491dd6-598e-498c-98a0-d3bbd2290821/resourcegroups/rg-hk01-sea-r-iengage-storage01/providers/microsoft.storage/storageaccounts/sahk01searshared01ieng02/blobservices/default";"";"";"";"";"";"";;"";"";"";;"";"2022-10-16T15:19:22.113508Z"
"f486ca19-3cb9-4345-8639-7ccfe1fe149a";"2022-10-15T08:12:57.3393147Z";"sahk01searshared01ieng02";"Southeast Asia";"HTTPS";"ListContainers";"OAuth";"200";"Success";"6";"6";"https://sahk01searshared01ieng02.blob.core.windows.net:443/?comp=list";"18.221.72.80";"ec6ecae3-001e-0051-296d-e0731e000000";"1.0";"2019-02-02";"A284CFF2D1DC39E4DD4128F47425FCA200A68CBB02BD67858980E36AD0377404";"7b2a25d5-d598-40d4-9611-14db744d48d5";"7f2c1900-9fd4-4b89-91d3-79a649996f0a";"2ffc37fb-4740-46ff-9469-361af346101a";"https://storage.azure.com/";"https://sts.windows.net/7f2c1900-9fd4-4b89-91d3-79a649996f0a/";"";"[{""action"":""Microsoft.Storage/storageAccounts/blobServices/containers/read"",""roleAssignmentId"":""242b4a4b-b989-4d83-b3b1-4cdabfb40a8f"",""roleDefinitionId"":""17d1049b-9a84-46fb-8f53-869881c3d3ab"",""type"":""RBAC"",""principals"":[{""id"":""7b2a25d5-d598-40d4-9611-14db744d48d5"",""type"":""ServicePrincipal""}],""denyAssignmentId"":"""",""result"":""Granted"",""reason"":""Policy""}]";"Apache-HttpClient/4.5.13 (Java/11.0.15)";"";"";"";"blob";;"1603";;"152";"184";"";"";;"";;"StorageRead";"TLS 1.2";"";"Azure";"StorageBlobLogs";"/subscriptions/9b491dd6-598e-498c-98a0-d3bbd2290821/resourcegroups/rg-hk01-sea-r-iengage-storage01/providers/microsoft.storage/storageaccounts/sahk01searshared01ieng02/blobservices/default";"";"";"";"";"";"";;"";"";"";;"";"2022-10-15T16:12:57.3393147Z"
"f486ca19-3cb9-4345-8639-7ccfe1fe149a";"2022-10-15T08:12:57.1003254Z";"sahk01searshared01ieng02";"Southeast Asia";"HTTPS";"GetFileServiceProperties";"AccountKey";"200";"Success";"5";"5";"https://sahk01searshared01ieng02.file.core.windows.net:443/?restype=service&comp=properties";"18.221.72.80";"3750fdab-501a-005c-486d-e0bbca000000";"1.0";"2017-04-17";"key1(3B18DE87B9298FB09C4AEDBEAF9428ECDE32F13014BA6B40B3C5A5B617EEAE09)";"";"";"";"";"";"";;"Azure-Storage/6.1.0 (JavaJRE 11.0.15; Linux 5.15.59-33.133.amzn2.x86_64)";"";"81c8c283-aad0-4b75-8268-1baafbb04b7e";"";"file";;"510";;"152";"413";"";"";;"";;"StorageRead";"TLS 1.2";"";"Azure";"StorageFileLogs";"/subscriptions/9b491dd6-598e-498c-98a0-d3bbd2290821/resourcegroups/rg-hk01-sea-r-iengage-storage01/providers/microsoft.storage/storageaccounts/sahk01searshared01ieng02/fileservices/default";"";"";"";"";"";"";;"";"";"";;"";"2022-10-15T16:12:57.1003254Z"
"f486ca19-3cb9-4345-8639-7ccfe1fe149a";"2022-10-15T08:12:53.6413978Z";"sahk01searshared01ieng02";"Southeast Asia";"HTTPS";"GetBlobServiceProperties";"OAuth";"200";"Success";"80";"80";"https://sahk01searshared01ieng02.blob.core.windows.net:443/?restype=service&comp=properties";"18.221.72.80";"ec6ec22a-001e-0051-0f6d-e0731e000000";"1.0";"2019-02-02";"A284CFF2D1DC39E4DD4128F47425FCA200A68CBB02BD67858980E36AD0377404";"7b2a25d5-d598-40d4-9611-14db744d48d5";"7f2c1900-9fd4-4b89-91d3-79a649996f0a";"2ffc37fb-4740-46ff-9469-361af346101a";"https://storage.azure.com/";"https://sts.windows.net/7f2c1900-9fd4-4b89-91d3-79a649996f0a/";"";"[{""action"":""Microsoft.Storage/storageAccounts/blobServices/read"",""roleAssignmentId"":""242b4a4b-b989-4d83-b3b1-4cdabfb40a8f"",""roleDefinitionId"":""17d1049b-9a84-46fb-8f53-869881c3d3ab"",""type"":""RBAC"",""principals"":[{""id"":""7b2a25d5-d598-40d4-9611-14db744d48d5"",""type"":""ServicePrincipal""}],""denyAssignmentId"":"""",""result"":""Granted"",""reason"":""Policy""}]";"Apache-HttpClient/4.5.13 (Java/11.0.15)";"";"";"";"blob";;"1625";;"152";"723";"";"";;"";;"StorageRead";"TLS 1.2";"";"Azure";"StorageBlobLogs";"/subscriptions/9b491dd6-598e-498c-98a0-d3bbd2290821/resourcegroups/rg-hk01-sea-r-iengage-storage01/providers/microsoft.storage/storageaccounts/sahk01searshared01ieng02/blobservices/default";"";"";"";"";"";"";;"";"";"";;"";"2022-10-15T16:12:53.6413978Z"
"f486ca19-3cb9-4345-8639-7ccfe1fe149a";"2022-10-14T08:14:25.1085744Z";"sahk01searshared01ieng02";"Southeast Asia";"HTTPS";"ListContainers";"OAuth";"200";"Success";"29";"29";"https://sahk01searshared01ieng02.blob.core.windows.net:443/?comp=list";"18.221.72.80";"f611cc8c-901e-0031-59a4-df0f81000000";"1.0";"2019-02-02";"0D3FC78254BB1AD67FE5EE70C9541E830C4574F8BB3EFE324FECF67CDDE0D6CE";"7b2a25d5-d598-40d4-9611-14db744d48d5";"7f2c1900-9fd4-4b89-91d3-79a649996f0a";"2ffc37fb-4740-46ff-9469-361af346101a";"https://storage.azure.com/";"https://sts.windows.net/7f2c1900-9fd4-4b89-91d3-79a649996f0a/";"";"[{""action"":""Microsoft.Storage/storageAccounts/blobServices/containers/read"",""roleAssignmentId"":""242b4a4b-b989-4d83-b3b1-4cdabfb40a8f"",""roleDefinitionId"":""17d1049b-9a84-46fb-8f53-869881c3d3ab"",""type"":""RBAC"",""principals"":[{""id"":""7b2a25d5-d598-40d4-9611-14db744d48d5"",""type"":""ServicePrincipal""}],""denyAssignmentId"":"""",""result"":""Granted"",""reason"":""Policy""}]";"Apache-HttpClient/4.5.13 (Java/11.0.15)";"";"";"";"blob";;"1603";;"152";"184";"";"";;"";;"StorageRead";"TLS 1.2";"";"Azure";"StorageBlobLogs";"/subscriptions/9b491dd6-598e-498c-98a0-d3bbd2290821/resourcegroups/rg-hk01-sea-r-iengage-storage01/providers/microsoft.storage/storageaccounts/sahk01searshared01ieng02/blobservices/default";"";"";"";"";"";"";;"";"";"";;"";"2022-10-14T16:14:25.1085744Z"
"f486ca19-3cb9-4345-8639-7ccfe1fe149a";"2022-10-14T08:14:24.838832Z";"sahk01searshared01ieng02";"Southeast Asia";"HTTPS";"GetFileServiceProperties";"AccountKey";"200";"Success";"13";"13";"https://sahk01searshared01ieng02.file.core.windows.net:443/?restype=service&comp=properties";"18.221.72.80";"e5af101e-101a-003f-76a4-df2631000000";"1.0";"2017-04-17";"key1(3B18DE87B9298FB09C4AEDBEAF9428ECDE32F13014BA6B40B3C5A5B617EEAE09)";"";"";"";"";"";"";;"Azure-Storage/6.1.0 (JavaJRE 11.0.15; Linux 5.15.59-33.133.amzn2.x86_64)";"";"2b911c1d-2f63-4c1e-b5b2-2c52b8b545ea";"";"file";;"510";;"152";"413";"";"";;"";;"StorageRead";"TLS 1.2";"";"Azure";"StorageFileLogs";"/subscriptions/9b491dd6-598e-498c-98a0-d3bbd2290821/resourcegroups/rg-hk01-sea-r-iengage-storage01/providers/microsoft.storage/storageaccounts/sahk01searshared01ieng02/fileservices/default";"";"";"";"";"";"";;"";"";"";;"";"2022-10-14T16:14:24.838832Z"
"f486ca19-3cb9-4345-8639-7ccfe1fe149a";"2022-10-14T08:14:18.9902602Z";"sahk01searshared01ieng02";"Southeast Asia";"HTTPS";"GetBlobServiceProperties";"OAuth";"200";"Success";"124";"124";"https://sahk01searshared01ieng02.blob.core.windows.net:443/?restype=service&comp=properties";"18.221.72.80";"f611b4be-901e-0031-3ca4-df0f81000000";"1.0";"2019-02-02";"0D3FC78254BB1AD67FE5EE70C9541E830C4574F8BB3EFE324FECF67CDDE0D6CE";"7b2a25d5-d598-40d4-9611-14db744d48d5";"7f2c1900-9fd4-4b89-91d3-79a649996f0a";"2ffc37fb-4740-46ff-9469-361af346101a";"https://storage.azure.com/";"https://sts.windows.net/7f2c1900-9fd4-4b89-91d3-79a649996f0a/";"";"[{""action"":""Microsoft.Storage/storageAccounts/blobServices/read"",""roleAssignmentId"":""242b4a4b-b989-4d83-b3b1-4cdabfb40a8f"",""roleDefinitionId"":""17d1049b-9a84-46fb-8f53-869881c3d3ab"",""type"":""RBAC"",""principals"":[{""id"":""7b2a25d5-d598-40d4-9611-14db744d48d5"",""type"":""ServicePrincipal""}],""denyAssignmentId"":"""",""result"":""Granted"",""reason"":""Policy""}]";"Apache-HttpClient/4.5.13 (Java/11.0.15)";"";"";"";"blob";;"1625";;"152";"723";"";"";;"";;"StorageRead";"TLS 1.2";"";"Azure";"StorageBlobLogs";"/subscriptions/9b491dd6-598e-498c-98a0-d3bbd2290821/resourcegroups/rg-hk01-sea-r-iengage-storage01/providers/microsoft.storage/storageaccounts/sahk01searshared01ieng02/blobservices/default";"";"";"";"";"";"";;"";"";"";;"";"2022-10-14T16:14:18.9902602Z"
"f486ca19-3cb9-4345-8639-7ccfe1fe149a";"2022-10-13T06:59:46.2213104Z";"sahk01searshared01ieng02";"Southeast Asia";"HTTPS";"ListContainers";"OAuth";"200";"Success";"7";"7";"https://sahk01searshared01ieng02.blob.core.windows.net:443/?comp=list";"18.191.115.70";"43ad6a4d-e01e-0014-29d1-dea6fd000000";"1.0";"2019-02-02";"F48F8662D7F8B40B0D93020FB55A5731DC04FD5C8AF1EAB9145E57760F70100D";"7b2a25d5-d598-40d4-9611-14db744d48d5";"7f2c1900-9fd4-4b89-91d3-79a649996f0a";"2ffc37fb-4740-46ff-9469-361af346101a";"https://storage.azure.com/";"https://sts.windows.net/7f2c1900-9fd4-4b89-91d3-79a649996f0a/";"";"[{""action"":""Microsoft.Storage/storageAccounts/blobServices/containers/read"",""roleAssignmentId"":""242b4a4b-b989-4d83-b3b1-4cdabfb40a8f"",""roleDefinitionId"":""17d1049b-9a84-46fb-8f53-869881c3d3ab"",""principals"":[{""type"":""ServicePrincipal"",""id"":""7b2a25d5-d598-40d4-9611-14db744d48d5""}],""denyAssignmentId"":"""",""type"":""RBAC"",""result"":""Granted"",""reason"":""Policy""}]";"Apache-HttpClient/4.5.13 (Java/11.0.15)";"";"";"";"blob";;"1603";;"152";"184";"";"";;"";;"StorageRead";"TLS 1.2";"";"Azure";"StorageBlobLogs";"/subscriptions/9b491dd6-598e-498c-98a0-d3bbd2290821/resourcegroups/rg-hk01-sea-r-iengage-storage01/providers/microsoft.storage/storageaccounts/sahk01searshared01ieng02/blobservices/default";"";"";"";"";"";"";;"";"";"";;"";"2022-10-13T14:59:46.2213104Z"
"f486ca19-3cb9-4345-8639-7ccfe1fe149a";"2022-10-13T06:59:45.9756432Z";"sahk01searshared01ieng02";"Southeast Asia";"HTTPS";"GetFileServiceProperties";"AccountKey";"200";"Success";"5";"5";"https://sahk01searshared01ieng02.file.core.windows.net:443/?restype=service&comp=properties";"18.191.115.70";"83da2276-701a-0029-28d1-ded0e6000000";"1.0";"2017-04-17";"key1(3B18DE87B9298FB09C4AEDBEAF9428ECDE32F13014BA6B40B3C5A5B617EEAE09)";"";"";"";"";"";"";;"Azure-Storage/6.1.0 (JavaJRE 11.0.15; Linux 5.4.204-113.362.amzn2.x86_64)";"";"088ba3bc-e8f5-4c48-8afc-6f8e0bcf64ad";"";"file";;"511";;"152";"413";"";"";;"";;"StorageRead";"TLS 1.2";"";"Azure";"StorageFileLogs";"/subscriptions/9b491dd6-598e-498c-98a0-d3bbd2290821/resourcegroups/rg-hk01-sea-r-iengage-storage01/providers/microsoft.storage/storageaccounts/sahk01searshared01ieng02/fileservices/default";"";"";"";"";"";"";;"";"";"";;"";"2022-10-13T14:59:45.9756432Z"
"f486ca19-3cb9-4345-8639-7ccfe1fe149a";"2022-10-13T06:59:42.400086Z";"sahk01searshared01ieng02";"Southeast Asia";"HTTPS";"GetBlobServiceProperties";"OAuth";"200";"Success";"185";"185";"https://sahk01searshared01ieng02.blob.core.windows.net:443/?restype=service&comp=properties";"18.191.115.70";"43ad5913-e01e-0014-28d1-dea6fd000000";"1.0";"2019-02-02";"F48F8662D7F8B40B0D93020FB55A5731DC04FD5C8AF1EAB9145E57760F70100D";"7b2a25d5-d598-40d4-9611-14db744d48d5";"7f2c1900-9fd4-4b89-91d3-79a649996f0a";"2ffc37fb-4740-46ff-9469-361af346101a";"https://storage.azure.com/";"https://sts.windows.net/7f2c1900-9fd4-4b89-91d3-79a649996f0a/";"";"[{""action"":""Microsoft.Storage/storageAccounts/blobServices/read"",""roleAssignmentId"":""242b4a4b-b989-4d83-b3b1-4cdabfb40a8f"",""roleDefinitionId"":""17d1049b-9a84-46fb-8f53-869881c3d3ab"",""principals"":[{""type"":""ServicePrincipal"",""id"":""7b2a25d5-d598-40d4-9611-14db744d48d5""}],""denyAssignmentId"":"""",""type"":""RBAC"",""result"":""Granted"",""reason"":""Policy""}]";"Apache-HttpClient/4.5.13 (Java/11.0.15)";"";"";"";"blob";;"1625";;"152";"723";"";"";;"";;"StorageRead";"TLS 1.2";"";"Azure";"StorageBlobLogs";"/subscriptions/9b491dd6-598e-498c-98a0-d3bbd2290821/resourcegroups/rg-hk01-sea-r-iengage-storage01/providers/microsoft.storage/storageaccounts/sahk01searshared01ieng02/blobservices/default";"";"";"";"";"";"";;"";"";"";;"";"2022-10-13T14:59:42.400086Z"
"f486ca19-3cb9-4345-8639-7ccfe1fe149a";"2022-10-12T06:27:52.4186538Z";"sahk01searshared01ieng02";"Southeast Asia";"HTTPS";"ListContainers";"OAuth";"200";"Success";"7";"7";"https://sahk01searshared01ieng02.blob.core.windows.net:443/?comp=list";"18.191.115.70";"e4f9f1a0-b01e-0054-3d03-dea1c5000000";"1.0";"2019-02-02";"D2D002ED71EF55C013A57EAE1DF347FED399ED9327DA9119C0A70B673C748F07";"7b2a25d5-d598-40d4-9611-14db744d48d5";"7f2c1900-9fd4-4b89-91d3-79a649996f0a";"2ffc37fb-4740-46ff-9469-361af346101a";"https://storage.azure.com/";"https://sts.windows.net/7f2c1900-9fd4-4b89-91d3-79a649996f0a/";"";"[{""action"":""Microsoft.Storage/storageAccounts/blobServices/containers/read"",""roleAssignmentId"":""242b4a4b-b989-4d83-b3b1-4cdabfb40a8f"",""roleDefinitionId"":""17d1049b-9a84-46fb-8f53-869881c3d3ab"",""type"":""RBAC"",""principals"":[{""id"":""7b2a25d5-d598-40d4-9611-14db744d48d5"",""type"":""ServicePrincipal""}],""denyAssignmentId"":"""",""result"":""Granted"",""reason"":""Policy""}]";"Apache-HttpClient/4.5.13 (Java/11.0.15)";"";"";"";"blob";;"1603";;"152";"184";"";"";;"";;"StorageRead";"TLS 1.2";"";"Azure";"StorageBlobLogs";"/subscriptions/9b491dd6-598e-498c-98a0-d3bbd2290821/resourcegroups/rg-hk01-sea-r-iengage-storage01/providers/microsoft.storage/storageaccounts/sahk01searshared01ieng02/blobservices/default";"";"";"";"";"";"";;"";"";"";;"";"2022-10-12T14:27:52.4186538Z"
"f486ca19-3cb9-4345-8639-7ccfe1fe149a";"2022-10-12T06:27:52.1729584Z";"sahk01searshared01ieng02";"Southeast Asia";"HTTPS";"GetFileServiceProperties";"AccountKey";"200";"Success";"10";"9";"https://sahk01searshared01ieng02.file.core.windows.net:443/?restype=service&comp=properties";"18.191.115.70";"106dc325-401a-006f-3503-dee461000000";"1.0";"2017-04-17";"key1(3B18DE87B9298FB09C4AEDBEAF9428ECDE32F13014BA6B40B3C5A5B617EEAE09)";"";"";"";"";"";"";;"Azure-Storage/6.1.0 (JavaJRE 11.0.15; Linux 5.4.204-113.362.amzn2.x86_64)";"";"f640ad91-200c-4c2e-8b76-8f01d68479cd";"";"file";;"511";;"152";"413";"";"";;"";;"StorageRead";"TLS 1.2";"";"Azure";"StorageFileLogs";"/subscriptions/9b491dd6-598e-498c-98a0-d3bbd2290821/resourcegroups/rg-hk01-sea-r-iengage-storage01/providers/microsoft.storage/storageaccounts/sahk01searshared01ieng02/fileservices/default";"";"";"";"";"";"";;"";"";"";;"";"2022-10-12T14:27:52.1729584Z"
"f486ca19-3cb9-4345-8639-7ccfe1fe149a";"2022-10-12T06:27:49.0906041Z";"sahk01searshared01ieng02";"Southeast Asia";"HTTPS";"GetBlobServiceProperties";"OAuth";"200";"Success";"136";"136";"https://sahk01searshared01ieng02.blob.core.windows.net:443/?restype=service&comp=properties";"18.191.115.70";"e4f9e5a8-b01e-0054-3403-dea1c5000000";"1.0";"2019-02-02";"D2D002ED71EF55C013A57EAE1DF347FED399ED9327DA9119C0A70B673C748F07";"7b2a25d5-d598-40d4-9611-14db744d48d5";"7f2c1900-9fd4-4b89-91d3-79a649996f0a";"2ffc37fb-4740-46ff-9469-361af346101a";"https://storage.azure.com/";"https://sts.windows.net/7f2c1900-9fd4-4b89-91d3-79a649996f0a/";"";"[{""action"":""Microsoft.Storage/storageAccounts/blobServices/read"",""roleAssignmentId"":""242b4a4b-b989-4d83-b3b1-4cdabfb40a8f"",""roleDefinitionId"":""17d1049b-9a84-46fb-8f53-869881c3d3ab"",""type"":""RBAC"",""principals"":[{""id"":""7b2a25d5-d598-40d4-9611-14db744d48d5"",""type"":""ServicePrincipal""}],""denyAssignmentId"":"""",""result"":""Granted"",""reason"":""Policy""}]";"Apache-HttpClient/4.5.13 (Java/11.0.15)";"";"";"";"blob";;"1625";;"152";"723";"";"";;"";;"StorageRead";"TLS 1.2";"";"Azure";"StorageBlobLogs";"/subscriptions/9b491dd6-598e-498c-98a0-d3bbd2290821/resourcegroups/rg-hk01-sea-r-iengage-storage01/providers/microsoft.storage/storageaccounts/sahk01searshared01ieng02/blobservices/default";"";"";"";"";"";"";;"";"";"";;"";"2022-10-12T14:27:49.0906041Z"
"f486ca19-3cb9-4345-8639-7ccfe1fe149a";"2022-10-11T07:12:43.6219145Z";"sahk01searshared01ieng02";"Southeast Asia";"HTTPS";"ListContainers";"OAuth";"200";"Success";"8";"8";"https://sahk01searshared01ieng02.blob.core.windows.net:443/?comp=list";"3.16.7.30";"bb3df90e-a01e-0005-5340-dd3c49000000";"1.0";"2019-02-02";"C394D2960DBBB4A8FB53D2FD2B10BC75BD046C8D6448864FA90EC2B80D78C5C2";"7b2a25d5-d598-40d4-9611-14db744d48d5";"7f2c1900-9fd4-4b89-91d3-79a649996f0a";"2ffc37fb-4740-46ff-9469-361af346101a";"https://storage.azure.com/";"https://sts.windows.net/7f2c1900-9fd4-4b89-91d3-79a649996f0a/";"";"[{""action"":""Microsoft.Storage/storageAccounts/blobServices/containers/read"",""roleAssignmentId"":""242b4a4b-b989-4d83-b3b1-4cdabfb40a8f"",""roleDefinitionId"":""17d1049b-9a84-46fb-8f53-869881c3d3ab"",""type"":""RBAC"",""principals"":[{""id"":""7b2a25d5-d598-40d4-9611-14db744d48d5"",""type"":""ServicePrincipal""}],""denyAssignmentId"":"""",""result"":""Granted"",""reason"":""Policy""}]";"Apache-HttpClient/4.5.13 (Java/11.0.15)";"";"";"";"blob";;"1603";;"152";"184";"";"";;"";;"StorageRead";"TLS 1.2";"";"Azure";"StorageBlobLogs";"/subscriptions/9b491dd6-598e-498c-98a0-d3bbd2290821/resourcegroups/rg-hk01-sea-r-iengage-storage01/providers/microsoft.storage/storageaccounts/sahk01searshared01ieng02/blobservices/default";"";"";"";"";"";"";;"";"";"";;"";"2022-10-11T15:12:43.6219145Z"
"f486ca19-3cb9-4345-8639-7ccfe1fe149a";"2022-10-11T07:12:43.3746989Z";"sahk01searshared01ieng02";"Southeast Asia";"HTTPS";"GetFileServiceProperties";"AccountKey";"200";"Success";"42";"42";"https://sahk01searshared01ieng02.file.core.windows.net:443/?restype=service&comp=properties";"3.16.7.30";"c0f5b2eb-e01a-003b-1340-ddab36000000";"1.0";"2017-04-17";"key1(3B18DE87B9298FB09C4AEDBEAF9428ECDE32F13014BA6B40B3C5A5B617EEAE09)";"";"";"";"";"";"";;"Azure-Storage/6.1.0 (JavaJRE 11.0.15; Linux 5.4.204-113.362.amzn2.x86_64)";"";"1c4c6905-8d58-418a-bddc-bb332b426839";"";"file";;"511";;"152";"413";"";"";;"";;"StorageRead";"TLS 1.2";"";"Azure";"StorageFileLogs";"/subscriptions/9b491dd6-598e-498c-98a0-d3bbd2290821/resourcegroups/rg-hk01-sea-r-iengage-storage01/providers/microsoft.storage/storageaccounts/sahk01searshared01ieng02/fileservices/default";"";"";"";"";"";"";;"";"";"";;"";"2022-10-11T15:12:43.3746989Z"
"f486ca19-3cb9-4345-8639-7ccfe1fe149a";"2022-10-11T07:12:40.1853959Z";"sahk01searshared01ieng02";"Southeast Asia";"HTTPS";"GetBlobServiceProperties";"OAuth";"200";"Success";"145";"145";"https://sahk01searshared01ieng02.blob.core.windows.net:443/?restype=service&comp=properties";"3.16.7.30";"bb3df291-a01e-0005-5640-dd3c49000000";"1.0";"2019-02-02";"C394D2960DBBB4A8FB53D2FD2B10BC75BD046C8D6448864FA90EC2B80D78C5C2";"7b2a25d5-d598-40d4-9611-14db744d48d5";"7f2c1900-9fd4-4b89-91d3-79a649996f0a";"2ffc37fb-4740-46ff-9469-361af346101a";"https://storage.azure.com/";"https://sts.windows.net/7f2c1900-9fd4-4b89-91d3-79a649996f0a/";"";"[{""action"":""Microsoft.Storage/storageAccounts/blobServices/read"",""roleAssignmentId"":""242b4a4b-b989-4d83-b3b1-4cdabfb40a8f"",""roleDefinitionId"":""17d1049b-9a84-46fb-8f53-869881c3d3ab"",""type"":""RBAC"",""principals"":[{""id"":""7b2a25d5-d598-40d4-9611-14db744d48d5"",""type"":""ServicePrincipal""}],""denyAssignmentId"":"""",""result"":""Granted"",""reason"":""Policy""}]";"Apache-HttpClient/4.5.13 (Java/11.0.15)";"";"";"";"blob";;"1625";;"152";"723";"";"";;"";;"StorageRead";"TLS 1.2";"";"Azure";"StorageBlobLogs";"/subscriptions/9b491dd6-598e-498c-98a0-d3bbd2290821/resourcegroups/rg-hk01-sea-r-iengage-storage01/providers/microsoft.storage/storageaccounts/sahk01searshared01ieng02/blobservices/default";"";"";"";"";"";"";;"";"";"";;"";"2022-10-11T15:12:40.1853959Z"
"f486ca19-3cb9-4345-8639-7ccfe1fe149a";"2022-10-10T07:47:50.5681314Z";"sahk01searshared01ieng02";"Southeast Asia";"HTTPS";"ListContainers";"OAuth";"200";"Success";"8";"8";"https://sahk01searshared01ieng02.blob.core.windows.net:443/?comp=list";"18.191.115.70";"73cc4f9a-101e-003f-637c-dc2631000000";"1.0";"2019-02-02";"430660B70DDCE580B1AC98553E64E8592A975E6958033B9CA084ADB7CE83AD5A";"7b2a25d5-d598-40d4-9611-14db744d48d5";"7f2c1900-9fd4-4b89-91d3-79a649996f0a";"2ffc37fb-4740-46ff-9469-361af346101a";"https://storage.azure.com/";"https://sts.windows.net/7f2c1900-9fd4-4b89-91d3-79a649996f0a/";"";"[{""action"":""Microsoft.Storage/storageAccounts/blobServices/containers/read"",""roleAssignmentId"":""242b4a4b-b989-4d83-b3b1-4cdabfb40a8f"",""roleDefinitionId"":""17d1049b-9a84-46fb-8f53-869881c3d3ab"",""type"":""RBAC"",""principals"":[{""id"":""7b2a25d5-d598-40d4-9611-14db744d48d5"",""type"":""ServicePrincipal""}],""denyAssignmentId"":"""",""result"":""Granted"",""reason"":""Policy""}]";"Apache-HttpClient/4.5.13 (Java/11.0.15)";"";"";"";"blob";;"1603";;"152";"184";"";"";;"";;"StorageRead";"TLS 1.2";"";"Azure";"StorageBlobLogs";"/subscriptions/9b491dd6-598e-498c-98a0-d3bbd2290821/resourcegroups/rg-hk01-sea-r-iengage-storage01/providers/microsoft.storage/storageaccounts/sahk01searshared01ieng02/blobservices/default";"";"";"";"";"";"";;"";"";"";;"";"2022-10-10T15:47:50.5681314Z"
"f486ca19-3cb9-4345-8639-7ccfe1fe149a";"2022-10-10T07:47:50.3173669Z";"sahk01searshared01ieng02";"Southeast Asia";"HTTPS";"GetFileServiceProperties";"AccountKey";"200";"Success";"9";"9";"https://sahk01searshared01ieng02.file.core.windows.net:443/?restype=service&comp=properties";"18.191.115.70";"7d890322-b01a-0036-0a7c-dc63e2000000";"1.0";"2017-04-17";"key1(3B18DE87B9298FB09C4AEDBEAF9428ECDE32F13014BA6B40B3C5A5B617EEAE09)";"";"";"";"";"";"";;"Azure-Storage/6.1.0 (JavaJRE 11.0.15; Linux 5.4.204-113.362.amzn2.x86_64)";"";"6fcc7409-8f86-473b-a32b-60eaef9c268f";"";"file";;"511";;"152";"413";"";"";;"";;"StorageRead";"TLS 1.2";"";"Azure";"StorageFileLogs";"/subscriptions/9b491dd6-598e-498c-98a0-d3bbd2290821/resourcegroups/rg-hk01-sea-r-iengage-storage01/providers/microsoft.storage/storageaccounts/sahk01searshared01ieng02/fileservices/default";"";"";"";"";"";"";;"";"";"";;"";"2022-10-10T15:47:50.3173669Z"
"f486ca19-3cb9-4345-8639-7ccfe1fe149a";"2022-10-10T07:47:46.8514618Z";"sahk01searshared01ieng02";"Southeast Asia";"HTTPS";"GetBlobServiceProperties";"OAuth";"200";"Success";"119";"119";"https://sahk01searshared01ieng02.blob.core.windows.net:443/?restype=service&comp=properties";"18.191.115.70";"73cc399e-101e-003f-7b7c-dc2631000000";"1.0";"2019-02-02";"430660B70DDCE580B1AC98553E64E8592A975E6958033B9CA084ADB7CE83AD5A";"7b2a25d5-d598-40d4-9611-14db744d48d5";"7f2c1900-9fd4-4b89-91d3-79a649996f0a";"2ffc37fb-4740-46ff-9469-361af346101a";"https://storage.azure.com/";"https://sts.windows.net/7f2c1900-9fd4-4b89-91d3-79a649996f0a/";"";"[{""action"":""Microsoft.Storage/storageAccounts/blobServices/read"",""roleAssignmentId"":""242b4a4b-b989-4d83-b3b1-4cdabfb40a8f"",""roleDefinitionId"":""17d1049b-9a84-46fb-8f53-869881c3d3ab"",""type"":""RBAC"",""principals"":[{""id"":""7b2a25d5-d598-40d4-9611-14db744d48d5"",""type"":""ServicePrincipal""}],""denyAssignmentId"":"""",""result"":""Granted"",""reason"":""Policy""}]";"Apache-HttpClient/4.5.13 (Java/11.0.15)";"";"";"";"blob";;"1625";;"152";"723";"";"";;"";;"StorageRead";"TLS 1.2";"";"Azure";"StorageBlobLogs";"/subscriptions/9b491dd6-598e-498c-98a0-d3bbd2290821/resourcegroups/rg-hk01-sea-r-iengage-storage01/providers/microsoft.storage/storageaccounts/sahk01searshared01ieng02/blobservices/default";"";"";"";"";"";"";;"";"";"";;"";"2022-10-10T15:47:46.8514618Z"
"f486ca19-3cb9-4345-8639-7ccfe1fe149a";"2022-10-10T07:20:19.9738518Z";"sahk01searshared01ieng02";"Southeast Asia";"HTTPS";"GetContainerProperties";"OAuth";"200";"Success";"14";"14";"https://sahk01searshared01ieng02.blob.core.windows.net:443/%24logs?restype=container";"165.225.234.195";"0d85035f-f01e-0027-5278-dcf956000000";"1.0";"2020-10-02";"095FC76F43D53454EE0540649C51D775EA894A6CA0A708EB08438ECD10FBA7C5";"05a1ee49-fc4c-4238-9d3f-a4a1b2279921";"7f2c1900-9fd4-4b89-91d3-79a649996f0a";"04b07795-8ddb-461a-bbee-02f9e1bf7b46";"https://storage.azure.com/";"https://sts.windows.net/7f2c1900-9fd4-4b89-91d3-79a649996f0a/";"YiuFung-YF.Cheong@aia.com";"[{""action"":""Microsoft.Storage/storageAccounts/blobServices/containers/read"",""roleAssignmentId"":""30d0f2c4-3613-409b-af2b-0d1027e1c496"",""roleDefinitionId"":""acdd72a7-3385-48ef-bd42-f606fba81ae7"",""type"":""RBAC"",""principals"":[{""id"":""21ff7123-4e80-4c12-8c4b-d2352c017ea1"",""type"":""Group""}],""denyAssignmentId"":"""",""result"":""Granted"",""reason"":""Policy""}]";"Microsoft Azure Storage Explorer/1.24.3 (win32) azsdk-js-storageblob/12.8.0 (NODE-VERSION v16.13.2; Windows_NT 10.0.19044)";"";"b7710186-4475-4c04-93ca-cc7c76f56cdc";"""0x8D98E15282FD03A""";"blob";;"12283";;"489";;"";"";"2021-10-13T06:46:16Z";"";;"StorageRead";"TLS 1.2";"";"Azure";"StorageBlobLogs";"/subscriptions/9b491dd6-598e-498c-98a0-d3bbd2290821/resourcegroups/rg-hk01-sea-r-iengage-storage01/providers/microsoft.storage/storageaccounts/sahk01searshared01ieng02/blobservices/default";"";"";"";"";"";"";;"";"";"";;"";"2022-10-10T15:20:19.9738518Z"
"f486ca19-3cb9-4345-8639-7ccfe1fe149a";"2022-10-10T07:20:19.9185569Z";"sahk01searshared01ieng02";"Southeast Asia";"HTTPS";"GetContainerProperties";"OAuth";"200";"Success";"15";"15";"https://sahk01searshared01ieng02.blob.core.windows.net:443/%24logs?restype=container";"165.225.234.195";"0d850352-f01e-0027-4678-dcf956000000";"1.0";"2020-10-02";"095FC76F43D53454EE0540649C51D775EA894A6CA0A708EB08438ECD10FBA7C5";"05a1ee49-fc4c-4238-9d3f-a4a1b2279921";"7f2c1900-9fd4-4b89-91d3-79a649996f0a";"04b07795-8ddb-461a-bbee-02f9e1bf7b46";"https://storage.azure.com/";"https://sts.windows.net/7f2c1900-9fd4-4b89-91d3-79a649996f0a/";"YiuFung-YF.Cheong@aia.com";"[{""action"":""Microsoft.Storage/storageAccounts/blobServices/containers/read"",""roleAssignmentId"":""30d0f2c4-3613-409b-af2b-0d1027e1c496"",""roleDefinitionId"":""acdd72a7-3385-48ef-bd42-f606fba81ae7"",""type"":""RBAC"",""principals"":[{""id"":""21ff7123-4e80-4c12-8c4b-d2352c017ea1"",""type"":""Group""}],""denyAssignmentId"":"""",""result"":""Granted"",""reason"":""Policy""}]";"Microsoft Azure Storage Explorer/1.24.3 (win32) azsdk-js-storageblob/12.8.0 (NODE-VERSION v16.13.2; Windows_NT 10.0.19044)";"";"3448649a-af1a-4c47-af7a-e85c441686d2";"""0x8D98E15282FD03A""";"blob";;"12283";;"489";;"";"";"2021-10-13T06:46:16Z";"";;"StorageRead";"TLS 1.2";"";"Azure";"StorageBlobLogs";"/subscriptions/9b491dd6-598e-498c-98a0-d3bbd2290821/resourcegroups/rg-hk01-sea-r-iengage-storage01/providers/microsoft.storage/storageaccounts/sahk01searshared01ieng02/blobservices/default";"";"";"";"";"";"";;"";"";"";;"";"2022-10-10T15:20:19.9185569Z"
"f486ca19-3cb9-4345-8639-7ccfe1fe149a";"2022-10-10T07:20:19.8622584Z";"sahk01searshared01ieng02";"Southeast Asia";"HTTPS";"ListContainers";"OAuth";"200";"Success";"112";"111";"https://sahk01searshared01ieng02.blob.core.windows.net:443/?comp=list&include=metadata";"165.225.234.195";"0d85030f-f01e-0027-0678-dcf956000000";"1.0";"2020-10-02";"095FC76F43D53454EE0540649C51D775EA894A6CA0A708EB08438ECD10FBA7C5";"05a1ee49-fc4c-4238-9d3f-a4a1b2279921";"7f2c1900-9fd4-4b89-91d3-79a649996f0a";"04b07795-8ddb-461a-bbee-02f9e1bf7b46";"https://storage.azure.com/";"https://sts.windows.net/7f2c1900-9fd4-4b89-91d3-79a649996f0a/";"YiuFung-YF.Cheong@aia.com";"[{""action"":""Microsoft.Storage/storageAccounts/blobServices/containers/read"",""roleAssignmentId"":""30d0f2c4-3613-409b-af2b-0d1027e1c496"",""roleDefinitionId"":""acdd72a7-3385-48ef-bd42-f606fba81ae7"",""type"":""RBAC"",""principals"":[{""id"":""21ff7123-4e80-4c12-8c4b-d2352c017ea1"",""type"":""Group""}],""denyAssignmentId"":"""",""result"":""Granted"",""reason"":""Policy""}]";"Microsoft Azure Storage Explorer/1.24.3 (win32) azsdk-js-storageblob/12.8.0 (NODE-VERSION v16.13.2; Windows_NT 10.0.19044)";"";"156c2e6c-2eab-443c-9c9f-194bad3f88c1";"";"blob";;"12287";;"210";"184";"";"";;"";;"StorageRead";"TLS 1.2";"";"Azure";"StorageBlobLogs";"/subscriptions/9b491dd6-598e-498c-98a0-d3bbd2290821/resourcegroups/rg-hk01-sea-r-iengage-storage01/providers/microsoft.storage/storageaccounts/sahk01searshared01ieng02/blobservices/default";"";"";"";"";"";"";;"";"";"";;"";"2022-10-10T15:20:19.8622584Z"
"f486ca19-3cb9-4345-8639-7ccfe1fe149a";"2022-10-09T08:22:28.141644Z";"sahk01searshared01ieng02";"Southeast Asia";"HTTPS";"ListContainers";"OAuth";"200";"Success";"8";"8";"https://sahk01searshared01ieng02.blob.core.windows.net:443/?comp=list";"18.191.115.70";"3cfaefaa-601e-000a-5eb8-db4a25000000";"1.0";"2019-02-02";"EAD1FE340BC3EC85F6D1B3AD445A6022B7837057FEC0B88E4680E03C93E0D1D4";"7b2a25d5-d598-40d4-9611-14db744d48d5";"7f2c1900-9fd4-4b89-91d3-79a649996f0a";"2ffc37fb-4740-46ff-9469-361af346101a";"https://storage.azure.com/";"https://sts.windows.net/7f2c1900-9fd4-4b89-91d3-79a649996f0a/";"";"[{""action"":""Microsoft.Storage/storageAccounts/blobServices/containers/read"",""roleAssignmentId"":""242b4a4b-b989-4d83-b3b1-4cdabfb40a8f"",""roleDefinitionId"":""17d1049b-9a84-46fb-8f53-869881c3d3ab"",""type"":""RBAC"",""principals"":[{""id"":""7b2a25d5-d598-40d4-9611-14db744d48d5"",""type"":""ServicePrincipal""}],""denyAssignmentId"":"""",""result"":""Granted"",""reason"":""Policy""}]";"Apache-HttpClient/4.5.13 (Java/11.0.15)";"";"";"";"blob";;"1603";;"152";"184";"";"";;"";;"StorageRead";"TLS 1.2";"";"Azure";"StorageBlobLogs";"/subscriptions/9b491dd6-598e-498c-98a0-d3bbd2290821/resourcegroups/rg-hk01-sea-r-iengage-storage01/providers/microsoft.storage/storageaccounts/sahk01searshared01ieng02/blobservices/default";"";"";"";"";"";"";;"";"";"";;"";"2022-10-09T16:22:28.141644Z"
"f486ca19-3cb9-4345-8639-7ccfe1fe149a";"2022-10-09T08:22:27.8952313Z";"sahk01searshared01ieng02";"Southeast Asia";"HTTPS";"GetFileServiceProperties";"AccountKey";"200";"Success";"8";"8";"https://sahk01searshared01ieng02.file.core.windows.net:443/?restype=service&comp=properties";"18.191.115.70";"ff0ddb09-401a-0050-01b8-db2cc2000000";"1.0";"2017-04-17";"key1(3B18DE87B9298FB09C4AEDBEAF9428ECDE32F13014BA6B40B3C5A5B617EEAE09)";"";"";"";"";"";"";;"Azure-Storage/6.1.0 (JavaJRE 11.0.15; Linux 5.4.204-113.362.amzn2.x86_64)";"";"71a17b6a-0819-4542-bacf-2c0a6a435d9c";"";"file";;"511";;"152";"413";"";"";;"";;"StorageRead";"TLS 1.2";"";"Azure";"StorageFileLogs";"/subscriptions/9b491dd6-598e-498c-98a0-d3bbd2290821/resourcegroups/rg-hk01-sea-r-iengage-storage01/providers/microsoft.storage/storageaccounts/sahk01searshared01ieng02/fileservices/default";"";"";"";"";"";"";;"";"";"";;"";"2022-10-09T16:22:27.8952313Z"
"f486ca19-3cb9-4345-8639-7ccfe1fe149a";"2022-10-09T08:22:24.8733545Z";"sahk01searshared01ieng02";"Southeast Asia";"HTTPS";"GetBlobServiceProperties";"OAuth";"200";"Success";"153";"153";"https://sahk01searshared01ieng02.blob.core.windows.net:443/?restype=service&comp=properties";"18.191.115.70";"3cfae322-601e-000a-2eb8-db4a25000000";"1.0";"2019-02-02";"EAD1FE340BC3EC85F6D1B3AD445A6022B7837057FEC0B88E4680E03C93E0D1D4";"7b2a25d5-d598-40d4-9611-14db744d48d5";"7f2c1900-9fd4-4b89-91d3-79a649996f0a";"2ffc37fb-4740-46ff-9469-361af346101a";"https://storage.azure.com/";"https://sts.windows.net/7f2c1900-9fd4-4b89-91d3-79a649996f0a/";"";"[{""action"":""Microsoft.Storage/storageAccounts/blobServices/read"",""roleAssignmentId"":""242b4a4b-b989-4d83-b3b1-4cdabfb40a8f"",""roleDefinitionId"":""17d1049b-9a84-46fb-8f53-869881c3d3ab"",""type"":""RBAC"",""principals"":[{""id"":""7b2a25d5-d598-40d4-9611-14db744d48d5"",""type"":""ServicePrincipal""}],""denyAssignmentId"":"""",""result"":""Granted"",""reason"":""Policy""}]";"Apache-HttpClient/4.5.13 (Java/11.0.15)";"";"";"";"blob";;"1625";;"152";"723";"";"";;"";;"StorageRead";"TLS 1.2";"";"Azure";"StorageBlobLogs";"/subscriptions/9b491dd6-598e-498c-98a0-d3bbd2290821/resourcegroups/rg-hk01-sea-r-iengage-storage01/providers/microsoft.storage/storageaccounts/sahk01searshared01ieng02/blobservices/default";"";"";"";"";"";"";;"";"";"";;"";"2022-10-09T16:22:24.8733545Z"
"f486ca19-3cb9-4345-8639-7ccfe1fe149a";"2022-10-08T08:35:47.2364687Z";"sahk01searshared01ieng02";"Southeast Asia";"HTTPS";"ListContainers";"OAuth";"200";"Success";"6";"6";"https://sahk01searshared01ieng02.blob.core.windows.net:443/?comp=list";"3.16.7.30";"1ddc214d-701e-0080-7af0-da1194000000";"1.0";"2019-02-02";"176DDA9876D8A27C565CC6A5D454C875CFDD059A9890CF2E7A59FF0E1B305D75";"7b2a25d5-d598-40d4-9611-14db744d48d5";"7f2c1900-9fd4-4b89-91d3-79a649996f0a";"2ffc37fb-4740-46ff-9469-361af346101a";"https://storage.azure.com/";"https://sts.windows.net/7f2c1900-9fd4-4b89-91d3-79a649996f0a/";"";"[{""action"":""Microsoft.Storage/storageAccounts/blobServices/containers/read"",""roleAssignmentId"":""242b4a4b-b989-4d83-b3b1-4cdabfb40a8f"",""roleDefinitionId"":""17d1049b-9a84-46fb-8f53-869881c3d3ab"",""type"":""RBAC"",""principals"":[{""id"":""7b2a25d5-d598-40d4-9611-14db744d48d5"",""type"":""ServicePrincipal""}],""denyAssignmentId"":"""",""result"":""Granted"",""reason"":""Policy""}]";"Apache-HttpClient/4.5.13 (Java/11.0.15)";"";"";"";"blob";;"1603";;"152";"184";"";"";;"";;"StorageRead";"TLS 1.2";"";"Azure";"StorageBlobLogs";"/subscriptions/9b491dd6-598e-498c-98a0-d3bbd2290821/resourcegroups/rg-hk01-sea-r-iengage-storage01/providers/microsoft.storage/storageaccounts/sahk01searshared01ieng02/blobservices/default";"";"";"";"";"";"";;"";"";"";;"";"2022-10-08T16:35:47.2364687Z"
"f486ca19-3cb9-4345-8639-7ccfe1fe149a";"2022-10-08T08:35:46.9896402Z";"sahk01searshared01ieng02";"Southeast Asia";"HTTPS";"GetFileServiceProperties";"AccountKey";"200";"Success";"8";"8";"https://sahk01searshared01ieng02.file.core.windows.net:443/?restype=service&comp=properties";"3.16.7.30";"5292077b-601a-0057-4ff0-da40a1000000";"1.0";"2017-04-17";"key1(3B18DE87B9298FB09C4AEDBEAF9428ECDE32F13014BA6B40B3C5A5B617EEAE09)";"";"";"";"";"";"";;"Azure-Storage/6.1.0 (JavaJRE 11.0.15; Linux 5.4.204-113.362.amzn2.x86_64)";"";"d3e0c64d-636d-4a65-9c22-6dcbfaf01aa1";"";"file";;"511";;"152";"413";"";"";;"";;"StorageRead";"TLS 1.2";"";"Azure";"StorageFileLogs";"/subscriptions/9b491dd6-598e-498c-98a0-d3bbd2290821/resourcegroups/rg-hk01-sea-r-iengage-storage01/providers/microsoft.storage/storageaccounts/sahk01searshared01ieng02/fileservices/default";"";"";"";"";"";"";;"";"";"";;"";"2022-10-08T16:35:46.9896402Z"
"f486ca19-3cb9-4345-8639-7ccfe1fe149a";"2022-10-08T08:35:43.8916353Z";"sahk01searshared01ieng02";"Southeast Asia";"HTTPS";"GetBlobServiceProperties";"OAuth";"200";"Success";"80";"80";"https://sahk01searshared01ieng02.blob.core.windows.net:443/?restype=service&comp=properties";"3.16.7.30";"1ddc1e96-701e-0080-25f0-da1194000000";"1.0";"2019-02-02";"176DDA9876D8A27C565CC6A5D454C875CFDD059A9890CF2E7A59FF0E1B305D75";"7b2a25d5-d598-40d4-9611-14db744d48d5";"7f2c1900-9fd4-4b89-91d3-79a649996f0a";"2ffc37fb-4740-46ff-9469-361af346101a";"https://storage.azure.com/";"https://sts.windows.net/7f2c1900-9fd4-4b89-91d3-79a649996f0a/";"";"[{""action"":""Microsoft.Storage/storageAccounts/blobServices/read"",""roleAssignmentId"":""242b4a4b-b989-4d83-b3b1-4cdabfb40a8f"",""roleDefinitionId"":""17d1049b-9a84-46fb-8f53-869881c3d3ab"",""type"":""RBAC"",""principals"":[{""id"":""7b2a25d5-d598-40d4-9611-14db744d48d5"",""type"":""ServicePrincipal""}],""denyAssignmentId"":"""",""result"":""Granted"",""reason"":""Policy""}]";"Apache-HttpClient/4.5.13 (Java/11.0.15)";"";"";"";"blob";;"1625";;"152";"723";"";"";;"";;"StorageRead";"TLS 1.2";"";"Azure";"StorageBlobLogs";"/subscriptions/9b491dd6-598e-498c-98a0-d3bbd2290821/resourcegroups/rg-hk01-sea-r-iengage-storage01/providers/microsoft.storage/storageaccounts/sahk01searshared01ieng02/blobservices/default";"";"";"";"";"";"";;"";"";"";;"";"2022-10-08T16:35:43.8916353Z"
"f486ca19-3cb9-4345-8639-7ccfe1fe149a";"2022-10-07T08:39:26.7575209Z";"sahk01searshared01ieng02";"Southeast Asia";"HTTPS";"ListContainers";"OAuth";"200";"Success";"7";"7";"https://sahk01searshared01ieng02.blob.core.windows.net:443/?comp=list";"3.16.7.30";"01f0a5a5-c01e-0013-1f28-daca9e000000";"1.0";"2019-02-02";"4E7B2195770A335E2F652E4746B828DC904A5FB25E34657819A6317981D1ED17";"7b2a25d5-d598-40d4-9611-14db744d48d5";"7f2c1900-9fd4-4b89-91d3-79a649996f0a";"2ffc37fb-4740-46ff-9469-361af346101a";"https://storage.azure.com/";"https://sts.windows.net/7f2c1900-9fd4-4b89-91d3-79a649996f0a/";"";"[{""action"":""Microsoft.Storage/storageAccounts/blobServices/containers/read"",""roleAssignmentId"":""242b4a4b-b989-4d83-b3b1-4cdabfb40a8f"",""roleDefinitionId"":""17d1049b-9a84-46fb-8f53-869881c3d3ab"",""type"":""RBAC"",""principals"":[{""id"":""7b2a25d5-d598-40d4-9611-14db744d48d5"",""type"":""ServicePrincipal""}],""denyAssignmentId"":"""",""result"":""Granted"",""reason"":""Policy""}]";"Apache-HttpClient/4.5.13 (Java/11.0.15)";"";"";"";"blob";;"1603";;"152";"184";"";"";;"";;"StorageRead";"TLS 1.2";"";"Azure";"StorageBlobLogs";"/subscriptions/9b491dd6-598e-498c-98a0-d3bbd2290821/resourcegroups/rg-hk01-sea-r-iengage-storage01/providers/microsoft.storage/storageaccounts/sahk01searshared01ieng02/blobservices/default";"";"";"";"";"";"";;"";"";"";;"";"2022-10-07T16:39:26.7575209Z"
"f486ca19-3cb9-4345-8639-7ccfe1fe149a";"2022-10-07T08:39:26.5151341Z";"sahk01searshared01ieng02";"Southeast Asia";"HTTPS";"GetFileServiceProperties";"AccountKey";"200";"Success";"8";"8";"https://sahk01searshared01ieng02.file.core.windows.net:443/?restype=service&comp=properties";"3.16.7.30";"31d7bfa1-001a-0051-3128-da731e000000";"1.0";"2017-04-17";"key1(3B18DE87B9298FB09C4AEDBEAF9428ECDE32F13014BA6B40B3C5A5B617EEAE09)";"";"";"";"";"";"";;"Azure-Storage/6.1.0 (JavaJRE 11.0.15; Linux 5.4.204-113.362.amzn2.x86_64)";"";"9a5ae5ce-da5d-48a8-bfb8-d4076341dd70";"";"file";;"511";;"152";"413";"";"";;"";;"StorageRead";"TLS 1.2";"";"Azure";"StorageFileLogs";"/subscriptions/9b491dd6-598e-498c-98a0-d3bbd2290821/resourcegroups/rg-hk01-sea-r-iengage-storage01/providers/microsoft.storage/storageaccounts/sahk01searshared01ieng02/fileservices/default";"";"";"";"";"";"";;"";"";"";;"";"2022-10-07T16:39:26.5151341Z"
"f486ca19-3cb9-4345-8639-7ccfe1fe149a";"2022-10-07T08:39:23.4149359Z";"sahk01searshared01ieng02";"Southeast Asia";"HTTPS";"GetBlobServiceProperties";"OAuth";"200";"Success";"110";"110";"https://sahk01searshared01ieng02.blob.core.windows.net:443/?restype=service&comp=properties";"3.16.7.30";"01f0a02c-c01e-0013-7628-daca9e000000";"1.0";"2019-02-02";"4E7B2195770A335E2F652E4746B828DC904A5FB25E34657819A6317981D1ED17";"7b2a25d5-d598-40d4-9611-14db744d48d5";"7f2c1900-9fd4-4b89-91d3-79a649996f0a";"2ffc37fb-4740-46ff-9469-361af346101a";"https://storage.azure.com/";"https://sts.windows.net/7f2c1900-9fd4-4b89-91d3-79a649996f0a/";"";"[{""action"":""Microsoft.Storage/storageAccounts/blobServices/read"",""roleAssignmentId"":""242b4a4b-b989-4d83-b3b1-4cdabfb40a8f"",""roleDefinitionId"":""17d1049b-9a84-46fb-8f53-869881c3d3ab"",""type"":""RBAC"",""principals"":[{""id"":""7b2a25d5-d598-40d4-9611-14db744d48d5"",""type"":""ServicePrincipal""}],""denyAssignmentId"":"""",""result"":""Granted"",""reason"":""Policy""}]";"Apache-HttpClient/4.5.13 (Java/11.0.15)";"";"";"";"blob";;"1625";;"152";"723";"";"";;"";;"StorageRead";"TLS 1.2";"";"Azure";"StorageBlobLogs";"/subscriptions/9b491dd6-598e-498c-98a0-d3bbd2290821/resourcegroups/rg-hk01-sea-r-iengage-storage01/providers/microsoft.storage/storageaccounts/sahk01searshared01ieng02/blobservices/default";"";"";"";"";"";"";;"";"";"";;"";"2022-10-07T16:39:23.4149359Z"
"f486ca19-3cb9-4345-8639-7ccfe1fe149a";"2022-10-03T06:46:03.191Z";"sahk01searshared01ieng02";"Southeast Asia";"HTTPS";"ListContainers";"OAuth";"200";"Success";"6";"6";"https://sahk01searshared01ieng02.blob.core.windows.net:443/?comp=list";"18.191.115.70";"77aac96c-201e-0079-2bf3-d612b6000000";"1.0";"2019-02-02";"4BF4196682B82DAF07E60FE3D312ABB1261C8D8087409566B39B9B90937FAF39";"7b2a25d5-d598-40d4-9611-14db744d48d5";"7f2c1900-9fd4-4b89-91d3-79a649996f0a";"2ffc37fb-4740-46ff-9469-361af346101a";"https://storage.azure.com/";"https://sts.windows.net/7f2c1900-9fd4-4b89-91d3-79a649996f0a/";"";"[{""action"":""Microsoft.Storage/storageAccounts/blobServices/containers/read"",""roleAssignmentId"":""242b4a4b-b989-4d83-b3b1-4cdabfb40a8f"",""roleDefinitionId"":""17d1049b-9a84-46fb-8f53-869881c3d3ab"",""type"":""RBAC"",""principals"":[{""id"":""7b2a25d5-d598-40d4-9611-14db744d48d5"",""type"":""ServicePrincipal""}],""denyAssignmentId"":"""",""result"":""Granted"",""reason"":""Policy""}]";"Apache-HttpClient/4.5.13 (Java/11.0.15)";"";"";"";"blob";;"1603";;"152";"184";"";"";;"";;"StorageRead";"TLS 1.2";"";"Azure";"StorageBlobLogs";"/subscriptions/9b491dd6-598e-498c-98a0-d3bbd2290821/resourcegroups/rg-hk01-sea-r-iengage-storage01/providers/microsoft.storage/storageaccounts/sahk01searshared01ieng02/blobservices/default";"";"";"";"";"";"";;"";"";"";;"";"2022-10-03T14:46:03.191Z"
"f486ca19-3cb9-4345-8639-7ccfe1fe149a";"2022-10-03T06:46:02.947Z";"sahk01searshared01ieng02";"Southeast Asia";"HTTPS";"GetFileServiceProperties";"AccountKey";"200";"Success";"7";"7";"https://sahk01searshared01ieng02.file.core.windows.net:443/?restype=service&comp=properties";"18.191.115.70";"7d32afa1-a01a-0083-3ef3-d6f0f0000000";"1.0";"2017-04-17";"key1(3B18DE87B9298FB09C4AEDBEAF9428ECDE32F13014BA6B40B3C5A5B617EEAE09)";"";"";"";"";"";"";;"Azure-Storage/6.1.0 (JavaJRE 11.0.15; Linux 5.4.204-113.362.amzn2.x86_64)";"";"60e99549-8d10-46ff-a8cc-893dd3131610";"";"file";;"511";;"152";"413";"";"";;"";;"StorageRead";"TLS 1.2";"";"Azure";"StorageFileLogs";"/subscriptions/9b491dd6-598e-498c-98a0-d3bbd2290821/resourcegroups/rg-hk01-sea-r-iengage-storage01/providers/microsoft.storage/storageaccounts/sahk01searshared01ieng02/fileservices/default";"";"";"";"";"";"";;"";"";"";;"";"2022-10-03T14:46:02.947Z"
"f486ca19-3cb9-4345-8639-7ccfe1fe149a";"2022-10-03T06:45:59.771Z";"sahk01searshared01ieng02";"Southeast Asia";"HTTPS";"GetBlobServiceProperties";"OAuth";"200";"Success";"91";"91";"https://sahk01searshared01ieng02.blob.core.windows.net:443/?restype=service&comp=properties";"18.191.115.70";"77aabfb8-201e-0079-3bf3-d612b6000000";"1.0";"2019-02-02";"4BF4196682B82DAF07E60FE3D312ABB1261C8D8087409566B39B9B90937FAF39";"7b2a25d5-d598-40d4-9611-14db744d48d5";"7f2c1900-9fd4-4b89-91d3-79a649996f0a";"2ffc37fb-4740-46ff-9469-361af346101a";"https://storage.azure.com/";"https://sts.windows.net/7f2c1900-9fd4-4b89-91d3-79a649996f0a/";"";"[{""action"":""Microsoft.Storage/storageAccounts/blobServices/read"",""roleAssignmentId"":""242b4a4b-b989-4d83-b3b1-4cdabfb40a8f"",""roleDefinitionId"":""17d1049b-9a84-46fb-8f53-869881c3d3ab"",""type"":""RBAC"",""principals"":[{""id"":""7b2a25d5-d598-40d4-9611-14db744d48d5"",""type"":""ServicePrincipal""}],""denyAssignmentId"":"""",""result"":""Granted"",""reason"":""Policy""}]";"Apache-HttpClient/4.5.13 (Java/11.0.15)";"";"";"";"blob";;"1625";;"152";"723";"";"";;"";;"StorageRead";"TLS 1.2";"";"Azure";"StorageBlobLogs";"/subscriptions/9b491dd6-598e-498c-98a0-d3bbd2290821/resourcegroups/rg-hk01-sea-r-iengage-storage01/providers/microsoft.storage/storageaccounts/sahk01searshared01ieng02/blobservices/default";"";"";"";"";"";"";;"";"";"";;"";"2022-10-03T14:45:59.771Z"
"f486ca19-3cb9-4345-8639-7ccfe1fe149a";"2022-10-02T07:50:39.666Z";"sahk01searshared01ieng02";"Southeast Asia";"HTTPS";"ListContainers";"OAuth";"200";"Success";"7";"7";"https://sahk01searshared01ieng02.blob.core.windows.net:443/?comp=list";"3.16.7.30";"da1f104a-701e-0006-5333-d6dd2d000000";"1.0";"2019-02-02";"2D310B020547128491FEE6B1AE3C0FDB9EFE679D20C2A1761AD8BBD23F45FEBB";"7b2a25d5-d598-40d4-9611-14db744d48d5";"7f2c1900-9fd4-4b89-91d3-79a649996f0a";"2ffc37fb-4740-46ff-9469-361af346101a";"https://storage.azure.com/";"https://sts.windows.net/7f2c1900-9fd4-4b89-91d3-79a649996f0a/";"";"[{""action"":""Microsoft.Storage/storageAccounts/blobServices/containers/read"",""roleAssignmentId"":""242b4a4b-b989-4d83-b3b1-4cdabfb40a8f"",""roleDefinitionId"":""17d1049b-9a84-46fb-8f53-869881c3d3ab"",""type"":""RBAC"",""principals"":[{""id"":""7b2a25d5-d598-40d4-9611-14db744d48d5"",""type"":""ServicePrincipal""}],""denyAssignmentId"":"""",""result"":""Granted"",""reason"":""Policy""}]";"Apache-HttpClient/4.5.13 (Java/11.0.15)";"";"";"";"blob";;"1603";;"152";"184";"";"";;"";;"StorageRead";"TLS 1.2";"";"Azure";"StorageBlobLogs";"/subscriptions/9b491dd6-598e-498c-98a0-d3bbd2290821/resourcegroups/rg-hk01-sea-r-iengage-storage01/providers/microsoft.storage/storageaccounts/sahk01searshared01ieng02/blobservices/default";"";"";"";"";"";"";;"";"";"";;"";"2022-10-02T15:50:39.666Z"
"f486ca19-3cb9-4345-8639-7ccfe1fe149a";"2022-10-02T07:50:39.423Z";"sahk01searshared01ieng02";"Southeast Asia";"HTTPS";"GetFileServiceProperties";"AccountKey";"200";"Success";"8";"8";"https://sahk01searshared01ieng02.file.core.windows.net:443/?restype=service&comp=properties";"3.16.7.30";"9c4ca002-e01a-002b-3933-d66e5e000000";"1.0";"2017-04-17";"key1(3B18DE87B9298FB09C4AEDBEAF9428ECDE32F13014BA6B40B3C5A5B617EEAE09)";"";"";"";"";"";"";;"Azure-Storage/6.1.0 (JavaJRE 11.0.15; Linux 5.4.204-113.362.amzn2.x86_64)";"";"46e5e0c7-2445-44ed-807e-984dc5a480ca";"";"file";;"511";;"152";"413";"";"";;"";;"StorageRead";"TLS 1.2";"";"Azure";"StorageFileLogs";"/subscriptions/9b491dd6-598e-498c-98a0-d3bbd2290821/resourcegroups/rg-hk01-sea-r-iengage-storage01/providers/microsoft.storage/storageaccounts/sahk01searshared01ieng02/fileservices/default";"";"";"";"";"";"";;"";"";"";;"";"2022-10-02T15:50:39.423Z"
"f486ca19-3cb9-4345-8639-7ccfe1fe149a";"2022-10-02T07:50:34.984Z";"sahk01searshared01ieng02";"Southeast Asia";"HTTPS";"GetBlobServiceProperties";"OAuth";"200";"Success";"139";"138";"https://sahk01searshared01ieng02.blob.core.windows.net:443/?restype=service&comp=properties";"3.16.7.30";"da1f04e5-701e-0006-2f33-d6dd2d000000";"1.0";"2019-02-02";"2D310B020547128491FEE6B1AE3C0FDB9EFE679D20C2A1761AD8BBD23F45FEBB";"7b2a25d5-d598-40d4-9611-14db744d48d5";"7f2c1900-9fd4-4b89-91d3-79a649996f0a";"2ffc37fb-4740-46ff-9469-361af346101a";"https://storage.azure.com/";"https://sts.windows.net/7f2c1900-9fd4-4b89-91d3-79a649996f0a/";"";"[{""action"":""Microsoft.Storage/storageAccounts/blobServices/read"",""roleAssignmentId"":""242b4a4b-b989-4d83-b3b1-4cdabfb40a8f"",""roleDefinitionId"":""17d1049b-9a84-46fb-8f53-869881c3d3ab"",""type"":""RBAC"",""principals"":[{""id"":""7b2a25d5-d598-40d4-9611-14db744d48d5"",""type"":""ServicePrincipal""}],""denyAssignmentId"":"""",""result"":""Granted"",""reason"":""Policy""}]";"Apache-HttpClient/4.5.13 (Java/11.0.15)";"";"";"";"blob";;"1625";;"152";"723";"";"";;"";;"StorageRead";"TLS 1.2";"";"Azure";"StorageBlobLogs";"/subscriptions/9b491dd6-598e-498c-98a0-d3bbd2290821/resourcegroups/rg-hk01-sea-r-iengage-storage01/providers/microsoft.storage/storageaccounts/sahk01searshared01ieng02/blobservices/default";"";"";"";"";"";"";;"";"";"";;"";"2022-10-02T15:50:34.984Z"
