"TenantId";"TimeGenerated";"AccountName";"Location";"Protocol";"OperationName";"AuthenticationType";"StatusCode";"StatusText";"DurationMs";"ServerLatencyMs";"Uri";"CallerIpAddress";"CorrelationId";"SchemaVersion";"OperationVersion";"AuthenticationHash";"RequesterObjectId";"RequesterTenantId";"RequesterAppId";"RequesterAudience";"RequesterTokenIssuer";"RequesterUpn";"AuthorizationDetails";"UserAgentHeader";"ReferrerHeader";"ClientRequestId";"Etag";"ServiceType";"OperationCount";"RequestHeaderSize";"RequestBodySize";"ResponseHeaderSize";"ResponseBodySize";"RequestMd5";"ResponseMd5";"LastModifiedTime";"ConditionsUsed";"ContentLengthHeader";"Category";"TlsVersion";"SasExpiryStatus";"SourceSystem";"Type";"_ResourceId";"RequesterUserName";"SmbPrimarySID";"SmbTreeConnectID";"SmbPersistentHandleID";"SmbVolatileHandleID";"SmbMessageID";"SmbCreditsConsumed";"SmbCommandDetail";"SmbFileId";"SmbSessionID";"SmbCommandMajor";"SmbCommandMinor";"HKTimestamp"
"f486ca19-3cb9-4345-8639-7ccfe1fe149a";"2022-10-25T08:58:59.2116281Z";"sahk01searshared01eapp01";"Southeast Asia";"HTTPS";"ListContainers";"OAuth";"200";"Success";"9";"9";"https://sahk01searshared01eapp01.blob.core.windows.net:443/?comp=list";"18.221.72.80";"f1d69a18-001e-0006-7450-e8c0e4000000";"1.0";"2019-02-02";"2A2C07339BC899FB3419C798273539CD353A2139FC8351C11BE06E6A6D96684C";"7b2a25d5-d598-40d4-9611-14db744d48d5";"7f2c1900-9fd4-4b89-91d3-79a649996f0a";"2ffc37fb-4740-46ff-9469-361af346101a";"https://storage.azure.com/";"https://sts.windows.net/7f2c1900-9fd4-4b89-91d3-79a649996f0a/";"";"[{""action"":""Microsoft.Storage/storageAccounts/blobServices/containers/read"",""roleAssignmentId"":""242b4a4b-b989-4d83-b3b1-4cdabfb40a8f"",""roleDefinitionId"":""17d1049b-9a84-46fb-8f53-869881c3d3ab"",""type"":""RBAC"",""principals"":[{""id"":""7b2a25d5-d598-40d4-9611-14db744d48d5"",""type"":""ServicePrincipal""}],""denyAssignmentId"":"""",""result"":""Granted"",""reason"":""Policy""}]";"Apache-HttpClient/4.5.13 (Java/11.0.15)";"";"";"";"blob";;"1603";;"152";"1553";"";"";;"";;"StorageRead";"TLS 1.2";"";"Azure";"StorageBlobLogs";"/subscriptions/9b491dd6-598e-498c-98a0-d3bbd2290821/resourcegroups/rg-hk01-sea-r-eapp-storage01/providers/microsoft.storage/storageaccounts/sahk01searshared01eapp01/blobservices/default";"";"";"";"";"";"";;"";"";"";;"";"2022-10-25T16:58:59.2116281Z"
"f486ca19-3cb9-4345-8639-7ccfe1fe149a";"2022-10-25T08:58:58.9614478Z";"sahk01searshared01eapp01";"Southeast Asia";"HTTPS";"GetFileServiceProperties";"AccountKey";"200";"Success";"9";"9";"https://sahk01searshared01eapp01.file.core.windows.net:443/?restype=service&comp=properties";"18.221.72.80";"92f484d9-c01a-005f-5550-e8c562000000";"1.0";"2017-04-17";"key1(643271ED48D2537D2D91116729421220F711C770C24471D3B5B8D4104C3E946E)";"";"";"";"";"";"";;"Azure-Storage/6.1.0 (JavaJRE 11.0.15; Linux 5.15.59-33.133.amzn2.x86_64)";"";"1df40add-55ee-4bb0-a820-ec08a9334c9f";"";"file";;"510";;"152";"413";"";"";;"";;"StorageRead";"TLS 1.2";"";"Azure";"StorageFileLogs";"/subscriptions/9b491dd6-598e-498c-98a0-d3bbd2290821/resourcegroups/rg-hk01-sea-r-eapp-storage01/providers/microsoft.storage/storageaccounts/sahk01searshared01eapp01/fileservices/default";"";"";"";"";"";"";;"";"";"";;"";"2022-10-25T16:58:58.9614478Z"
"f486ca19-3cb9-4345-8639-7ccfe1fe149a";"2022-10-25T08:58:54.2267326Z";"sahk01searshared01eapp01";"Southeast Asia";"HTTPS";"GetBlobServiceProperties";"OAuth";"200";"Success";"138";"138";"https://sahk01searshared01eapp01.blob.core.windows.net:443/?restype=service&comp=properties";"18.221.72.80";"f1d68481-001e-0006-3e50-e8c0e4000000";"1.0";"2019-02-02";"2A2C07339BC899FB3419C798273539CD353A2139FC8351C11BE06E6A6D96684C";"7b2a25d5-d598-40d4-9611-14db744d48d5";"7f2c1900-9fd4-4b89-91d3-79a649996f0a";"2ffc37fb-4740-46ff-9469-361af346101a";"https://storage.azure.com/";"https://sts.windows.net/7f2c1900-9fd4-4b89-91d3-79a649996f0a/";"";"[{""action"":""Microsoft.Storage/storageAccounts/blobServices/read"",""roleAssignmentId"":""242b4a4b-b989-4d83-b3b1-4cdabfb40a8f"",""roleDefinitionId"":""17d1049b-9a84-46fb-8f53-869881c3d3ab"",""type"":""RBAC"",""principals"":[{""id"":""7b2a25d5-d598-40d4-9611-14db744d48d5"",""type"":""ServicePrincipal""}],""denyAssignmentId"":"""",""result"":""Granted"",""reason"":""Policy""}]";"Apache-HttpClient/4.5.13 (Java/11.0.15)";"";"";"";"blob";;"1625";;"152";"723";"";"";;"";;"StorageRead";"TLS 1.2";"";"Azure";"StorageBlobLogs";"/subscriptions/9b491dd6-598e-498c-98a0-d3bbd2290821/resourcegroups/rg-hk01-sea-r-eapp-storage01/providers/microsoft.storage/storageaccounts/sahk01searshared01eapp01/blobservices/default";"";"";"";"";"";"";;"";"";"";;"";"2022-10-25T16:58:54.2267326Z"
"f486ca19-3cb9-4345-8639-7ccfe1fe149a";"2022-10-24T09:25:13.5887982Z";"sahk01searshared01eapp01";"Southeast Asia";"HTTPS";"ListShares";"AccountKey";"200";"Success";"5";"5";"https://sahk01searshared01eapp01.file.core.windows.net:443/?comp=list&include=snapshots%2Cmetadata";"10.202.129.6";"7be4827d-901a-0008-258a-e72cef000000";"1.0";"2019-07-07";"key1(643271ED48D2537D2D91116729421220F711C770C24471D3B5B8D4104C3E946E)";"";"";"";"";"";"";;"AzurePowershell/v1.0.0 Azure-Storage/11.2.2 (.NET Core; Win32NT 10.0.14393.0)";"";"Azure-Storage-PowerShell-d1b02083-5371-4ea6-881e-991376674ad5";"";"file";;"493";;"235";"180";"";"";;"";;"StorageRead";"TLS 1.2";"";"Azure";"StorageFileLogs";"/subscriptions/9b491dd6-598e-498c-98a0-d3bbd2290821/resourcegroups/rg-hk01-sea-r-eapp-storage01/providers/microsoft.storage/storageaccounts/sahk01searshared01eapp01/fileservices/default";"";"";"";"";"";"";;"";"";"";;"";"2022-10-24T17:25:13.5887982Z"
"f486ca19-3cb9-4345-8639-7ccfe1fe149a";"2022-10-24T06:40:21.1787105Z";"sahk01searshared01eapp01";"Southeast Asia";"HTTPS";"ListContainers";"OAuth";"200";"Success";"8";"8";"https://sahk01searshared01eapp01.blob.core.windows.net:443/?comp=list";"18.221.72.80";"eca03acd-001e-0049-1473-e704fc000000";"1.0";"2019-02-02";"E41758297B16D8B8EC730D3B6E5B6D5FD085A23D3E8A9626E7E48E4CC20CE3BC";"7b2a25d5-d598-40d4-9611-14db744d48d5";"7f2c1900-9fd4-4b89-91d3-79a649996f0a";"2ffc37fb-4740-46ff-9469-361af346101a";"https://storage.azure.com/";"https://sts.windows.net/7f2c1900-9fd4-4b89-91d3-79a649996f0a/";"";"[{""action"":""Microsoft.Storage/storageAccounts/blobServices/containers/read"",""roleAssignmentId"":""242b4a4b-b989-4d83-b3b1-4cdabfb40a8f"",""roleDefinitionId"":""17d1049b-9a84-46fb-8f53-869881c3d3ab"",""type"":""RBAC"",""principals"":[{""id"":""7b2a25d5-d598-40d4-9611-14db744d48d5"",""type"":""ServicePrincipal""}],""denyAssignmentId"":"""",""result"":""Granted"",""reason"":""Policy""}]";"Apache-HttpClient/4.5.13 (Java/11.0.15)";"";"";"";"blob";;"1603";;"152";"1553";"";"";;"";;"StorageRead";"TLS 1.2";"";"Azure";"StorageBlobLogs";"/subscriptions/9b491dd6-598e-498c-98a0-d3bbd2290821/resourcegroups/rg-hk01-sea-r-eapp-storage01/providers/microsoft.storage/storageaccounts/sahk01searshared01eapp01/blobservices/default";"";"";"";"";"";"";;"";"";"";;"";"2022-10-24T14:40:21.1787105Z"
"f486ca19-3cb9-4345-8639-7ccfe1fe149a";"2022-10-24T06:40:20.9299372Z";"sahk01searshared01eapp01";"Southeast Asia";"HTTPS";"GetFileServiceProperties";"AccountKey";"200";"Success";"9";"9";"https://sahk01searshared01eapp01.file.core.windows.net:443/?restype=service&comp=properties";"18.221.72.80";"80f854cf-001a-0006-3373-e7c0e4000000";"1.0";"2017-04-17";"key1(643271ED48D2537D2D91116729421220F711C770C24471D3B5B8D4104C3E946E)";"";"";"";"";"";"";;"Azure-Storage/6.1.0 (JavaJRE 11.0.15; Linux 5.15.59-33.133.amzn2.x86_64)";"";"3093763e-9e69-4d89-bad5-246e49f12588";"";"file";;"510";;"152";"413";"";"";;"";;"StorageRead";"TLS 1.2";"";"Azure";"StorageFileLogs";"/subscriptions/9b491dd6-598e-498c-98a0-d3bbd2290821/resourcegroups/rg-hk01-sea-r-eapp-storage01/providers/microsoft.storage/storageaccounts/sahk01searshared01eapp01/fileservices/default";"";"";"";"";"";"";;"";"";"";;"";"2022-10-24T14:40:20.9299372Z"
"f486ca19-3cb9-4345-8639-7ccfe1fe149a";"2022-10-24T06:40:17.7640213Z";"sahk01searshared01eapp01";"Southeast Asia";"HTTPS";"GetBlobServiceProperties";"OAuth";"200";"Success";"105";"105";"https://sahk01searshared01eapp01.blob.core.windows.net:443/?restype=service&comp=properties";"18.221.72.80";"eca02d81-001e-0049-1673-e704fc000000";"1.0";"2019-02-02";"E41758297B16D8B8EC730D3B6E5B6D5FD085A23D3E8A9626E7E48E4CC20CE3BC";"7b2a25d5-d598-40d4-9611-14db744d48d5";"7f2c1900-9fd4-4b89-91d3-79a649996f0a";"2ffc37fb-4740-46ff-9469-361af346101a";"https://storage.azure.com/";"https://sts.windows.net/7f2c1900-9fd4-4b89-91d3-79a649996f0a/";"";"[{""action"":""Microsoft.Storage/storageAccounts/blobServices/read"",""roleAssignmentId"":""242b4a4b-b989-4d83-b3b1-4cdabfb40a8f"",""roleDefinitionId"":""17d1049b-9a84-46fb-8f53-869881c3d3ab"",""type"":""RBAC"",""principals"":[{""id"":""7b2a25d5-d598-40d4-9611-14db744d48d5"",""type"":""ServicePrincipal""}],""denyAssignmentId"":"""",""result"":""Granted"",""reason"":""Policy""}]";"Apache-HttpClient/4.5.13 (Java/11.0.15)";"";"";"";"blob";;"1625";;"152";"723";"";"";;"";;"StorageRead";"TLS 1.2";"";"Azure";"StorageBlobLogs";"/subscriptions/9b491dd6-598e-498c-98a0-d3bbd2290821/resourcegroups/rg-hk01-sea-r-eapp-storage01/providers/microsoft.storage/storageaccounts/sahk01searshared01eapp01/blobservices/default";"";"";"";"";"";"";;"";"";"";;"";"2022-10-24T14:40:17.7640213Z"
"f486ca19-3cb9-4345-8639-7ccfe1fe149a";"2022-10-23T10:03:11.982007Z";"sahk01searshared01eapp01";"Southeast Asia";"HTTPS";"ListContainers";"OAuth";"200";"Success";"9";"8";"https://sahk01searshared01eapp01.blob.core.windows.net:443/?comp=list";"13.59.164.228";"6d50df53-701e-004d-54c6-e6f17e000000";"1.0";"2019-02-02";"C94310FE9B7EFDF56D4006CE74F1FB8D4D99F59C17F208CB440649351231FD76";"7b2a25d5-d598-40d4-9611-14db744d48d5";"7f2c1900-9fd4-4b89-91d3-79a649996f0a";"2ffc37fb-4740-46ff-9469-361af346101a";"https://storage.azure.com/";"https://sts.windows.net/7f2c1900-9fd4-4b89-91d3-79a649996f0a/";"";"[{""action"":""Microsoft.Storage/storageAccounts/blobServices/containers/read"",""roleAssignmentId"":""242b4a4b-b989-4d83-b3b1-4cdabfb40a8f"",""roleDefinitionId"":""17d1049b-9a84-46fb-8f53-869881c3d3ab"",""type"":""RBAC"",""principals"":[{""id"":""7b2a25d5-d598-40d4-9611-14db744d48d5"",""type"":""ServicePrincipal""}],""denyAssignmentId"":"""",""result"":""Granted"",""reason"":""Policy""}]";"Apache-HttpClient/4.5.13 (Java/11.0.15)";"";"";"";"blob";;"1603";;"152";"1553";"";"";;"";;"StorageRead";"TLS 1.2";"";"Azure";"StorageBlobLogs";"/subscriptions/9b491dd6-598e-498c-98a0-d3bbd2290821/resourcegroups/rg-hk01-sea-r-eapp-storage01/providers/microsoft.storage/storageaccounts/sahk01searshared01eapp01/blobservices/default";"";"";"";"";"";"";;"";"";"";;"";"2022-10-23T18:03:11.982007Z"
"f486ca19-3cb9-4345-8639-7ccfe1fe149a";"2022-10-23T10:03:11.7361723Z";"sahk01searshared01eapp01";"Southeast Asia";"HTTPS";"GetFileServiceProperties";"AccountKey";"200";"Success";"8";"8";"https://sahk01searshared01eapp01.file.core.windows.net:443/?restype=service&comp=properties";"13.59.164.228";"28d1dedf-501a-005a-7dc6-e6311d000000";"1.0";"2017-04-17";"key1(643271ED48D2537D2D91116729421220F711C770C24471D3B5B8D4104C3E946E)";"";"";"";"";"";"";;"Azure-Storage/6.1.0 (JavaJRE 11.0.15; Linux 5.15.59-33.133.amzn2.x86_64)";"";"c0a7baa0-7d1d-4176-bc3e-d3270d28dfa4";"";"file";;"510";;"152";"413";"";"";;"";;"StorageRead";"TLS 1.2";"";"Azure";"StorageFileLogs";"/subscriptions/9b491dd6-598e-498c-98a0-d3bbd2290821/resourcegroups/rg-hk01-sea-r-eapp-storage01/providers/microsoft.storage/storageaccounts/sahk01searshared01eapp01/fileservices/default";"";"";"";"";"";"";;"";"";"";;"";"2022-10-23T18:03:11.7361723Z"
"f486ca19-3cb9-4345-8639-7ccfe1fe149a";"2022-10-23T10:03:08.6483252Z";"sahk01searshared01eapp01";"Southeast Asia";"HTTPS";"GetBlobServiceProperties";"OAuth";"200";"Success";"113";"113";"https://sahk01searshared01eapp01.blob.core.windows.net:443/?restype=service&comp=properties";"13.59.164.228";"6d50d604-701e-004d-46c6-e6f17e000000";"1.0";"2019-02-02";"C94310FE9B7EFDF56D4006CE74F1FB8D4D99F59C17F208CB440649351231FD76";"7b2a25d5-d598-40d4-9611-14db744d48d5";"7f2c1900-9fd4-4b89-91d3-79a649996f0a";"2ffc37fb-4740-46ff-9469-361af346101a";"https://storage.azure.com/";"https://sts.windows.net/7f2c1900-9fd4-4b89-91d3-79a649996f0a/";"";"[{""action"":""Microsoft.Storage/storageAccounts/blobServices/read"",""roleAssignmentId"":""242b4a4b-b989-4d83-b3b1-4cdabfb40a8f"",""roleDefinitionId"":""17d1049b-9a84-46fb-8f53-869881c3d3ab"",""type"":""RBAC"",""principals"":[{""id"":""7b2a25d5-d598-40d4-9611-14db744d48d5"",""type"":""ServicePrincipal""}],""denyAssignmentId"":"""",""result"":""Granted"",""reason"":""Policy""}]";"Apache-HttpClient/4.5.13 (Java/11.0.15)";"";"";"";"blob";;"1625";;"152";"723";"";"";;"";;"StorageRead";"TLS 1.2";"";"Azure";"StorageBlobLogs";"/subscriptions/9b491dd6-598e-498c-98a0-d3bbd2290821/resourcegroups/rg-hk01-sea-r-eapp-storage01/providers/microsoft.storage/storageaccounts/sahk01searshared01eapp01/blobservices/default";"";"";"";"";"";"";;"";"";"";;"";"2022-10-23T18:03:08.6483252Z"
"f486ca19-3cb9-4345-8639-7ccfe1fe149a";"2022-10-22T08:08:17.6470182Z";"sahk01searshared01eapp01";"Southeast Asia";"HTTPS";"ListContainers";"OAuth";"200";"Success";"8";"8";"https://sahk01searshared01eapp01.blob.core.windows.net:443/?comp=list";"13.59.164.228";"a7a1279a-701e-0002-3eed-e53566000000";"1.0";"2019-02-02";"CD82C997A1AD5303554CBC41E5CDCECF81A42B32CABACA58200EE31F789C120A";"7b2a25d5-d598-40d4-9611-14db744d48d5";"7f2c1900-9fd4-4b89-91d3-79a649996f0a";"2ffc37fb-4740-46ff-9469-361af346101a";"https://storage.azure.com/";"https://sts.windows.net/7f2c1900-9fd4-4b89-91d3-79a649996f0a/";"";"[{""action"":""Microsoft.Storage/storageAccounts/blobServices/containers/read"",""roleAssignmentId"":""242b4a4b-b989-4d83-b3b1-4cdabfb40a8f"",""roleDefinitionId"":""17d1049b-9a84-46fb-8f53-869881c3d3ab"",""type"":""RBAC"",""principals"":[{""id"":""7b2a25d5-d598-40d4-9611-14db744d48d5"",""type"":""ServicePrincipal""}],""denyAssignmentId"":"""",""result"":""Granted"",""reason"":""Policy""}]";"Apache-HttpClient/4.5.13 (Java/11.0.15)";"";"";"";"blob";;"1603";;"152";"1553";"";"";;"";;"StorageRead";"TLS 1.2";"";"Azure";"StorageBlobLogs";"/subscriptions/9b491dd6-598e-498c-98a0-d3bbd2290821/resourcegroups/rg-hk01-sea-r-eapp-storage01/providers/microsoft.storage/storageaccounts/sahk01searshared01eapp01/blobservices/default";"";"";"";"";"";"";;"";"";"";;"";"2022-10-22T16:08:17.6470182Z"
"f486ca19-3cb9-4345-8639-7ccfe1fe149a";"2022-10-22T08:08:17.4041052Z";"sahk01searshared01eapp01";"Southeast Asia";"HTTPS";"GetFileServiceProperties";"AccountKey";"200";"Success";"6";"6";"https://sahk01searshared01eapp01.file.core.windows.net:443/?restype=service&comp=properties";"13.59.164.228";"89e2fc59-a01a-0022-6eed-e559aa000000";"1.0";"2017-04-17";"key1(643271ED48D2537D2D91116729421220F711C770C24471D3B5B8D4104C3E946E)";"";"";"";"";"";"";;"Azure-Storage/6.1.0 (JavaJRE 11.0.15; Linux 5.15.59-33.133.amzn2.x86_64)";"";"3baf2f24-6950-4fa8-9c1d-bf5f665bbf4a";"";"file";;"510";;"152";"413";"";"";;"";;"StorageRead";"TLS 1.2";"";"Azure";"StorageFileLogs";"/subscriptions/9b491dd6-598e-498c-98a0-d3bbd2290821/resourcegroups/rg-hk01-sea-r-eapp-storage01/providers/microsoft.storage/storageaccounts/sahk01searshared01eapp01/fileservices/default";"";"";"";"";"";"";;"";"";"";;"";"2022-10-22T16:08:17.4041052Z"
"f486ca19-3cb9-4345-8639-7ccfe1fe149a";"2022-10-22T08:08:14.2851772Z";"sahk01searshared01eapp01";"Southeast Asia";"HTTPS";"GetBlobServiceProperties";"OAuth";"200";"Success";"108";"108";"https://sahk01searshared01eapp01.blob.core.windows.net:443/?restype=service&comp=properties";"13.59.164.228";"a7a1222f-701e-0002-17ed-e53566000000";"1.0";"2019-02-02";"CD82C997A1AD5303554CBC41E5CDCECF81A42B32CABACA58200EE31F789C120A";"7b2a25d5-d598-40d4-9611-14db744d48d5";"7f2c1900-9fd4-4b89-91d3-79a649996f0a";"2ffc37fb-4740-46ff-9469-361af346101a";"https://storage.azure.com/";"https://sts.windows.net/7f2c1900-9fd4-4b89-91d3-79a649996f0a/";"";"[{""action"":""Microsoft.Storage/storageAccounts/blobServices/read"",""roleAssignmentId"":""242b4a4b-b989-4d83-b3b1-4cdabfb40a8f"",""roleDefinitionId"":""17d1049b-9a84-46fb-8f53-869881c3d3ab"",""type"":""RBAC"",""principals"":[{""id"":""7b2a25d5-d598-40d4-9611-14db744d48d5"",""type"":""ServicePrincipal""}],""denyAssignmentId"":"""",""result"":""Granted"",""reason"":""Policy""}]";"Apache-HttpClient/4.5.13 (Java/11.0.15)";"";"";"";"blob";;"1625";;"152";"723";"";"";;"";;"StorageRead";"TLS 1.2";"";"Azure";"StorageBlobLogs";"/subscriptions/9b491dd6-598e-498c-98a0-d3bbd2290821/resourcegroups/rg-hk01-sea-r-eapp-storage01/providers/microsoft.storage/storageaccounts/sahk01searshared01eapp01/blobservices/default";"";"";"";"";"";"";;"";"";"";;"";"2022-10-22T16:08:14.2851772Z"
"f486ca19-3cb9-4345-8639-7ccfe1fe149a";"2022-10-20T09:28:31.2880076Z";"sahk01searshared01eapp01";"Southeast Asia";"HTTPS";"ListContainers";"OAuth";"200";"Success";"8";"8";"https://sahk01searshared01eapp01.blob.core.windows.net:443/?comp=list";"13.59.164.228";"afa97d14-001e-0006-2266-e4c0e4000000";"1.0";"2019-02-02";"937A9480D5E329BC6882F5AD7AF2536A3A2B17593B3CDB60C9494B7A294A78C1";"7b2a25d5-d598-40d4-9611-14db744d48d5";"7f2c1900-9fd4-4b89-91d3-79a649996f0a";"2ffc37fb-4740-46ff-9469-361af346101a";"https://storage.azure.com/";"https://sts.windows.net/7f2c1900-9fd4-4b89-91d3-79a649996f0a/";"";"[{""action"":""Microsoft.Storage/storageAccounts/blobServices/containers/read"",""roleAssignmentId"":""242b4a4b-b989-4d83-b3b1-4cdabfb40a8f"",""roleDefinitionId"":""17d1049b-9a84-46fb-8f53-869881c3d3ab"",""type"":""RBAC"",""principals"":[{""id"":""7b2a25d5-d598-40d4-9611-14db744d48d5"",""type"":""ServicePrincipal""}],""denyAssignmentId"":"""",""result"":""Granted"",""reason"":""Policy""}]";"Apache-HttpClient/4.5.13 (Java/11.0.15)";"";"";"";"blob";;"1603";;"152";"1553";"";"";;"";;"StorageRead";"TLS 1.2";"";"Azure";"StorageBlobLogs";"/subscriptions/9b491dd6-598e-498c-98a0-d3bbd2290821/resourcegroups/rg-hk01-sea-r-eapp-storage01/providers/microsoft.storage/storageaccounts/sahk01searshared01eapp01/blobservices/default";"";"";"";"";"";"";;"";"";"";;"";"2022-10-20T17:28:31.2880076Z"
"f486ca19-3cb9-4345-8639-7ccfe1fe149a";"2022-10-20T09:28:31.0429322Z";"sahk01searshared01eapp01";"Southeast Asia";"HTTPS";"GetFileServiceProperties";"AccountKey";"200";"Success";"13";"13";"https://sahk01searshared01eapp01.file.core.windows.net:443/?restype=service&comp=properties";"13.59.164.228";"313ce616-101a-005d-7166-e4c798000000";"1.0";"2017-04-17";"key1(643271ED48D2537D2D91116729421220F711C770C24471D3B5B8D4104C3E946E)";"";"";"";"";"";"";;"Azure-Storage/6.1.0 (JavaJRE 11.0.15; Linux 5.15.59-33.133.amzn2.x86_64)";"";"596d6dbd-c577-499c-b1b2-8b84e6581501";"";"file";;"510";;"152";"413";"";"";;"";;"StorageRead";"TLS 1.2";"";"Azure";"StorageFileLogs";"/subscriptions/9b491dd6-598e-498c-98a0-d3bbd2290821/resourcegroups/rg-hk01-sea-r-eapp-storage01/providers/microsoft.storage/storageaccounts/sahk01searshared01eapp01/fileservices/default";"";"";"";"";"";"";;"";"";"";;"";"2022-10-20T17:28:31.0429322Z"
"f486ca19-3cb9-4345-8639-7ccfe1fe149a";"2022-10-20T09:28:26.6218375Z";"sahk01searshared01eapp01";"Southeast Asia";"HTTPS";"GetBlobServiceProperties";"OAuth";"200";"Success";"139";"139";"https://sahk01searshared01eapp01.blob.core.windows.net:443/?restype=service&comp=properties";"13.59.164.228";"afa96fc8-001e-0006-7666-e4c0e4000000";"1.0";"2019-02-02";"937A9480D5E329BC6882F5AD7AF2536A3A2B17593B3CDB60C9494B7A294A78C1";"7b2a25d5-d598-40d4-9611-14db744d48d5";"7f2c1900-9fd4-4b89-91d3-79a649996f0a";"2ffc37fb-4740-46ff-9469-361af346101a";"https://storage.azure.com/";"https://sts.windows.net/7f2c1900-9fd4-4b89-91d3-79a649996f0a/";"";"[{""action"":""Microsoft.Storage/storageAccounts/blobServices/read"",""roleAssignmentId"":""242b4a4b-b989-4d83-b3b1-4cdabfb40a8f"",""roleDefinitionId"":""17d1049b-9a84-46fb-8f53-869881c3d3ab"",""type"":""RBAC"",""principals"":[{""id"":""7b2a25d5-d598-40d4-9611-14db744d48d5"",""type"":""ServicePrincipal""}],""denyAssignmentId"":"""",""result"":""Granted"",""reason"":""Policy""}]";"Apache-HttpClient/4.5.13 (Java/11.0.15)";"";"";"";"blob";;"1625";;"152";"723";"";"";;"";;"StorageRead";"TLS 1.2";"";"Azure";"StorageBlobLogs";"/subscriptions/9b491dd6-598e-498c-98a0-d3bbd2290821/resourcegroups/rg-hk01-sea-r-eapp-storage01/providers/microsoft.storage/storageaccounts/sahk01searshared01eapp01/blobservices/default";"";"";"";"";"";"";;"";"";"";;"";"2022-10-20T17:28:26.6218375Z"
"f486ca19-3cb9-4345-8639-7ccfe1fe149a";"2022-10-20T06:26:50.3509187Z";"sahk01searshared01eapp01";"Southeast Asia";"HTTPS";"ListContainers";"OAuth";"200";"Success";"16";"15";"https://sahk01searshared01eapp01.blob.core.windows.net:443/?comp=list";"18.221.72.80";"3d5dcd04-f01e-0031-254c-e46c4b000000";"1.0";"2019-02-02";"6326785512D4EC6227DDBD8CC6E29213C35E78403C2FC82B7740654AED7AC3A6";"7b2a25d5-d598-40d4-9611-14db744d48d5";"7f2c1900-9fd4-4b89-91d3-79a649996f0a";"2ffc37fb-4740-46ff-9469-361af346101a";"https://storage.azure.com/";"https://sts.windows.net/7f2c1900-9fd4-4b89-91d3-79a649996f0a/";"";"[{""action"":""Microsoft.Storage/storageAccounts/blobServices/containers/read"",""roleAssignmentId"":""242b4a4b-b989-4d83-b3b1-4cdabfb40a8f"",""roleDefinitionId"":""17d1049b-9a84-46fb-8f53-869881c3d3ab"",""type"":""RBAC"",""principals"":[{""id"":""7b2a25d5-d598-40d4-9611-14db744d48d5"",""type"":""ServicePrincipal""}],""denyAssignmentId"":"""",""result"":""Granted"",""reason"":""Policy""}]";"Apache-HttpClient/4.5.13 (Java/11.0.15)";"";"";"";"blob";;"1603";;"152";"1553";"";"";;"";;"StorageRead";"TLS 1.2";"";"Azure";"StorageBlobLogs";"/subscriptions/9b491dd6-598e-498c-98a0-d3bbd2290821/resourcegroups/rg-hk01-sea-r-eapp-storage01/providers/microsoft.storage/storageaccounts/sahk01searshared01eapp01/blobservices/default";"";"";"";"";"";"";;"";"";"";;"";"2022-10-20T14:26:50.3509187Z"
"f486ca19-3cb9-4345-8639-7ccfe1fe149a";"2022-10-20T06:26:46.2629928Z";"sahk01searshared01eapp01";"Southeast Asia";"HTTPS";"GetBlobServiceProperties";"OAuth";"200";"Success";"198";"197";"https://sahk01searshared01eapp01.blob.core.windows.net:443/?restype=service&comp=properties";"18.221.72.80";"3d5dc2c5-f01e-0031-454c-e46c4b000000";"1.0";"2019-02-02";"6326785512D4EC6227DDBD8CC6E29213C35E78403C2FC82B7740654AED7AC3A6";"7b2a25d5-d598-40d4-9611-14db744d48d5";"7f2c1900-9fd4-4b89-91d3-79a649996f0a";"2ffc37fb-4740-46ff-9469-361af346101a";"https://storage.azure.com/";"https://sts.windows.net/7f2c1900-9fd4-4b89-91d3-79a649996f0a/";"";"[{""action"":""Microsoft.Storage/storageAccounts/blobServices/read"",""roleAssignmentId"":""242b4a4b-b989-4d83-b3b1-4cdabfb40a8f"",""roleDefinitionId"":""17d1049b-9a84-46fb-8f53-869881c3d3ab"",""type"":""RBAC"",""principals"":[{""id"":""7b2a25d5-d598-40d4-9611-14db744d48d5"",""type"":""ServicePrincipal""}],""denyAssignmentId"":"""",""result"":""Granted"",""reason"":""Policy""}]";"Apache-HttpClient/4.5.13 (Java/11.0.15)";"";"";"";"blob";;"1625";;"152";"723";"";"";;"";;"StorageRead";"TLS 1.2";"";"Azure";"StorageBlobLogs";"/subscriptions/9b491dd6-598e-498c-98a0-d3bbd2290821/resourcegroups/rg-hk01-sea-r-eapp-storage01/providers/microsoft.storage/storageaccounts/sahk01searshared01eapp01/blobservices/default";"";"";"";"";"";"";;"";"";"";;"";"2022-10-20T14:26:46.2629928Z"
"f486ca19-3cb9-4345-8639-7ccfe1fe149a";"2022-10-19T09:27:59.1811458Z";"sahk01searshared01eapp01";"Southeast Asia";"HTTPS";"ListContainers";"OAuth";"200";"Success";"7";"7";"https://sahk01searshared01eapp01.blob.core.windows.net:443/?comp=list";"18.221.72.80";"9e9387a2-801e-0071-5b9d-e345a5000000";"1.0";"2019-02-02";"5CBA1A88ADD9F8A8E74D5C20E07F8E3BFACB97BDEAC3703A952D04975F8BDCE6";"7b2a25d5-d598-40d4-9611-14db744d48d5";"7f2c1900-9fd4-4b89-91d3-79a649996f0a";"2ffc37fb-4740-46ff-9469-361af346101a";"https://storage.azure.com/";"https://sts.windows.net/7f2c1900-9fd4-4b89-91d3-79a649996f0a/";"";"[{""action"":""Microsoft.Storage/storageAccounts/blobServices/containers/read"",""roleAssignmentId"":""242b4a4b-b989-4d83-b3b1-4cdabfb40a8f"",""roleDefinitionId"":""17d1049b-9a84-46fb-8f53-869881c3d3ab"",""type"":""RBAC"",""principals"":[{""id"":""7b2a25d5-d598-40d4-9611-14db744d48d5"",""type"":""ServicePrincipal""}],""denyAssignmentId"":"""",""result"":""Granted"",""reason"":""Policy""}]";"Apache-HttpClient/4.5.13 (Java/11.0.15)";"";"";"";"blob";;"1603";;"152";"1553";"";"";;"";;"StorageRead";"TLS 1.2";"";"Azure";"StorageBlobLogs";"/subscriptions/9b491dd6-598e-498c-98a0-d3bbd2290821/resourcegroups/rg-hk01-sea-r-eapp-storage01/providers/microsoft.storage/storageaccounts/sahk01searshared01eapp01/blobservices/default";"";"";"";"";"";"";;"";"";"";;"";"2022-10-19T17:27:59.1811458Z"
"f486ca19-3cb9-4345-8639-7ccfe1fe149a";"2022-10-19T09:27:58.9247462Z";"sahk01searshared01eapp01";"Southeast Asia";"HTTPS";"GetFileServiceProperties";"AccountKey";"200";"Success";"10";"10";"https://sahk01searshared01eapp01.file.core.windows.net:443/?restype=service&comp=properties";"18.221.72.80";"0d309140-d01a-0026-469d-e3ac28000000";"1.0";"2017-04-17";"key1(643271ED48D2537D2D91116729421220F711C770C24471D3B5B8D4104C3E946E)";"";"";"";"";"";"";;"Azure-Storage/6.1.0 (JavaJRE 11.0.15; Linux 5.15.59-33.133.amzn2.x86_64)";"";"d430d814-b61e-46ea-b262-1fd84d16cc8d";"";"file";;"510";;"152";"413";"";"";;"";;"StorageRead";"TLS 1.2";"";"Azure";"StorageFileLogs";"/subscriptions/9b491dd6-598e-498c-98a0-d3bbd2290821/resourcegroups/rg-hk01-sea-r-eapp-storage01/providers/microsoft.storage/storageaccounts/sahk01searshared01eapp01/fileservices/default";"";"";"";"";"";"";;"";"";"";;"";"2022-10-19T17:27:58.9247462Z"
"f486ca19-3cb9-4345-8639-7ccfe1fe149a";"2022-10-19T09:27:55.7878805Z";"sahk01searshared01eapp01";"Southeast Asia";"HTTPS";"GetBlobServiceProperties";"OAuth";"200";"Success";"89";"89";"https://sahk01searshared01eapp01.blob.core.windows.net:443/?restype=service&comp=properties";"18.221.72.80";"9e938040-801e-0071-619d-e345a5000000";"1.0";"2019-02-02";"5CBA1A88ADD9F8A8E74D5C20E07F8E3BFACB97BDEAC3703A952D04975F8BDCE6";"7b2a25d5-d598-40d4-9611-14db744d48d5";"7f2c1900-9fd4-4b89-91d3-79a649996f0a";"2ffc37fb-4740-46ff-9469-361af346101a";"https://storage.azure.com/";"https://sts.windows.net/7f2c1900-9fd4-4b89-91d3-79a649996f0a/";"";"[{""action"":""Microsoft.Storage/storageAccounts/blobServices/read"",""roleAssignmentId"":""242b4a4b-b989-4d83-b3b1-4cdabfb40a8f"",""roleDefinitionId"":""17d1049b-9a84-46fb-8f53-869881c3d3ab"",""type"":""RBAC"",""principals"":[{""id"":""7b2a25d5-d598-40d4-9611-14db744d48d5"",""type"":""ServicePrincipal""}],""denyAssignmentId"":"""",""result"":""Granted"",""reason"":""Policy""}]";"Apache-HttpClient/4.5.13 (Java/11.0.15)";"";"";"";"blob";;"1625";;"152";"723";"";"";;"";;"StorageRead";"TLS 1.2";"";"Azure";"StorageBlobLogs";"/subscriptions/9b491dd6-598e-498c-98a0-d3bbd2290821/resourcegroups/rg-hk01-sea-r-eapp-storage01/providers/microsoft.storage/storageaccounts/sahk01searshared01eapp01/blobservices/default";"";"";"";"";"";"";;"";"";"";;"";"2022-10-19T17:27:55.7878805Z"
"f486ca19-3cb9-4345-8639-7ccfe1fe149a";"2022-10-18T07:25:48.7674702Z";"sahk01searshared01eapp01";"Southeast Asia";"HTTPS";"ListContainers";"OAuth";"200";"Success";"7";"7";"https://sahk01searshared01eapp01.blob.core.windows.net:443/?comp=list";"18.221.72.80";"f3c97f20-801e-0071-2cc2-e245a5000000";"1.0";"2019-02-02";"9249A05683C5412C435A6B106EEE238AD4117C70FDD4AB8107C79519C138463C";"7b2a25d5-d598-40d4-9611-14db744d48d5";"7f2c1900-9fd4-4b89-91d3-79a649996f0a";"2ffc37fb-4740-46ff-9469-361af346101a";"https://storage.azure.com/";"https://sts.windows.net/7f2c1900-9fd4-4b89-91d3-79a649996f0a/";"";"[{""action"":""Microsoft.Storage/storageAccounts/blobServices/containers/read"",""roleAssignmentId"":""242b4a4b-b989-4d83-b3b1-4cdabfb40a8f"",""roleDefinitionId"":""17d1049b-9a84-46fb-8f53-869881c3d3ab"",""type"":""RBAC"",""principals"":[{""id"":""7b2a25d5-d598-40d4-9611-14db744d48d5"",""type"":""ServicePrincipal""}],""denyAssignmentId"":"""",""result"":""Granted"",""reason"":""Policy""}]";"Apache-HttpClient/4.5.13 (Java/11.0.15)";"";"";"";"blob";;"1603";;"152";"1553";"";"";;"";;"StorageRead";"TLS 1.2";"";"Azure";"StorageBlobLogs";"/subscriptions/9b491dd6-598e-498c-98a0-d3bbd2290821/resourcegroups/rg-hk01-sea-r-eapp-storage01/providers/microsoft.storage/storageaccounts/sahk01searshared01eapp01/blobservices/default";"";"";"";"";"";"";;"";"";"";;"";"2022-10-18T15:25:48.7674702Z"
"f486ca19-3cb9-4345-8639-7ccfe1fe149a";"2022-10-18T07:25:48.5275141Z";"sahk01searshared01eapp01";"Southeast Asia";"HTTPS";"GetFileServiceProperties";"AccountKey";"200";"Success";"10";"9";"https://sahk01searshared01eapp01.file.core.windows.net:443/?restype=service&comp=properties";"18.221.72.80";"9241634a-001a-002f-4bc2-e2b6a6000000";"1.0";"2017-04-17";"key1(643271ED48D2537D2D91116729421220F711C770C24471D3B5B8D4104C3E946E)";"";"";"";"";"";"";;"Azure-Storage/6.1.0 (JavaJRE 11.0.15; Linux 5.15.59-33.133.amzn2.x86_64)";"";"881f908b-7d6c-40dc-ac0d-438c4e9df745";"";"file";;"510";;"152";"413";"";"";;"";;"StorageRead";"TLS 1.2";"";"Azure";"StorageFileLogs";"/subscriptions/9b491dd6-598e-498c-98a0-d3bbd2290821/resourcegroups/rg-hk01-sea-r-eapp-storage01/providers/microsoft.storage/storageaccounts/sahk01searshared01eapp01/fileservices/default";"";"";"";"";"";"";;"";"";"";;"";"2022-10-18T15:25:48.5275141Z"
"f486ca19-3cb9-4345-8639-7ccfe1fe149a";"2022-10-18T07:25:44.8000638Z";"sahk01searshared01eapp01";"Southeast Asia";"HTTPS";"GetBlobServiceProperties";"OAuth";"200";"Success";"102";"102";"https://sahk01searshared01eapp01.blob.core.windows.net:443/?restype=service&comp=properties";"18.221.72.80";"f3c96862-801e-0071-2ec2-e245a5000000";"1.0";"2019-02-02";"9249A05683C5412C435A6B106EEE238AD4117C70FDD4AB8107C79519C138463C";"7b2a25d5-d598-40d4-9611-14db744d48d5";"7f2c1900-9fd4-4b89-91d3-79a649996f0a";"2ffc37fb-4740-46ff-9469-361af346101a";"https://storage.azure.com/";"https://sts.windows.net/7f2c1900-9fd4-4b89-91d3-79a649996f0a/";"";"[{""action"":""Microsoft.Storage/storageAccounts/blobServices/read"",""roleAssignmentId"":""242b4a4b-b989-4d83-b3b1-4cdabfb40a8f"",""roleDefinitionId"":""17d1049b-9a84-46fb-8f53-869881c3d3ab"",""type"":""RBAC"",""principals"":[{""id"":""7b2a25d5-d598-40d4-9611-14db744d48d5"",""type"":""ServicePrincipal""}],""denyAssignmentId"":"""",""result"":""Granted"",""reason"":""Policy""}]";"Apache-HttpClient/4.5.13 (Java/11.0.15)";"";"";"";"blob";;"1625";;"152";"723";"";"";;"";;"StorageRead";"TLS 1.2";"";"Azure";"StorageBlobLogs";"/subscriptions/9b491dd6-598e-498c-98a0-d3bbd2290821/resourcegroups/rg-hk01-sea-r-eapp-storage01/providers/microsoft.storage/storageaccounts/sahk01searshared01eapp01/blobservices/default";"";"";"";"";"";"";;"";"";"";;"";"2022-10-18T15:25:44.8000638Z"
"f486ca19-3cb9-4345-8639-7ccfe1fe149a";"2022-10-16T07:18:46.1468959Z";"sahk01searshared01eapp01";"Southeast Asia";"HTTPS";"ListContainers";"OAuth";"200";"Success";"9";"9";"https://sahk01searshared01eapp01.blob.core.windows.net:443/?comp=list";"13.59.164.228";"fcde91db-f01e-005c-0d2f-e1c665000000";"1.0";"2019-02-02";"683A6B240864660B99068F69AF76A62CD2D4D37BA9241ADE83BD4E60597A290F";"7b2a25d5-d598-40d4-9611-14db744d48d5";"7f2c1900-9fd4-4b89-91d3-79a649996f0a";"2ffc37fb-4740-46ff-9469-361af346101a";"https://storage.azure.com/";"https://sts.windows.net/7f2c1900-9fd4-4b89-91d3-79a649996f0a/";"";"[{""action"":""Microsoft.Storage/storageAccounts/blobServices/containers/read"",""roleAssignmentId"":""242b4a4b-b989-4d83-b3b1-4cdabfb40a8f"",""roleDefinitionId"":""17d1049b-9a84-46fb-8f53-869881c3d3ab"",""type"":""RBAC"",""principals"":[{""id"":""7b2a25d5-d598-40d4-9611-14db744d48d5"",""type"":""ServicePrincipal""}],""denyAssignmentId"":"""",""result"":""Granted"",""reason"":""Policy""}]";"Apache-HttpClient/4.5.13 (Java/11.0.15)";"";"";"";"blob";;"1603";;"152";"1553";"";"";;"";;"StorageRead";"TLS 1.2";"";"Azure";"StorageBlobLogs";"/subscriptions/9b491dd6-598e-498c-98a0-d3bbd2290821/resourcegroups/rg-hk01-sea-r-eapp-storage01/providers/microsoft.storage/storageaccounts/sahk01searshared01eapp01/blobservices/default";"";"";"";"";"";"";;"";"";"";;"";"2022-10-16T15:18:46.1468959Z"
"f486ca19-3cb9-4345-8639-7ccfe1fe149a";"2022-10-16T07:18:45.896595Z";"sahk01searshared01eapp01";"Southeast Asia";"HTTPS";"GetFileServiceProperties";"AccountKey";"200";"Success";"6";"5";"https://sahk01searshared01eapp01.file.core.windows.net:443/?restype=service&comp=properties";"13.59.164.228";"e5e60059-601a-0034-342f-e19834000000";"1.0";"2017-04-17";"key1(643271ED48D2537D2D91116729421220F711C770C24471D3B5B8D4104C3E946E)";"";"";"";"";"";"";;"Azure-Storage/6.1.0 (JavaJRE 11.0.15; Linux 5.15.59-33.133.amzn2.x86_64)";"";"b720bb6d-4207-4d43-b064-b04188d9af9f";"";"file";;"510";;"152";"413";"";"";;"";;"StorageRead";"TLS 1.2";"";"Azure";"StorageFileLogs";"/subscriptions/9b491dd6-598e-498c-98a0-d3bbd2290821/resourcegroups/rg-hk01-sea-r-eapp-storage01/providers/microsoft.storage/storageaccounts/sahk01searshared01eapp01/fileservices/default";"";"";"";"";"";"";;"";"";"";;"";"2022-10-16T15:18:45.896595Z"
"f486ca19-3cb9-4345-8639-7ccfe1fe149a";"2022-10-16T07:18:42.8313337Z";"sahk01searshared01eapp01";"Southeast Asia";"HTTPS";"GetBlobServiceProperties";"OAuth";"200";"Success";"119";"119";"https://sahk01searshared01eapp01.blob.core.windows.net:443/?restype=service&comp=properties";"13.59.164.228";"fcde8d5e-f01e-005c-022f-e1c665000000";"1.0";"2019-02-02";"683A6B240864660B99068F69AF76A62CD2D4D37BA9241ADE83BD4E60597A290F";"7b2a25d5-d598-40d4-9611-14db744d48d5";"7f2c1900-9fd4-4b89-91d3-79a649996f0a";"2ffc37fb-4740-46ff-9469-361af346101a";"https://storage.azure.com/";"https://sts.windows.net/7f2c1900-9fd4-4b89-91d3-79a649996f0a/";"";"[{""action"":""Microsoft.Storage/storageAccounts/blobServices/read"",""roleAssignmentId"":""242b4a4b-b989-4d83-b3b1-4cdabfb40a8f"",""roleDefinitionId"":""17d1049b-9a84-46fb-8f53-869881c3d3ab"",""type"":""RBAC"",""principals"":[{""id"":""7b2a25d5-d598-40d4-9611-14db744d48d5"",""type"":""ServicePrincipal""}],""denyAssignmentId"":"""",""result"":""Granted"",""reason"":""Policy""}]";"Apache-HttpClient/4.5.13 (Java/11.0.15)";"";"";"";"blob";;"1625";;"152";"723";"";"";;"";;"StorageRead";"TLS 1.2";"";"Azure";"StorageBlobLogs";"/subscriptions/9b491dd6-598e-498c-98a0-d3bbd2290821/resourcegroups/rg-hk01-sea-r-eapp-storage01/providers/microsoft.storage/storageaccounts/sahk01searshared01eapp01/blobservices/default";"";"";"";"";"";"";;"";"";"";;"";"2022-10-16T15:18:42.8313337Z"
"f486ca19-3cb9-4345-8639-7ccfe1fe149a";"2022-10-15T08:12:21.3097812Z";"sahk01searshared01eapp01";"Southeast Asia";"HTTPS";"ListContainers";"OAuth";"200";"Success";"8";"8";"https://sahk01searshared01eapp01.blob.core.windows.net:443/?comp=list";"18.221.72.80";"b3fef7d9-101e-0056-286d-e0dfec000000";"1.0";"2019-02-02";"A284CFF2D1DC39E4DD4128F47425FCA200A68CBB02BD67858980E36AD0377404";"7b2a25d5-d598-40d4-9611-14db744d48d5";"7f2c1900-9fd4-4b89-91d3-79a649996f0a";"2ffc37fb-4740-46ff-9469-361af346101a";"https://storage.azure.com/";"https://sts.windows.net/7f2c1900-9fd4-4b89-91d3-79a649996f0a/";"";"[{""action"":""Microsoft.Storage/storageAccounts/blobServices/containers/read"",""roleAssignmentId"":""242b4a4b-b989-4d83-b3b1-4cdabfb40a8f"",""roleDefinitionId"":""17d1049b-9a84-46fb-8f53-869881c3d3ab"",""type"":""RBAC"",""principals"":[{""id"":""7b2a25d5-d598-40d4-9611-14db744d48d5"",""type"":""ServicePrincipal""}],""denyAssignmentId"":"""",""result"":""Granted"",""reason"":""Policy""}]";"Apache-HttpClient/4.5.13 (Java/11.0.15)";"";"";"";"blob";;"1603";;"152";"1553";"";"";;"";;"StorageRead";"TLS 1.2";"";"Azure";"StorageBlobLogs";"/subscriptions/9b491dd6-598e-498c-98a0-d3bbd2290821/resourcegroups/rg-hk01-sea-r-eapp-storage01/providers/microsoft.storage/storageaccounts/sahk01searshared01eapp01/blobservices/default";"";"";"";"";"";"";;"";"";"";;"";"2022-10-15T16:12:21.3097812Z"
"f486ca19-3cb9-4345-8639-7ccfe1fe149a";"2022-10-15T08:12:21.0655458Z";"sahk01searshared01eapp01";"Southeast Asia";"HTTPS";"GetFileServiceProperties";"AccountKey";"200";"Success";"9";"8";"https://sahk01searshared01eapp01.file.core.windows.net:443/?restype=service&comp=properties";"18.221.72.80";"b2dc4d4c-f01a-0031-436d-e06c4b000000";"1.0";"2017-04-17";"key1(643271ED48D2537D2D91116729421220F711C770C24471D3B5B8D4104C3E946E)";"";"";"";"";"";"";;"Azure-Storage/6.1.0 (JavaJRE 11.0.15; Linux 5.15.59-33.133.amzn2.x86_64)";"";"0d85e95d-2894-4d9a-bac8-8dcff790bce4";"";"file";;"510";;"152";"413";"";"";;"";;"StorageRead";"TLS 1.2";"";"Azure";"StorageFileLogs";"/subscriptions/9b491dd6-598e-498c-98a0-d3bbd2290821/resourcegroups/rg-hk01-sea-r-eapp-storage01/providers/microsoft.storage/storageaccounts/sahk01searshared01eapp01/fileservices/default";"";"";"";"";"";"";;"";"";"";;"";"2022-10-15T16:12:21.0655458Z"
"f486ca19-3cb9-4345-8639-7ccfe1fe149a";"2022-10-15T08:12:17.6505975Z";"sahk01searshared01eapp01";"Southeast Asia";"HTTPS";"GetBlobServiceProperties";"OAuth";"200";"Success";"110";"109";"https://sahk01searshared01eapp01.blob.core.windows.net:443/?restype=service&comp=properties";"18.221.72.80";"b3feeec1-101e-0056-486d-e0dfec000000";"1.0";"2019-02-02";"A284CFF2D1DC39E4DD4128F47425FCA200A68CBB02BD67858980E36AD0377404";"7b2a25d5-d598-40d4-9611-14db744d48d5";"7f2c1900-9fd4-4b89-91d3-79a649996f0a";"2ffc37fb-4740-46ff-9469-361af346101a";"https://storage.azure.com/";"https://sts.windows.net/7f2c1900-9fd4-4b89-91d3-79a649996f0a/";"";"[{""action"":""Microsoft.Storage/storageAccounts/blobServices/read"",""roleAssignmentId"":""242b4a4b-b989-4d83-b3b1-4cdabfb40a8f"",""roleDefinitionId"":""17d1049b-9a84-46fb-8f53-869881c3d3ab"",""type"":""RBAC"",""principals"":[{""id"":""7b2a25d5-d598-40d4-9611-14db744d48d5"",""type"":""ServicePrincipal""}],""denyAssignmentId"":"""",""result"":""Granted"",""reason"":""Policy""}]";"Apache-HttpClient/4.5.13 (Java/11.0.15)";"";"";"";"blob";;"1625";;"152";"723";"";"";;"";;"StorageRead";"TLS 1.2";"";"Azure";"StorageBlobLogs";"/subscriptions/9b491dd6-598e-498c-98a0-d3bbd2290821/resourcegroups/rg-hk01-sea-r-eapp-storage01/providers/microsoft.storage/storageaccounts/sahk01searshared01eapp01/blobservices/default";"";"";"";"";"";"";;"";"";"";;"";"2022-10-15T16:12:17.6505975Z"
"f486ca19-3cb9-4345-8639-7ccfe1fe149a";"2022-10-14T08:13:35.1840014Z";"sahk01searshared01eapp01";"Southeast Asia";"HTTPS";"ListContainers";"OAuth";"200";"Success";"11";"11";"https://sahk01searshared01eapp01.blob.core.windows.net:443/?comp=list";"18.221.72.80";"386486b5-301e-004a-45a4-df07fb000000";"1.0";"2019-02-02";"0D3FC78254BB1AD67FE5EE70C9541E830C4574F8BB3EFE324FECF67CDDE0D6CE";"7b2a25d5-d598-40d4-9611-14db744d48d5";"7f2c1900-9fd4-4b89-91d3-79a649996f0a";"2ffc37fb-4740-46ff-9469-361af346101a";"https://storage.azure.com/";"https://sts.windows.net/7f2c1900-9fd4-4b89-91d3-79a649996f0a/";"";"[{""action"":""Microsoft.Storage/storageAccounts/blobServices/containers/read"",""roleAssignmentId"":""242b4a4b-b989-4d83-b3b1-4cdabfb40a8f"",""roleDefinitionId"":""17d1049b-9a84-46fb-8f53-869881c3d3ab"",""type"":""RBAC"",""principals"":[{""id"":""7b2a25d5-d598-40d4-9611-14db744d48d5"",""type"":""ServicePrincipal""}],""denyAssignmentId"":"""",""result"":""Granted"",""reason"":""Policy""}]";"Apache-HttpClient/4.5.13 (Java/11.0.15)";"";"";"";"blob";;"1603";;"152";"1553";"";"";;"";;"StorageRead";"TLS 1.2";"";"Azure";"StorageBlobLogs";"/subscriptions/9b491dd6-598e-498c-98a0-d3bbd2290821/resourcegroups/rg-hk01-sea-r-eapp-storage01/providers/microsoft.storage/storageaccounts/sahk01searshared01eapp01/blobservices/default";"";"";"";"";"";"";;"";"";"";;"";"2022-10-14T16:13:35.1840014Z"
"f486ca19-3cb9-4345-8639-7ccfe1fe149a";"2022-10-14T08:13:34.7803426Z";"sahk01searshared01eapp01";"Southeast Asia";"HTTPS";"GetFileServiceProperties";"AccountKey";"200";"Success";"8";"8";"https://sahk01searshared01eapp01.file.core.windows.net:443/?restype=service&comp=properties";"18.221.72.80";"c2079ddb-201a-005e-5fa4-dfc49f000000";"1.0";"2017-04-17";"key1(643271ED48D2537D2D91116729421220F711C770C24471D3B5B8D4104C3E946E)";"";"";"";"";"";"";;"Azure-Storage/6.1.0 (JavaJRE 11.0.15; Linux 5.15.59-33.133.amzn2.x86_64)";"";"e3249156-26d5-42a6-8af3-398fb78333e0";"";"file";;"510";;"152";"413";"";"";;"";;"StorageRead";"TLS 1.2";"";"Azure";"StorageFileLogs";"/subscriptions/9b491dd6-598e-498c-98a0-d3bbd2290821/resourcegroups/rg-hk01-sea-r-eapp-storage01/providers/microsoft.storage/storageaccounts/sahk01searshared01eapp01/fileservices/default";"";"";"";"";"";"";;"";"";"";;"";"2022-10-14T16:13:34.7803426Z"
"f486ca19-3cb9-4345-8639-7ccfe1fe149a";"2022-10-14T08:13:31.2605988Z";"sahk01searshared01eapp01";"Southeast Asia";"HTTPS";"GetBlobServiceProperties";"OAuth";"200";"Success";"381";"381";"https://sahk01searshared01eapp01.blob.core.windows.net:443/?restype=service&comp=properties";"18.221.72.80";"38647ec2-301e-004a-70a4-df07fb000000";"1.0";"2019-02-02";"0D3FC78254BB1AD67FE5EE70C9541E830C4574F8BB3EFE324FECF67CDDE0D6CE";"7b2a25d5-d598-40d4-9611-14db744d48d5";"7f2c1900-9fd4-4b89-91d3-79a649996f0a";"2ffc37fb-4740-46ff-9469-361af346101a";"https://storage.azure.com/";"https://sts.windows.net/7f2c1900-9fd4-4b89-91d3-79a649996f0a/";"";"[{""action"":""Microsoft.Storage/storageAccounts/blobServices/read"",""roleAssignmentId"":""242b4a4b-b989-4d83-b3b1-4cdabfb40a8f"",""roleDefinitionId"":""17d1049b-9a84-46fb-8f53-869881c3d3ab"",""type"":""RBAC"",""principals"":[{""id"":""7b2a25d5-d598-40d4-9611-14db744d48d5"",""type"":""ServicePrincipal""}],""denyAssignmentId"":"""",""result"":""Granted"",""reason"":""Policy""}]";"Apache-HttpClient/4.5.13 (Java/11.0.15)";"";"";"";"blob";;"1625";;"152";"723";"";"";;"";;"StorageRead";"TLS 1.2";"";"Azure";"StorageBlobLogs";"/subscriptions/9b491dd6-598e-498c-98a0-d3bbd2290821/resourcegroups/rg-hk01-sea-r-eapp-storage01/providers/microsoft.storage/storageaccounts/sahk01searshared01eapp01/blobservices/default";"";"";"";"";"";"";;"";"";"";;"";"2022-10-14T16:13:31.2605988Z"
"f486ca19-3cb9-4345-8639-7ccfe1fe149a";"2022-10-13T06:59:06.8376976Z";"sahk01searshared01eapp01";"Southeast Asia";"HTTPS";"ListContainers";"OAuth";"200";"Success";"7";"7";"https://sahk01searshared01eapp01.blob.core.windows.net:443/?comp=list";"18.191.115.70";"2c242aba-701e-006f-7ed1-de9f48000000";"1.0";"2019-02-02";"F48F8662D7F8B40B0D93020FB55A5731DC04FD5C8AF1EAB9145E57760F70100D";"7b2a25d5-d598-40d4-9611-14db744d48d5";"7f2c1900-9fd4-4b89-91d3-79a649996f0a";"2ffc37fb-4740-46ff-9469-361af346101a";"https://storage.azure.com/";"https://sts.windows.net/7f2c1900-9fd4-4b89-91d3-79a649996f0a/";"";"[{""action"":""Microsoft.Storage/storageAccounts/blobServices/containers/read"",""roleAssignmentId"":""242b4a4b-b989-4d83-b3b1-4cdabfb40a8f"",""roleDefinitionId"":""17d1049b-9a84-46fb-8f53-869881c3d3ab"",""principals"":[{""type"":""ServicePrincipal"",""id"":""7b2a25d5-d598-40d4-9611-14db744d48d5""}],""denyAssignmentId"":"""",""type"":""RBAC"",""result"":""Granted"",""reason"":""Policy""}]";"Apache-HttpClient/4.5.13 (Java/11.0.15)";"";"";"";"blob";;"1603";;"152";"1553";"";"";;"";;"StorageRead";"TLS 1.2";"";"Azure";"StorageBlobLogs";"/subscriptions/9b491dd6-598e-498c-98a0-d3bbd2290821/resourcegroups/rg-hk01-sea-r-eapp-storage01/providers/microsoft.storage/storageaccounts/sahk01searshared01eapp01/blobservices/default";"";"";"";"";"";"";;"";"";"";;"";"2022-10-13T14:59:06.8376976Z"
"f486ca19-3cb9-4345-8639-7ccfe1fe149a";"2022-10-13T06:59:06.5851716Z";"sahk01searshared01eapp01";"Southeast Asia";"HTTPS";"GetFileServiceProperties";"AccountKey";"200";"Success";"6";"6";"https://sahk01searshared01eapp01.file.core.windows.net:443/?restype=service&comp=properties";"18.191.115.70";"4b0c0b5a-301a-004a-4ed1-de07fb000000";"1.0";"2017-04-17";"key1(643271ED48D2537D2D91116729421220F711C770C24471D3B5B8D4104C3E946E)";"";"";"";"";"";"";;"Azure-Storage/6.1.0 (JavaJRE 11.0.15; Linux 5.4.204-113.362.amzn2.x86_64)";"";"f20db67d-27af-41f4-b0d5-f602c3234f03";"";"file";;"511";;"152";"413";"";"";;"";;"StorageRead";"TLS 1.2";"";"Azure";"StorageFileLogs";"/subscriptions/9b491dd6-598e-498c-98a0-d3bbd2290821/resourcegroups/rg-hk01-sea-r-eapp-storage01/providers/microsoft.storage/storageaccounts/sahk01searshared01eapp01/fileservices/default";"";"";"";"";"";"";;"";"";"";;"";"2022-10-13T14:59:06.5851716Z"
"f486ca19-3cb9-4345-8639-7ccfe1fe149a";"2022-10-13T06:59:02.6881861Z";"sahk01searshared01eapp01";"Southeast Asia";"HTTPS";"GetBlobServiceProperties";"OAuth";"200";"Success";"97";"97";"https://sahk01searshared01eapp01.blob.core.windows.net:443/?restype=service&comp=properties";"18.191.115.70";"2c241dcb-701e-006f-70d1-de9f48000000";"1.0";"2019-02-02";"F48F8662D7F8B40B0D93020FB55A5731DC04FD5C8AF1EAB9145E57760F70100D";"7b2a25d5-d598-40d4-9611-14db744d48d5";"7f2c1900-9fd4-4b89-91d3-79a649996f0a";"2ffc37fb-4740-46ff-9469-361af346101a";"https://storage.azure.com/";"https://sts.windows.net/7f2c1900-9fd4-4b89-91d3-79a649996f0a/";"";"[{""action"":""Microsoft.Storage/storageAccounts/blobServices/read"",""roleAssignmentId"":""242b4a4b-b989-4d83-b3b1-4cdabfb40a8f"",""roleDefinitionId"":""17d1049b-9a84-46fb-8f53-869881c3d3ab"",""principals"":[{""type"":""ServicePrincipal"",""id"":""7b2a25d5-d598-40d4-9611-14db744d48d5""}],""denyAssignmentId"":"""",""type"":""RBAC"",""result"":""Granted"",""reason"":""Policy""}]";"Apache-HttpClient/4.5.13 (Java/11.0.15)";"";"";"";"blob";;"1625";;"152";"723";"";"";;"";;"StorageRead";"TLS 1.2";"";"Azure";"StorageBlobLogs";"/subscriptions/9b491dd6-598e-498c-98a0-d3bbd2290821/resourcegroups/rg-hk01-sea-r-eapp-storage01/providers/microsoft.storage/storageaccounts/sahk01searshared01eapp01/blobservices/default";"";"";"";"";"";"";;"";"";"";;"";"2022-10-13T14:59:02.6881861Z"
"f486ca19-3cb9-4345-8639-7ccfe1fe149a";"2022-10-12T06:27:13.6369167Z";"sahk01searshared01eapp01";"Southeast Asia";"HTTPS";"ListContainers";"OAuth";"200";"Success";"9";"9";"https://sahk01searshared01eapp01.blob.core.windows.net:443/?comp=list";"18.191.115.70";"801f2134-f01e-0018-7603-de1a09000000";"1.0";"2019-02-02";"D2D002ED71EF55C013A57EAE1DF347FED399ED9327DA9119C0A70B673C748F07";"7b2a25d5-d598-40d4-9611-14db744d48d5";"7f2c1900-9fd4-4b89-91d3-79a649996f0a";"2ffc37fb-4740-46ff-9469-361af346101a";"https://storage.azure.com/";"https://sts.windows.net/7f2c1900-9fd4-4b89-91d3-79a649996f0a/";"";"[{""action"":""Microsoft.Storage/storageAccounts/blobServices/containers/read"",""roleAssignmentId"":""242b4a4b-b989-4d83-b3b1-4cdabfb40a8f"",""roleDefinitionId"":""17d1049b-9a84-46fb-8f53-869881c3d3ab"",""type"":""RBAC"",""principals"":[{""id"":""7b2a25d5-d598-40d4-9611-14db744d48d5"",""type"":""ServicePrincipal""}],""denyAssignmentId"":"""",""result"":""Granted"",""reason"":""Policy""}]";"Apache-HttpClient/4.5.13 (Java/11.0.15)";"";"";"";"blob";;"1603";;"152";"1553";"";"";;"";;"StorageRead";"TLS 1.2";"";"Azure";"StorageBlobLogs";"/subscriptions/9b491dd6-598e-498c-98a0-d3bbd2290821/resourcegroups/rg-hk01-sea-r-eapp-storage01/providers/microsoft.storage/storageaccounts/sahk01searshared01eapp01/blobservices/default";"";"";"";"";"";"";;"";"";"";;"";"2022-10-12T14:27:13.6369167Z"
"f486ca19-3cb9-4345-8639-7ccfe1fe149a";"2022-10-12T06:27:13.3928931Z";"sahk01searshared01eapp01";"Southeast Asia";"HTTPS";"GetFileServiceProperties";"AccountKey";"200";"Success";"6";"6";"https://sahk01searshared01eapp01.file.core.windows.net:443/?restype=service&comp=properties";"18.191.115.70";"5cad9cb6-401a-0001-0403-de3661000000";"1.0";"2017-04-17";"key1(643271ED48D2537D2D91116729421220F711C770C24471D3B5B8D4104C3E946E)";"";"";"";"";"";"";;"Azure-Storage/6.1.0 (JavaJRE 11.0.15; Linux 5.4.204-113.362.amzn2.x86_64)";"";"ab3e96be-e858-4154-9e4a-db1839273399";"";"file";;"511";;"152";"413";"";"";;"";;"StorageRead";"TLS 1.2";"";"Azure";"StorageFileLogs";"/subscriptions/9b491dd6-598e-498c-98a0-d3bbd2290821/resourcegroups/rg-hk01-sea-r-eapp-storage01/providers/microsoft.storage/storageaccounts/sahk01searshared01eapp01/fileservices/default";"";"";"";"";"";"";;"";"";"";;"";"2022-10-12T14:27:13.3928931Z"
"f486ca19-3cb9-4345-8639-7ccfe1fe149a";"2022-10-12T06:27:10.2461053Z";"sahk01searshared01eapp01";"Southeast Asia";"HTTPS";"GetBlobServiceProperties";"OAuth";"200";"Success";"99";"99";"https://sahk01searshared01eapp01.blob.core.windows.net:443/?restype=service&comp=properties";"18.191.115.70";"801f179b-f01e-0018-1703-de1a09000000";"1.0";"2019-02-02";"D2D002ED71EF55C013A57EAE1DF347FED399ED9327DA9119C0A70B673C748F07";"7b2a25d5-d598-40d4-9611-14db744d48d5";"7f2c1900-9fd4-4b89-91d3-79a649996f0a";"2ffc37fb-4740-46ff-9469-361af346101a";"https://storage.azure.com/";"https://sts.windows.net/7f2c1900-9fd4-4b89-91d3-79a649996f0a/";"";"[{""action"":""Microsoft.Storage/storageAccounts/blobServices/read"",""roleAssignmentId"":""242b4a4b-b989-4d83-b3b1-4cdabfb40a8f"",""roleDefinitionId"":""17d1049b-9a84-46fb-8f53-869881c3d3ab"",""type"":""RBAC"",""principals"":[{""id"":""7b2a25d5-d598-40d4-9611-14db744d48d5"",""type"":""ServicePrincipal""}],""denyAssignmentId"":"""",""result"":""Granted"",""reason"":""Policy""}]";"Apache-HttpClient/4.5.13 (Java/11.0.15)";"";"";"";"blob";;"1625";;"152";"723";"";"";;"";;"StorageRead";"TLS 1.2";"";"Azure";"StorageBlobLogs";"/subscriptions/9b491dd6-598e-498c-98a0-d3bbd2290821/resourcegroups/rg-hk01-sea-r-eapp-storage01/providers/microsoft.storage/storageaccounts/sahk01searshared01eapp01/blobservices/default";"";"";"";"";"";"";;"";"";"";;"";"2022-10-12T14:27:10.2461053Z"
"f486ca19-3cb9-4345-8639-7ccfe1fe149a";"2022-10-11T07:12:11.921895Z";"sahk01searshared01eapp01";"Southeast Asia";"HTTPS";"ListContainers";"OAuth";"200";"Success";"7";"7";"https://sahk01searshared01eapp01.blob.core.windows.net:443/?comp=list";"3.16.7.30";"51645072-901e-006e-6c40-dd9eb5000000";"1.0";"2019-02-02";"C394D2960DBBB4A8FB53D2FD2B10BC75BD046C8D6448864FA90EC2B80D78C5C2";"7b2a25d5-d598-40d4-9611-14db744d48d5";"7f2c1900-9fd4-4b89-91d3-79a649996f0a";"2ffc37fb-4740-46ff-9469-361af346101a";"https://storage.azure.com/";"https://sts.windows.net/7f2c1900-9fd4-4b89-91d3-79a649996f0a/";"";"[{""action"":""Microsoft.Storage/storageAccounts/blobServices/containers/read"",""roleAssignmentId"":""242b4a4b-b989-4d83-b3b1-4cdabfb40a8f"",""roleDefinitionId"":""17d1049b-9a84-46fb-8f53-869881c3d3ab"",""type"":""RBAC"",""principals"":[{""id"":""7b2a25d5-d598-40d4-9611-14db744d48d5"",""type"":""ServicePrincipal""}],""denyAssignmentId"":"""",""result"":""Granted"",""reason"":""Policy""}]";"Apache-HttpClient/4.5.13 (Java/11.0.15)";"";"";"";"blob";;"1603";;"152";"1553";"";"";;"";;"StorageRead";"TLS 1.2";"";"Azure";"StorageBlobLogs";"/subscriptions/9b491dd6-598e-498c-98a0-d3bbd2290821/resourcegroups/rg-hk01-sea-r-eapp-storage01/providers/microsoft.storage/storageaccounts/sahk01searshared01eapp01/blobservices/default";"";"";"";"";"";"";;"";"";"";;"";"2022-10-11T15:12:11.921895Z"
"f486ca19-3cb9-4345-8639-7ccfe1fe149a";"2022-10-11T07:12:11.6750612Z";"sahk01searshared01eapp01";"Southeast Asia";"HTTPS";"GetFileServiceProperties";"AccountKey";"200";"Success";"7";"7";"https://sahk01searshared01eapp01.file.core.windows.net:443/?restype=service&comp=properties";"3.16.7.30";"590a0df6-c01a-001b-6940-dd190e000000";"1.0";"2017-04-17";"key1(643271ED48D2537D2D91116729421220F711C770C24471D3B5B8D4104C3E946E)";"";"";"";"";"";"";;"Azure-Storage/6.1.0 (JavaJRE 11.0.15; Linux 5.4.204-113.362.amzn2.x86_64)";"";"5d239e0e-7b5f-4efb-a67a-f4816db9ddd1";"";"file";;"511";;"152";"413";"";"";;"";;"StorageRead";"TLS 1.2";"";"Azure";"StorageFileLogs";"/subscriptions/9b491dd6-598e-498c-98a0-d3bbd2290821/resourcegroups/rg-hk01-sea-r-eapp-storage01/providers/microsoft.storage/storageaccounts/sahk01searshared01eapp01/fileservices/default";"";"";"";"";"";"";;"";"";"";;"";"2022-10-11T15:12:11.6750612Z"
"f486ca19-3cb9-4345-8639-7ccfe1fe149a";"2022-10-11T07:12:08.6043634Z";"sahk01searshared01eapp01";"Southeast Asia";"HTTPS";"GetBlobServiceProperties";"OAuth";"200";"Success";"102";"101";"https://sahk01searshared01eapp01.blob.core.windows.net:443/?restype=service&comp=properties";"3.16.7.30";"516443fe-901e-006e-6140-dd9eb5000000";"1.0";"2019-02-02";"C394D2960DBBB4A8FB53D2FD2B10BC75BD046C8D6448864FA90EC2B80D78C5C2";"7b2a25d5-d598-40d4-9611-14db744d48d5";"7f2c1900-9fd4-4b89-91d3-79a649996f0a";"2ffc37fb-4740-46ff-9469-361af346101a";"https://storage.azure.com/";"https://sts.windows.net/7f2c1900-9fd4-4b89-91d3-79a649996f0a/";"";"[{""action"":""Microsoft.Storage/storageAccounts/blobServices/read"",""roleAssignmentId"":""242b4a4b-b989-4d83-b3b1-4cdabfb40a8f"",""roleDefinitionId"":""17d1049b-9a84-46fb-8f53-869881c3d3ab"",""type"":""RBAC"",""principals"":[{""id"":""7b2a25d5-d598-40d4-9611-14db744d48d5"",""type"":""ServicePrincipal""}],""denyAssignmentId"":"""",""result"":""Granted"",""reason"":""Policy""}]";"Apache-HttpClient/4.5.13 (Java/11.0.15)";"";"";"";"blob";;"1625";;"152";"723";"";"";;"";;"StorageRead";"TLS 1.2";"";"Azure";"StorageBlobLogs";"/subscriptions/9b491dd6-598e-498c-98a0-d3bbd2290821/resourcegroups/rg-hk01-sea-r-eapp-storage01/providers/microsoft.storage/storageaccounts/sahk01searshared01eapp01/blobservices/default";"";"";"";"";"";"";;"";"";"";;"";"2022-10-11T15:12:08.6043634Z"
"f486ca19-3cb9-4345-8639-7ccfe1fe149a";"2022-10-10T07:47:13.8585859Z";"sahk01searshared01eapp01";"Southeast Asia";"HTTPS";"ListContainers";"OAuth";"200";"Success";"19";"18";"https://sahk01searshared01eapp01.blob.core.windows.net:443/?comp=list";"18.191.115.70";"0a6f7c48-d01e-004b-527c-dc0606000000";"1.0";"2019-02-02";"430660B70DDCE580B1AC98553E64E8592A975E6958033B9CA084ADB7CE83AD5A";"7b2a25d5-d598-40d4-9611-14db744d48d5";"7f2c1900-9fd4-4b89-91d3-79a649996f0a";"2ffc37fb-4740-46ff-9469-361af346101a";"https://storage.azure.com/";"https://sts.windows.net/7f2c1900-9fd4-4b89-91d3-79a649996f0a/";"";"[{""action"":""Microsoft.Storage/storageAccounts/blobServices/containers/read"",""roleAssignmentId"":""242b4a4b-b989-4d83-b3b1-4cdabfb40a8f"",""roleDefinitionId"":""17d1049b-9a84-46fb-8f53-869881c3d3ab"",""type"":""RBAC"",""principals"":[{""id"":""7b2a25d5-d598-40d4-9611-14db744d48d5"",""type"":""ServicePrincipal""}],""denyAssignmentId"":"""",""result"":""Granted"",""reason"":""Policy""}]";"Apache-HttpClient/4.5.13 (Java/11.0.15)";"";"";"";"blob";;"1603";;"152";"1553";"";"";;"";;"StorageRead";"TLS 1.2";"";"Azure";"StorageBlobLogs";"/subscriptions/9b491dd6-598e-498c-98a0-d3bbd2290821/resourcegroups/rg-hk01-sea-r-eapp-storage01/providers/microsoft.storage/storageaccounts/sahk01searshared01eapp01/blobservices/default";"";"";"";"";"";"";;"";"";"";;"";"2022-10-10T15:47:13.8585859Z"
"f486ca19-3cb9-4345-8639-7ccfe1fe149a";"2022-10-10T07:47:13.589493Z";"sahk01searshared01eapp01";"Southeast Asia";"HTTPS";"GetFileServiceProperties";"AccountKey";"200";"Success";"5";"5";"https://sahk01searshared01eapp01.file.core.windows.net:443/?restype=service&comp=properties";"18.191.115.70";"686a717d-401a-0067-7c7c-dc843b000000";"1.0";"2017-04-17";"key1(643271ED48D2537D2D91116729421220F711C770C24471D3B5B8D4104C3E946E)";"";"";"";"";"";"";;"Azure-Storage/6.1.0 (JavaJRE 11.0.15; Linux 5.4.204-113.362.amzn2.x86_64)";"";"b19d53f5-7f09-4519-9649-14ab86141b75";"";"file";;"511";;"152";"413";"";"";;"";;"StorageRead";"TLS 1.2";"";"Azure";"StorageFileLogs";"/subscriptions/9b491dd6-598e-498c-98a0-d3bbd2290821/resourcegroups/rg-hk01-sea-r-eapp-storage01/providers/microsoft.storage/storageaccounts/sahk01searshared01eapp01/fileservices/default";"";"";"";"";"";"";;"";"";"";;"";"2022-10-10T15:47:13.589493Z"
"f486ca19-3cb9-4345-8639-7ccfe1fe149a";"2022-10-10T07:47:09.8653459Z";"sahk01searshared01eapp01";"Southeast Asia";"HTTPS";"GetBlobServiceProperties";"OAuth";"200";"Success";"176";"169";"https://sahk01searshared01eapp01.blob.core.windows.net:443/?restype=service&comp=properties";"18.191.115.70";"0a6f769d-d01e-004b-537c-dc0606000000";"1.0";"2019-02-02";"430660B70DDCE580B1AC98553E64E8592A975E6958033B9CA084ADB7CE83AD5A";"7b2a25d5-d598-40d4-9611-14db744d48d5";"7f2c1900-9fd4-4b89-91d3-79a649996f0a";"2ffc37fb-4740-46ff-9469-361af346101a";"https://storage.azure.com/";"https://sts.windows.net/7f2c1900-9fd4-4b89-91d3-79a649996f0a/";"";"[{""action"":""Microsoft.Storage/storageAccounts/blobServices/read"",""roleAssignmentId"":""242b4a4b-b989-4d83-b3b1-4cdabfb40a8f"",""roleDefinitionId"":""17d1049b-9a84-46fb-8f53-869881c3d3ab"",""type"":""RBAC"",""principals"":[{""id"":""7b2a25d5-d598-40d4-9611-14db744d48d5"",""type"":""ServicePrincipal""}],""denyAssignmentId"":"""",""result"":""Granted"",""reason"":""Policy""}]";"Apache-HttpClient/4.5.13 (Java/11.0.15)";"";"";"";"blob";;"1625";;"152";"723";"";"";;"";;"StorageRead";"TLS 1.2";"";"Azure";"StorageBlobLogs";"/subscriptions/9b491dd6-598e-498c-98a0-d3bbd2290821/resourcegroups/rg-hk01-sea-r-eapp-storage01/providers/microsoft.storage/storageaccounts/sahk01searshared01eapp01/blobservices/default";"";"";"";"";"";"";;"";"";"";;"";"2022-10-10T15:47:09.8653459Z"
"f486ca19-3cb9-4345-8639-7ccfe1fe149a";"2022-10-09T08:21:52.6872099Z";"sahk01searshared01eapp01";"Southeast Asia";"HTTPS";"ListContainers";"OAuth";"200";"Success";"9";"9";"https://sahk01searshared01eapp01.blob.core.windows.net:443/?comp=list";"18.191.115.70";"6c3481d1-901e-004c-14b8-dbf083000000";"1.0";"2019-02-02";"EAD1FE340BC3EC85F6D1B3AD445A6022B7837057FEC0B88E4680E03C93E0D1D4";"7b2a25d5-d598-40d4-9611-14db744d48d5";"7f2c1900-9fd4-4b89-91d3-79a649996f0a";"2ffc37fb-4740-46ff-9469-361af346101a";"https://storage.azure.com/";"https://sts.windows.net/7f2c1900-9fd4-4b89-91d3-79a649996f0a/";"";"[{""action"":""Microsoft.Storage/storageAccounts/blobServices/containers/read"",""roleAssignmentId"":""242b4a4b-b989-4d83-b3b1-4cdabfb40a8f"",""roleDefinitionId"":""17d1049b-9a84-46fb-8f53-869881c3d3ab"",""type"":""RBAC"",""principals"":[{""id"":""7b2a25d5-d598-40d4-9611-14db744d48d5"",""type"":""ServicePrincipal""}],""denyAssignmentId"":"""",""result"":""Granted"",""reason"":""Policy""}]";"Apache-HttpClient/4.5.13 (Java/11.0.15)";"";"";"";"blob";;"1603";;"152";"1553";"";"";;"";;"StorageRead";"TLS 1.2";"";"Azure";"StorageBlobLogs";"/subscriptions/9b491dd6-598e-498c-98a0-d3bbd2290821/resourcegroups/rg-hk01-sea-r-eapp-storage01/providers/microsoft.storage/storageaccounts/sahk01searshared01eapp01/blobservices/default";"";"";"";"";"";"";;"";"";"";;"";"2022-10-09T16:21:52.6872099Z"
"f486ca19-3cb9-4345-8639-7ccfe1fe149a";"2022-10-09T08:21:52.4391622Z";"sahk01searshared01eapp01";"Southeast Asia";"HTTPS";"GetFileServiceProperties";"AccountKey";"200";"Success";"9";"9";"https://sahk01searshared01eapp01.file.core.windows.net:443/?restype=service&comp=properties";"18.191.115.70";"23b3f080-901a-0021-0ab8-db5aad000000";"1.0";"2017-04-17";"key1(643271ED48D2537D2D91116729421220F711C770C24471D3B5B8D4104C3E946E)";"";"";"";"";"";"";;"Azure-Storage/6.1.0 (JavaJRE 11.0.15; Linux 5.4.204-113.362.amzn2.x86_64)";"";"72bbf38b-892b-4b93-a187-7c526f6099b4";"";"file";;"511";;"152";"413";"";"";;"";;"StorageRead";"TLS 1.2";"";"Azure";"StorageFileLogs";"/subscriptions/9b491dd6-598e-498c-98a0-d3bbd2290821/resourcegroups/rg-hk01-sea-r-eapp-storage01/providers/microsoft.storage/storageaccounts/sahk01searshared01eapp01/fileservices/default";"";"";"";"";"";"";;"";"";"";;"";"2022-10-09T16:21:52.4391622Z"
"f486ca19-3cb9-4345-8639-7ccfe1fe149a";"2022-10-09T08:21:52.4391622Z";"sahk01searshared01eapp01";"Southeast Asia";"HTTPS";"GetFileServiceProperties";"AccountKey";"200";"Success";"9";"9";"https://sahk01searshared01eapp01.file.core.windows.net:443/?restype=service&comp=properties";"18.191.115.70";"23b3f080-901a-0021-0ab8-db5aad000000";"1.0";"2017-04-17";"key1(643271ED48D2537D2D91116729421220F711C770C24471D3B5B8D4104C3E946E)";"";"";"";"";"";"";;"Azure-Storage/6.1.0 (JavaJRE 11.0.15; Linux 5.4.204-113.362.amzn2.x86_64)";"";"72bbf38b-892b-4b93-a187-7c526f6099b4";"";"file";;"511";;"152";"413";"";"";;"";;"StorageRead";"TLS 1.2";"";"Azure";"StorageFileLogs";"/subscriptions/9b491dd6-598e-498c-98a0-d3bbd2290821/resourcegroups/rg-hk01-sea-r-eapp-storage01/providers/microsoft.storage/storageaccounts/sahk01searshared01eapp01/fileservices/default";"";"";"";"";"";"";;"";"";"";;"";"2022-10-09T16:21:52.4391622Z"
"f486ca19-3cb9-4345-8639-7ccfe1fe149a";"2022-10-09T08:21:49.3467528Z";"sahk01searshared01eapp01";"Southeast Asia";"HTTPS";"GetBlobServiceProperties";"OAuth";"200";"Success";"121";"121";"https://sahk01searshared01eapp01.blob.core.windows.net:443/?restype=service&comp=properties";"18.191.115.70";"6c347af8-901e-004c-60b8-dbf083000000";"1.0";"2019-02-02";"EAD1FE340BC3EC85F6D1B3AD445A6022B7837057FEC0B88E4680E03C93E0D1D4";"7b2a25d5-d598-40d4-9611-14db744d48d5";"7f2c1900-9fd4-4b89-91d3-79a649996f0a";"2ffc37fb-4740-46ff-9469-361af346101a";"https://storage.azure.com/";"https://sts.windows.net/7f2c1900-9fd4-4b89-91d3-79a649996f0a/";"";"[{""action"":""Microsoft.Storage/storageAccounts/blobServices/read"",""roleAssignmentId"":""242b4a4b-b989-4d83-b3b1-4cdabfb40a8f"",""roleDefinitionId"":""17d1049b-9a84-46fb-8f53-869881c3d3ab"",""type"":""RBAC"",""principals"":[{""id"":""7b2a25d5-d598-40d4-9611-14db744d48d5"",""type"":""ServicePrincipal""}],""denyAssignmentId"":"""",""result"":""Granted"",""reason"":""Policy""}]";"Apache-HttpClient/4.5.13 (Java/11.0.15)";"";"";"";"blob";;"1625";;"152";"723";"";"";;"";;"StorageRead";"TLS 1.2";"";"Azure";"StorageBlobLogs";"/subscriptions/9b491dd6-598e-498c-98a0-d3bbd2290821/resourcegroups/rg-hk01-sea-r-eapp-storage01/providers/microsoft.storage/storageaccounts/sahk01searshared01eapp01/blobservices/default";"";"";"";"";"";"";;"";"";"";;"";"2022-10-09T16:21:49.3467528Z"
"f486ca19-3cb9-4345-8639-7ccfe1fe149a";"2022-10-08T08:35:11.2745018Z";"sahk01searshared01eapp01";"Southeast Asia";"HTTPS";"ListContainers";"OAuth";"200";"Success";"24";"24";"https://sahk01searshared01eapp01.blob.core.windows.net:443/?comp=list";"3.16.7.30";"39090aeb-b01e-0050-3bf0-da2894000000";"1.0";"2019-02-02";"176DDA9876D8A27C565CC6A5D454C875CFDD059A9890CF2E7A59FF0E1B305D75";"7b2a25d5-d598-40d4-9611-14db744d48d5";"7f2c1900-9fd4-4b89-91d3-79a649996f0a";"2ffc37fb-4740-46ff-9469-361af346101a";"https://storage.azure.com/";"https://sts.windows.net/7f2c1900-9fd4-4b89-91d3-79a649996f0a/";"";"[{""action"":""Microsoft.Storage/storageAccounts/blobServices/containers/read"",""roleAssignmentId"":""242b4a4b-b989-4d83-b3b1-4cdabfb40a8f"",""roleDefinitionId"":""17d1049b-9a84-46fb-8f53-869881c3d3ab"",""type"":""RBAC"",""principals"":[{""id"":""7b2a25d5-d598-40d4-9611-14db744d48d5"",""type"":""ServicePrincipal""}],""denyAssignmentId"":"""",""result"":""Granted"",""reason"":""Policy""}]";"Apache-HttpClient/4.5.13 (Java/11.0.15)";"";"";"";"blob";;"1603";;"152";"1553";"";"";;"";;"StorageRead";"TLS 1.2";"";"Azure";"StorageBlobLogs";"/subscriptions/9b491dd6-598e-498c-98a0-d3bbd2290821/resourcegroups/rg-hk01-sea-r-eapp-storage01/providers/microsoft.storage/storageaccounts/sahk01searshared01eapp01/blobservices/default";"";"";"";"";"";"";;"";"";"";;"";"2022-10-08T16:35:11.2745018Z"
"f486ca19-3cb9-4345-8639-7ccfe1fe149a";"2022-10-08T08:35:11.0120387Z";"sahk01searshared01eapp01";"Southeast Asia";"HTTPS";"GetFileServiceProperties";"AccountKey";"200";"Success";"8";"7";"https://sahk01searshared01eapp01.file.core.windows.net:443/?restype=service&comp=properties";"3.16.7.30";"086d9a67-901a-002a-61f0-da42d9000000";"1.0";"2017-04-17";"key1(643271ED48D2537D2D91116729421220F711C770C24471D3B5B8D4104C3E946E)";"";"";"";"";"";"";;"Azure-Storage/6.1.0 (JavaJRE 11.0.15; Linux 5.4.204-113.362.amzn2.x86_64)";"";"06dffee0-a283-4d88-b860-5f0c89ecf9ad";"";"file";;"511";;"152";"413";"";"";;"";;"StorageRead";"TLS 1.2";"";"Azure";"StorageFileLogs";"/subscriptions/9b491dd6-598e-498c-98a0-d3bbd2290821/resourcegroups/rg-hk01-sea-r-eapp-storage01/providers/microsoft.storage/storageaccounts/sahk01searshared01eapp01/fileservices/default";"";"";"";"";"";"";;"";"";"";;"";"2022-10-08T16:35:11.0120387Z"
"f486ca19-3cb9-4345-8639-7ccfe1fe149a";"2022-10-08T08:35:07.8740773Z";"sahk01searshared01eapp01";"Southeast Asia";"HTTPS";"GetBlobServiceProperties";"OAuth";"200";"Success";"174";"174";"https://sahk01searshared01eapp01.blob.core.windows.net:443/?restype=service&comp=properties";"3.16.7.30";"390903ef-b01e-0050-80f0-da2894000000";"1.0";"2019-02-02";"176DDA9876D8A27C565CC6A5D454C875CFDD059A9890CF2E7A59FF0E1B305D75";"7b2a25d5-d598-40d4-9611-14db744d48d5";"7f2c1900-9fd4-4b89-91d3-79a649996f0a";"2ffc37fb-4740-46ff-9469-361af346101a";"https://storage.azure.com/";"https://sts.windows.net/7f2c1900-9fd4-4b89-91d3-79a649996f0a/";"";"[{""action"":""Microsoft.Storage/storageAccounts/blobServices/read"",""roleAssignmentId"":""242b4a4b-b989-4d83-b3b1-4cdabfb40a8f"",""roleDefinitionId"":""17d1049b-9a84-46fb-8f53-869881c3d3ab"",""type"":""RBAC"",""principals"":[{""id"":""7b2a25d5-d598-40d4-9611-14db744d48d5"",""type"":""ServicePrincipal""}],""denyAssignmentId"":"""",""result"":""Granted"",""reason"":""Policy""}]";"Apache-HttpClient/4.5.13 (Java/11.0.15)";"";"";"";"blob";;"1625";;"152";"723";"";"";;"";;"StorageRead";"TLS 1.2";"";"Azure";"StorageBlobLogs";"/subscriptions/9b491dd6-598e-498c-98a0-d3bbd2290821/resourcegroups/rg-hk01-sea-r-eapp-storage01/providers/microsoft.storage/storageaccounts/sahk01searshared01eapp01/blobservices/default";"";"";"";"";"";"";;"";"";"";;"";"2022-10-08T16:35:07.8740773Z"
"f486ca19-3cb9-4345-8639-7ccfe1fe149a";"2022-10-07T08:38:44.6933054Z";"sahk01searshared01eapp01";"Southeast Asia";"HTTPS";"ListContainers";"OAuth";"200";"Success";"8";"8";"https://sahk01searshared01eapp01.blob.core.windows.net:443/?comp=list";"3.16.7.30";"ed206607-801e-001c-2128-daef8b000000";"1.0";"2019-02-02";"4E7B2195770A335E2F652E4746B828DC904A5FB25E34657819A6317981D1ED17";"7b2a25d5-d598-40d4-9611-14db744d48d5";"7f2c1900-9fd4-4b89-91d3-79a649996f0a";"2ffc37fb-4740-46ff-9469-361af346101a";"https://storage.azure.com/";"https://sts.windows.net/7f2c1900-9fd4-4b89-91d3-79a649996f0a/";"";"[{""action"":""Microsoft.Storage/storageAccounts/blobServices/containers/read"",""roleAssignmentId"":""242b4a4b-b989-4d83-b3b1-4cdabfb40a8f"",""roleDefinitionId"":""17d1049b-9a84-46fb-8f53-869881c3d3ab"",""type"":""RBAC"",""principals"":[{""id"":""7b2a25d5-d598-40d4-9611-14db744d48d5"",""type"":""ServicePrincipal""}],""denyAssignmentId"":"""",""result"":""Granted"",""reason"":""Policy""}]";"Apache-HttpClient/4.5.13 (Java/11.0.15)";"";"";"";"blob";;"1603";;"152";"1553";"";"";;"";;"StorageRead";"TLS 1.2";"";"Azure";"StorageBlobLogs";"/subscriptions/9b491dd6-598e-498c-98a0-d3bbd2290821/resourcegroups/rg-hk01-sea-r-eapp-storage01/providers/microsoft.storage/storageaccounts/sahk01searshared01eapp01/blobservices/default";"";"";"";"";"";"";;"";"";"";;"";"2022-10-07T16:38:44.6933054Z"
"f486ca19-3cb9-4345-8639-7ccfe1fe149a";"2022-10-07T08:38:44.4470151Z";"sahk01searshared01eapp01";"Southeast Asia";"HTTPS";"GetFileServiceProperties";"AccountKey";"200";"Success";"9";"9";"https://sahk01searshared01eapp01.file.core.windows.net:443/?restype=service&comp=properties";"3.16.7.30";"2567a89d-301a-0068-5e28-da69cd000000";"1.0";"2017-04-17";"key1(643271ED48D2537D2D91116729421220F711C770C24471D3B5B8D4104C3E946E)";"";"";"";"";"";"";;"Azure-Storage/6.1.0 (JavaJRE 11.0.15; Linux 5.4.204-113.362.amzn2.x86_64)";"";"74ad3f35-d674-4ac4-9711-fa4ccd1aaa89";"";"file";;"511";;"152";"413";"";"";;"";;"StorageRead";"TLS 1.2";"";"Azure";"StorageFileLogs";"/subscriptions/9b491dd6-598e-498c-98a0-d3bbd2290821/resourcegroups/rg-hk01-sea-r-eapp-storage01/providers/microsoft.storage/storageaccounts/sahk01searshared01eapp01/fileservices/default";"";"";"";"";"";"";;"";"";"";;"";"2022-10-07T16:38:44.4470151Z"
"f486ca19-3cb9-4345-8639-7ccfe1fe149a";"2022-10-07T08:38:41.3029271Z";"sahk01searshared01eapp01";"Southeast Asia";"HTTPS";"GetBlobServiceProperties";"OAuth";"200";"Success";"125";"125";"https://sahk01searshared01eapp01.blob.core.windows.net:443/?restype=service&comp=properties";"3.16.7.30";"ed2060c9-801e-001c-4d28-daef8b000000";"1.0";"2019-02-02";"4E7B2195770A335E2F652E4746B828DC904A5FB25E34657819A6317981D1ED17";"7b2a25d5-d598-40d4-9611-14db744d48d5";"7f2c1900-9fd4-4b89-91d3-79a649996f0a";"2ffc37fb-4740-46ff-9469-361af346101a";"https://storage.azure.com/";"https://sts.windows.net/7f2c1900-9fd4-4b89-91d3-79a649996f0a/";"";"[{""action"":""Microsoft.Storage/storageAccounts/blobServices/read"",""roleAssignmentId"":""242b4a4b-b989-4d83-b3b1-4cdabfb40a8f"",""roleDefinitionId"":""17d1049b-9a84-46fb-8f53-869881c3d3ab"",""type"":""RBAC"",""principals"":[{""id"":""7b2a25d5-d598-40d4-9611-14db744d48d5"",""type"":""ServicePrincipal""}],""denyAssignmentId"":"""",""result"":""Granted"",""reason"":""Policy""}]";"Apache-HttpClient/4.5.13 (Java/11.0.15)";"";"";"";"blob";;"1625";;"152";"723";"";"";;"";;"StorageRead";"TLS 1.2";"";"Azure";"StorageBlobLogs";"/subscriptions/9b491dd6-598e-498c-98a0-d3bbd2290821/resourcegroups/rg-hk01-sea-r-eapp-storage01/providers/microsoft.storage/storageaccounts/sahk01searshared01eapp01/blobservices/default";"";"";"";"";"";"";;"";"";"";;"";"2022-10-07T16:38:41.3029271Z"
"f486ca19-3cb9-4345-8639-7ccfe1fe149a";"2022-10-03T06:45:31.19Z";"sahk01searshared01eapp01";"Southeast Asia";"HTTPS";"ListContainers";"OAuth";"200";"Success";"9";"9";"https://sahk01searshared01eapp01.blob.core.windows.net:443/?comp=list";"18.191.115.70";"8d3b9aaf-501e-0037-32f3-d69b33000000";"1.0";"2019-02-02";"4BF4196682B82DAF07E60FE3D312ABB1261C8D8087409566B39B9B90937FAF39";"7b2a25d5-d598-40d4-9611-14db744d48d5";"7f2c1900-9fd4-4b89-91d3-79a649996f0a";"2ffc37fb-4740-46ff-9469-361af346101a";"https://storage.azure.com/";"https://sts.windows.net/7f2c1900-9fd4-4b89-91d3-79a649996f0a/";"";"[{""action"":""Microsoft.Storage/storageAccounts/blobServices/containers/read"",""roleAssignmentId"":""242b4a4b-b989-4d83-b3b1-4cdabfb40a8f"",""roleDefinitionId"":""17d1049b-9a84-46fb-8f53-869881c3d3ab"",""type"":""RBAC"",""principals"":[{""id"":""7b2a25d5-d598-40d4-9611-14db744d48d5"",""type"":""ServicePrincipal""}],""denyAssignmentId"":"""",""result"":""Granted"",""reason"":""Policy""}]";"Apache-HttpClient/4.5.13 (Java/11.0.15)";"";"";"";"blob";;"1603";;"152";"1553";"";"";;"";;"StorageRead";"TLS 1.2";"";"Azure";"StorageBlobLogs";"/subscriptions/9b491dd6-598e-498c-98a0-d3bbd2290821/resourcegroups/rg-hk01-sea-r-eapp-storage01/providers/microsoft.storage/storageaccounts/sahk01searshared01eapp01/blobservices/default";"";"";"";"";"";"";;"";"";"";;"";"2022-10-03T14:45:31.19Z"
"f486ca19-3cb9-4345-8639-7ccfe1fe149a";"2022-10-03T06:45:30.943Z";"sahk01searshared01eapp01";"Southeast Asia";"HTTPS";"GetFileServiceProperties";"AccountKey";"200";"Success";"8";"8";"https://sahk01searshared01eapp01.file.core.windows.net:443/?restype=service&comp=properties";"18.191.115.70";"91a019f1-101a-0012-55f3-d60380000000";"1.0";"2017-04-17";"key1(643271ED48D2537D2D91116729421220F711C770C24471D3B5B8D4104C3E946E)";"";"";"";"";"";"";;"Azure-Storage/6.1.0 (JavaJRE 11.0.15; Linux 5.4.204-113.362.amzn2.x86_64)";"";"3e616b35-854f-4784-8c7c-b5b095c0c346";"";"file";;"511";;"152";"413";"";"";;"";;"StorageRead";"TLS 1.2";"";"Azure";"StorageFileLogs";"/subscriptions/9b491dd6-598e-498c-98a0-d3bbd2290821/resourcegroups/rg-hk01-sea-r-eapp-storage01/providers/microsoft.storage/storageaccounts/sahk01searshared01eapp01/fileservices/default";"";"";"";"";"";"";;"";"";"";;"";"2022-10-03T14:45:30.943Z"
"f486ca19-3cb9-4345-8639-7ccfe1fe149a";"2022-10-03T06:45:27.668Z";"sahk01searshared01eapp01";"Southeast Asia";"HTTPS";"GetBlobServiceProperties";"OAuth";"200";"Success";"16";"16";"https://sahk01searshared01eapp01.blob.core.windows.net:443/?restype=service&comp=properties";"18.191.115.70";"8d3b9296-501e-0037-73f3-d69b33000000";"1.0";"2019-02-02";"4BF4196682B82DAF07E60FE3D312ABB1261C8D8087409566B39B9B90937FAF39";"7b2a25d5-d598-40d4-9611-14db744d48d5";"7f2c1900-9fd4-4b89-91d3-79a649996f0a";"2ffc37fb-4740-46ff-9469-361af346101a";"https://storage.azure.com/";"https://sts.windows.net/7f2c1900-9fd4-4b89-91d3-79a649996f0a/";"";"[{""action"":""Microsoft.Storage/storageAccounts/blobServices/read"",""roleAssignmentId"":""242b4a4b-b989-4d83-b3b1-4cdabfb40a8f"",""roleDefinitionId"":""17d1049b-9a84-46fb-8f53-869881c3d3ab"",""type"":""RBAC"",""principals"":[{""id"":""7b2a25d5-d598-40d4-9611-14db744d48d5"",""type"":""ServicePrincipal""}],""denyAssignmentId"":"""",""result"":""Granted"",""reason"":""Policy""}]";"Apache-HttpClient/4.5.13 (Java/11.0.15)";"";"";"";"blob";;"1625";;"152";"723";"";"";;"";;"StorageRead";"TLS 1.2";"";"Azure";"StorageBlobLogs";"/subscriptions/9b491dd6-598e-498c-98a0-d3bbd2290821/resourcegroups/rg-hk01-sea-r-eapp-storage01/providers/microsoft.storage/storageaccounts/sahk01searshared01eapp01/blobservices/default";"";"";"";"";"";"";;"";"";"";;"";"2022-10-03T14:45:27.668Z"
"f486ca19-3cb9-4345-8639-7ccfe1fe149a";"2022-10-02T07:50:01.69Z";"sahk01searshared01eapp01";"Southeast Asia";"HTTPS";"ListContainers";"OAuth";"200";"Success";"8";"8";"https://sahk01searshared01eapp01.blob.core.windows.net:443/?comp=list";"3.16.7.30";"aeda7446-001e-006b-8033-d66aca000000";"1.0";"2019-02-02";"2D310B020547128491FEE6B1AE3C0FDB9EFE679D20C2A1761AD8BBD23F45FEBB";"7b2a25d5-d598-40d4-9611-14db744d48d5";"7f2c1900-9fd4-4b89-91d3-79a649996f0a";"2ffc37fb-4740-46ff-9469-361af346101a";"https://storage.azure.com/";"https://sts.windows.net/7f2c1900-9fd4-4b89-91d3-79a649996f0a/";"";"[{""action"":""Microsoft.Storage/storageAccounts/blobServices/containers/read"",""roleAssignmentId"":""242b4a4b-b989-4d83-b3b1-4cdabfb40a8f"",""roleDefinitionId"":""17d1049b-9a84-46fb-8f53-869881c3d3ab"",""type"":""RBAC"",""principals"":[{""id"":""7b2a25d5-d598-40d4-9611-14db744d48d5"",""type"":""ServicePrincipal""}],""denyAssignmentId"":"""",""result"":""Granted"",""reason"":""Policy""}]";"Apache-HttpClient/4.5.13 (Java/11.0.15)";"";"";"";"blob";;"1603";;"152";"1553";"";"";;"";;"StorageRead";"TLS 1.2";"";"Azure";"StorageBlobLogs";"/subscriptions/9b491dd6-598e-498c-98a0-d3bbd2290821/resourcegroups/rg-hk01-sea-r-eapp-storage01/providers/microsoft.storage/storageaccounts/sahk01searshared01eapp01/blobservices/default";"";"";"";"";"";"";;"";"";"";;"";"2022-10-02T15:50:01.69Z"
"f486ca19-3cb9-4345-8639-7ccfe1fe149a";"2022-10-02T07:50:01.45Z";"sahk01searshared01eapp01";"Southeast Asia";"HTTPS";"GetFileServiceProperties";"AccountKey";"200";"Success";"11";"11";"https://sahk01searshared01eapp01.file.core.windows.net:443/?restype=service&comp=properties";"3.16.7.30";"4076a735-e01a-0043-1133-d61d75000000";"1.0";"2017-04-17";"key1(643271ED48D2537D2D91116729421220F711C770C24471D3B5B8D4104C3E946E)";"";"";"";"";"";"";;"Azure-Storage/6.1.0 (JavaJRE 11.0.15; Linux 5.4.204-113.362.amzn2.x86_64)";"";"f2fea1d5-db02-4f2e-8e9b-46359116d38a";"";"file";;"511";;"152";"413";"";"";;"";;"StorageRead";"TLS 1.2";"";"Azure";"StorageFileLogs";"/subscriptions/9b491dd6-598e-498c-98a0-d3bbd2290821/resourcegroups/rg-hk01-sea-r-eapp-storage01/providers/microsoft.storage/storageaccounts/sahk01searshared01eapp01/fileservices/default";"";"";"";"";"";"";;"";"";"";;"";"2022-10-02T15:50:01.45Z"
"f486ca19-3cb9-4345-8639-7ccfe1fe149a";"2022-10-02T07:49:57.36Z";"sahk01searshared01eapp01";"Southeast Asia";"HTTPS";"GetBlobServiceProperties";"OAuth";"200";"Success";"97";"96";"https://sahk01searshared01eapp01.blob.core.windows.net:443/?restype=service&comp=properties";"3.16.7.30";"aeda6cca-001e-006b-5d33-d66aca000000";"1.0";"2019-02-02";"2D310B020547128491FEE6B1AE3C0FDB9EFE679D20C2A1761AD8BBD23F45FEBB";"7b2a25d5-d598-40d4-9611-14db744d48d5";"7f2c1900-9fd4-4b89-91d3-79a649996f0a";"2ffc37fb-4740-46ff-9469-361af346101a";"https://storage.azure.com/";"https://sts.windows.net/7f2c1900-9fd4-4b89-91d3-79a649996f0a/";"";"[{""action"":""Microsoft.Storage/storageAccounts/blobServices/read"",""roleAssignmentId"":""242b4a4b-b989-4d83-b3b1-4cdabfb40a8f"",""roleDefinitionId"":""17d1049b-9a84-46fb-8f53-869881c3d3ab"",""type"":""RBAC"",""principals"":[{""id"":""7b2a25d5-d598-40d4-9611-14db744d48d5"",""type"":""ServicePrincipal""}],""denyAssignmentId"":"""",""result"":""Granted"",""reason"":""Policy""}]";"Apache-HttpClient/4.5.13 (Java/11.0.15)";"";"";"";"blob";;"1625";;"152";"723";"";"";;"";;"StorageRead";"TLS 1.2";"";"Azure";"StorageBlobLogs";"/subscriptions/9b491dd6-598e-498c-98a0-d3bbd2290821/resourcegroups/rg-hk01-sea-r-eapp-storage01/providers/microsoft.storage/storageaccounts/sahk01searshared01eapp01/blobservices/default";"";"";"";"";"";"";;"";"";"";;"";"2022-10-02T15:49:57.36Z"
