"TenantId";"TimeGenerated";"AccountName";"Location";"Protocol";"OperationName";"AuthenticationType";"StatusCode";"StatusText";"DurationMs";"ServerLatencyMs";"Uri";"CallerIpAddress";"CorrelationId";"SchemaVersion";"OperationVersion";"AuthenticationHash";"RequesterObjectId";"RequesterTenantId";"RequesterAppId";"RequesterAudience";"RequesterTokenIssuer";"RequesterUpn";"AuthorizationDetails";"UserAgentHeader";"ReferrerHeader";"ClientRequestId";"Etag";"ServiceType";"OperationCount";"RequestHeaderSize";"RequestBodySize";"ResponseHeaderSize";"ResponseBodySize";"RequestMd5";"ResponseMd5";"LastModifiedTime";"ConditionsUsed";"ContentLengthHeader";"Category";"TlsVersion";"SasExpiryStatus";"SourceSystem";"Type";"_ResourceId";"RequesterUserName";"SmbPrimarySID";"SmbTreeConnectID";"SmbPersistentHandleID";"SmbVolatileHandleID";"SmbMessageID";"SmbCreditsConsumed";"SmbCommandDetail";"SmbFileId";"SmbSessionID";"SmbCommandMajor";"SmbCommandMinor";"HKTimestamp"
"f486ca19-3cb9-4345-8639-7ccfe1fe149a";"2022-10-25T08:59:34.3875286Z";"sahk01searshared01ieng01";"Southeast Asia";"HTTPS";"ListContainers";"OAuth";"200";"Success";"6";"6";"https://sahk01searshared01ieng01.blob.core.windows.net:443/?comp=list";"18.221.72.80";"d079dcac-601e-0065-3d50-e87f47000000";"1.0";"2019-02-02";"2A2C07339BC899FB3419C798273539CD353A2139FC8351C11BE06E6A6D96684C";"7b2a25d5-d598-40d4-9611-14db744d48d5";"7f2c1900-9fd4-4b89-91d3-79a649996f0a";"2ffc37fb-4740-46ff-9469-361af346101a";"https://storage.azure.com/";"https://sts.windows.net/7f2c1900-9fd4-4b89-91d3-79a649996f0a/";"";"[{""action"":""Microsoft.Storage/storageAccounts/blobServices/containers/read"",""roleAssignmentId"":""242b4a4b-b989-4d83-b3b1-4cdabfb40a8f"",""roleDefinitionId"":""17d1049b-9a84-46fb-8f53-869881c3d3ab"",""type"":""RBAC"",""principals"":[{""id"":""7b2a25d5-d598-40d4-9611-14db744d48d5"",""type"":""ServicePrincipal""}],""denyAssignmentId"":"""",""result"":""Granted"",""reason"":""Policy""}]";"Apache-HttpClient/4.5.13 (Java/11.0.15)";"";"";"";"blob";;"1603";;"152";"184";"";"";;"";;"StorageRead";"TLS 1.2";"";"Azure";"StorageBlobLogs";"/subscriptions/9b491dd6-598e-498c-98a0-d3bbd2290821/resourcegroups/rg-hk01-sea-r-iengage-storage01/providers/microsoft.storage/storageaccounts/sahk01searshared01ieng01/blobservices/default";"";"";"";"";"";"";;"";"";"";;"";"2022-10-25T16:59:34.3875286Z"
"f486ca19-3cb9-4345-8639-7ccfe1fe149a";"2022-10-25T08:59:34.1461007Z";"sahk01searshared01ieng01";"Southeast Asia";"HTTPS";"GetFileServiceProperties";"AccountKey";"200";"Success";"5";"5";"https://sahk01searshared01ieng01.file.core.windows.net:443/?restype=service&comp=properties";"18.221.72.80";"4403e5bf-701a-0069-7350-e8e84f000000";"1.0";"2017-04-17";"key1(42B1D3200A0058445D70F68D31F573CF64EE913ABBF2A0E9A9A6536B918549E3)";"";"";"";"";"";"";;"Azure-Storage/6.1.0 (JavaJRE 11.0.15; Linux 5.15.59-33.133.amzn2.x86_64)";"";"2e2f8da5-e3e6-4e8e-9185-7e5c284b66bd";"";"file";;"510";;"152";"413";"";"";;"";;"StorageRead";"TLS 1.2";"";"Azure";"StorageFileLogs";"/subscriptions/9b491dd6-598e-498c-98a0-d3bbd2290821/resourcegroups/rg-hk01-sea-r-iengage-storage01/providers/microsoft.storage/storageaccounts/sahk01searshared01ieng01/fileservices/default";"";"";"";"";"";"";;"";"";"";;"";"2022-10-25T16:59:34.1461007Z"
"f486ca19-3cb9-4345-8639-7ccfe1fe149a";"2022-10-25T08:59:29.5942209Z";"sahk01searshared01ieng01";"Southeast Asia";"HTTPS";"GetBlobServiceProperties";"OAuth";"200";"Success";"106";"106";"https://sahk01searshared01ieng01.blob.core.windows.net:443/?restype=service&comp=properties";"18.221.72.80";"d079d184-601e-0065-2550-e87f47000000";"1.0";"2019-02-02";"2A2C07339BC899FB3419C798273539CD353A2139FC8351C11BE06E6A6D96684C";"7b2a25d5-d598-40d4-9611-14db744d48d5";"7f2c1900-9fd4-4b89-91d3-79a649996f0a";"2ffc37fb-4740-46ff-9469-361af346101a";"https://storage.azure.com/";"https://sts.windows.net/7f2c1900-9fd4-4b89-91d3-79a649996f0a/";"";"[{""action"":""Microsoft.Storage/storageAccounts/blobServices/read"",""roleAssignmentId"":""242b4a4b-b989-4d83-b3b1-4cdabfb40a8f"",""roleDefinitionId"":""17d1049b-9a84-46fb-8f53-869881c3d3ab"",""type"":""RBAC"",""principals"":[{""id"":""7b2a25d5-d598-40d4-9611-14db744d48d5"",""type"":""ServicePrincipal""}],""denyAssignmentId"":"""",""result"":""Granted"",""reason"":""Policy""}]";"Apache-HttpClient/4.5.13 (Java/11.0.15)";"";"";"";"blob";;"1625";;"152";"723";"";"";;"";;"StorageRead";"TLS 1.2";"";"Azure";"StorageBlobLogs";"/subscriptions/9b491dd6-598e-498c-98a0-d3bbd2290821/resourcegroups/rg-hk01-sea-r-iengage-storage01/providers/microsoft.storage/storageaccounts/sahk01searshared01ieng01/blobservices/default";"";"";"";"";"";"";;"";"";"";;"";"2022-10-25T16:59:29.5942209Z"
"f486ca19-3cb9-4345-8639-7ccfe1fe149a";"2022-10-24T09:26:44.9286729Z";"sahk01searshared01ieng01";"Southeast Asia";"HTTPS";"ListShares";"AccountKey";"200";"Success";"4";"4";"https://sahk01searshared01ieng01.file.core.windows.net:443/?comp=list&include=snapshots%2Cmetadata";"10.202.129.6";"305f7a69-201a-0029-4a8a-e7ef77000000";"1.0";"2019-07-07";"key1(42B1D3200A0058445D70F68D31F573CF64EE913ABBF2A0E9A9A6536B918549E3)";"";"";"";"";"";"";;"AzurePowershell/v1.0.0 Azure-Storage/11.2.2 (.NET Core; Win32NT 10.0.14393.0)";"";"Azure-Storage-PowerShell-d1b02083-5371-4ea6-881e-991376674ad5";"";"file";;"493";;"235";"180";"";"";;"";;"StorageRead";"TLS 1.2";"";"Azure";"StorageFileLogs";"/subscriptions/9b491dd6-598e-498c-98a0-d3bbd2290821/resourcegroups/rg-hk01-sea-r-iengage-storage01/providers/microsoft.storage/storageaccounts/sahk01searshared01ieng01/fileservices/default";"";"";"";"";"";"";;"";"";"";;"";"2022-10-24T17:26:44.9286729Z"
"f486ca19-3cb9-4345-8639-7ccfe1fe149a";"2022-10-24T06:40:57.9252301Z";"sahk01searshared01ieng01";"Southeast Asia";"HTTPS";"ListContainers";"OAuth";"200";"Success";"8";"8";"https://sahk01searshared01ieng01.blob.core.windows.net:443/?comp=list";"18.221.72.80";"2f4677d7-901e-0071-6f73-e73728000000";"1.0";"2019-02-02";"E41758297B16D8B8EC730D3B6E5B6D5FD085A23D3E8A9626E7E48E4CC20CE3BC";"7b2a25d5-d598-40d4-9611-14db744d48d5";"7f2c1900-9fd4-4b89-91d3-79a649996f0a";"2ffc37fb-4740-46ff-9469-361af346101a";"https://storage.azure.com/";"https://sts.windows.net/7f2c1900-9fd4-4b89-91d3-79a649996f0a/";"";"[{""action"":""Microsoft.Storage/storageAccounts/blobServices/containers/read"",""roleAssignmentId"":""242b4a4b-b989-4d83-b3b1-4cdabfb40a8f"",""roleDefinitionId"":""17d1049b-9a84-46fb-8f53-869881c3d3ab"",""type"":""RBAC"",""principals"":[{""id"":""7b2a25d5-d598-40d4-9611-14db744d48d5"",""type"":""ServicePrincipal""}],""denyAssignmentId"":"""",""result"":""Granted"",""reason"":""Policy""}]";"Apache-HttpClient/4.5.13 (Java/11.0.15)";"";"";"";"blob";;"1603";;"152";"184";"";"";;"";;"StorageRead";"TLS 1.2";"";"Azure";"StorageBlobLogs";"/subscriptions/9b491dd6-598e-498c-98a0-d3bbd2290821/resourcegroups/rg-hk01-sea-r-iengage-storage01/providers/microsoft.storage/storageaccounts/sahk01searshared01ieng01/blobservices/default";"";"";"";"";"";"";;"";"";"";;"";"2022-10-24T14:40:57.9252301Z"
"f486ca19-3cb9-4345-8639-7ccfe1fe149a";"2022-10-24T06:40:57.6682352Z";"sahk01searshared01ieng01";"Southeast Asia";"HTTPS";"GetFileServiceProperties";"AccountKey";"200";"Success";"8";"8";"https://sahk01searshared01ieng01.file.core.windows.net:443/?restype=service&comp=properties";"18.221.72.80";"9f4c3bd4-001a-0063-5873-e74cf8000000";"1.0";"2017-04-17";"key1(42B1D3200A0058445D70F68D31F573CF64EE913ABBF2A0E9A9A6536B918549E3)";"";"";"";"";"";"";;"Azure-Storage/6.1.0 (JavaJRE 11.0.15; Linux 5.15.59-33.133.amzn2.x86_64)";"";"8c4c6e18-382f-4af8-b18a-3395072247c0";"";"file";;"510";;"152";"413";"";"";;"";;"StorageRead";"TLS 1.2";"";"Azure";"StorageFileLogs";"/subscriptions/9b491dd6-598e-498c-98a0-d3bbd2290821/resourcegroups/rg-hk01-sea-r-iengage-storage01/providers/microsoft.storage/storageaccounts/sahk01searshared01ieng01/fileservices/default";"";"";"";"";"";"";;"";"";"";;"";"2022-10-24T14:40:57.6682352Z"
"f486ca19-3cb9-4345-8639-7ccfe1fe149a";"2022-10-24T06:40:54.5848164Z";"sahk01searshared01ieng01";"Southeast Asia";"HTTPS";"GetBlobServiceProperties";"OAuth";"200";"Success";"102";"102";"https://sahk01searshared01ieng01.blob.core.windows.net:443/?restype=service&comp=properties";"18.221.72.80";"2f466fe4-901e-0071-7673-e73728000000";"1.0";"2019-02-02";"E41758297B16D8B8EC730D3B6E5B6D5FD085A23D3E8A9626E7E48E4CC20CE3BC";"7b2a25d5-d598-40d4-9611-14db744d48d5";"7f2c1900-9fd4-4b89-91d3-79a649996f0a";"2ffc37fb-4740-46ff-9469-361af346101a";"https://storage.azure.com/";"https://sts.windows.net/7f2c1900-9fd4-4b89-91d3-79a649996f0a/";"";"[{""action"":""Microsoft.Storage/storageAccounts/blobServices/read"",""roleAssignmentId"":""242b4a4b-b989-4d83-b3b1-4cdabfb40a8f"",""roleDefinitionId"":""17d1049b-9a84-46fb-8f53-869881c3d3ab"",""type"":""RBAC"",""principals"":[{""id"":""7b2a25d5-d598-40d4-9611-14db744d48d5"",""type"":""ServicePrincipal""}],""denyAssignmentId"":"""",""result"":""Granted"",""reason"":""Policy""}]";"Apache-HttpClient/4.5.13 (Java/11.0.15)";"";"";"";"blob";;"1625";;"152";"723";"";"";;"";;"StorageRead";"TLS 1.2";"";"Azure";"StorageBlobLogs";"/subscriptions/9b491dd6-598e-498c-98a0-d3bbd2290821/resourcegroups/rg-hk01-sea-r-iengage-storage01/providers/microsoft.storage/storageaccounts/sahk01searshared01ieng01/blobservices/default";"";"";"";"";"";"";;"";"";"";;"";"2022-10-24T14:40:54.5848164Z"
"f486ca19-3cb9-4345-8639-7ccfe1fe149a";"2022-10-23T10:03:42.7150847Z";"sahk01searshared01ieng01";"Southeast Asia";"HTTPS";"ListContainers";"OAuth";"200";"Success";"9";"7";"https://sahk01searshared01ieng01.blob.core.windows.net:443/?comp=list";"13.59.164.228";"b8637c1f-e01e-0009-26c6-e694d0000000";"1.0";"2019-02-02";"C94310FE9B7EFDF56D4006CE74F1FB8D4D99F59C17F208CB440649351231FD76";"7b2a25d5-d598-40d4-9611-14db744d48d5";"7f2c1900-9fd4-4b89-91d3-79a649996f0a";"2ffc37fb-4740-46ff-9469-361af346101a";"https://storage.azure.com/";"https://sts.windows.net/7f2c1900-9fd4-4b89-91d3-79a649996f0a/";"";"[{""action"":""Microsoft.Storage/storageAccounts/blobServices/containers/read"",""roleAssignmentId"":""242b4a4b-b989-4d83-b3b1-4cdabfb40a8f"",""roleDefinitionId"":""17d1049b-9a84-46fb-8f53-869881c3d3ab"",""type"":""RBAC"",""principals"":[{""id"":""7b2a25d5-d598-40d4-9611-14db744d48d5"",""type"":""ServicePrincipal""}],""denyAssignmentId"":"""",""result"":""Granted"",""reason"":""Policy""}]";"Apache-HttpClient/4.5.13 (Java/11.0.15)";"";"";"";"blob";;"1603";;"152";"184";"";"";;"";;"StorageRead";"TLS 1.2";"";"Azure";"StorageBlobLogs";"/subscriptions/9b491dd6-598e-498c-98a0-d3bbd2290821/resourcegroups/rg-hk01-sea-r-iengage-storage01/providers/microsoft.storage/storageaccounts/sahk01searshared01ieng01/blobservices/default";"";"";"";"";"";"";;"";"";"";;"";"2022-10-23T18:03:42.7150847Z"
"f486ca19-3cb9-4345-8639-7ccfe1fe149a";"2022-10-23T10:03:42.4695515Z";"sahk01searshared01ieng01";"Southeast Asia";"HTTPS";"GetFileServiceProperties";"AccountKey";"200";"Success";"6";"6";"https://sahk01searshared01ieng01.file.core.windows.net:443/?restype=service&comp=properties";"13.59.164.228";"0e06653a-c01a-0053-21c6-e6f237000000";"1.0";"2017-04-17";"key1(42B1D3200A0058445D70F68D31F573CF64EE913ABBF2A0E9A9A6536B918549E3)";"";"";"";"";"";"";;"Azure-Storage/6.1.0 (JavaJRE 11.0.15; Linux 5.15.59-33.133.amzn2.x86_64)";"";"4c45c702-9807-4908-b59c-7f0907c1ccd6";"";"file";;"510";;"152";"413";"";"";;"";;"StorageRead";"TLS 1.2";"";"Azure";"StorageFileLogs";"/subscriptions/9b491dd6-598e-498c-98a0-d3bbd2290821/resourcegroups/rg-hk01-sea-r-iengage-storage01/providers/microsoft.storage/storageaccounts/sahk01searshared01ieng01/fileservices/default";"";"";"";"";"";"";;"";"";"";;"";"2022-10-23T18:03:42.4695515Z"
"f486ca19-3cb9-4345-8639-7ccfe1fe149a";"2022-10-23T10:03:39.3517163Z";"sahk01searshared01ieng01";"Southeast Asia";"HTTPS";"GetBlobServiceProperties";"OAuth";"200";"Success";"110";"110";"https://sahk01searshared01ieng01.blob.core.windows.net:443/?restype=service&comp=properties";"13.59.164.228";"b8637087-e01e-0009-0ac6-e694d0000000";"1.0";"2019-02-02";"C94310FE9B7EFDF56D4006CE74F1FB8D4D99F59C17F208CB440649351231FD76";"7b2a25d5-d598-40d4-9611-14db744d48d5";"7f2c1900-9fd4-4b89-91d3-79a649996f0a";"2ffc37fb-4740-46ff-9469-361af346101a";"https://storage.azure.com/";"https://sts.windows.net/7f2c1900-9fd4-4b89-91d3-79a649996f0a/";"";"[{""action"":""Microsoft.Storage/storageAccounts/blobServices/read"",""roleAssignmentId"":""242b4a4b-b989-4d83-b3b1-4cdabfb40a8f"",""roleDefinitionId"":""17d1049b-9a84-46fb-8f53-869881c3d3ab"",""type"":""RBAC"",""principals"":[{""id"":""7b2a25d5-d598-40d4-9611-14db744d48d5"",""type"":""ServicePrincipal""}],""denyAssignmentId"":"""",""result"":""Granted"",""reason"":""Policy""}]";"Apache-HttpClient/4.5.13 (Java/11.0.15)";"";"";"";"blob";;"1625";;"152";"723";"";"";;"";;"StorageRead";"TLS 1.2";"";"Azure";"StorageBlobLogs";"/subscriptions/9b491dd6-598e-498c-98a0-d3bbd2290821/resourcegroups/rg-hk01-sea-r-iengage-storage01/providers/microsoft.storage/storageaccounts/sahk01searshared01ieng01/blobservices/default";"";"";"";"";"";"";;"";"";"";;"";"2022-10-23T18:03:39.3517163Z"
"f486ca19-3cb9-4345-8639-7ccfe1fe149a";"2022-10-22T08:08:49.4840193Z";"sahk01searshared01ieng01";"Southeast Asia";"HTTPS";"ListContainers";"OAuth";"200";"Success";"17";"17";"https://sahk01searshared01ieng01.blob.core.windows.net:443/?comp=list";"13.59.164.228";"34a69fab-a01e-0037-0bed-e503af000000";"1.0";"2019-02-02";"CD82C997A1AD5303554CBC41E5CDCECF81A42B32CABACA58200EE31F789C120A";"7b2a25d5-d598-40d4-9611-14db744d48d5";"7f2c1900-9fd4-4b89-91d3-79a649996f0a";"2ffc37fb-4740-46ff-9469-361af346101a";"https://storage.azure.com/";"https://sts.windows.net/7f2c1900-9fd4-4b89-91d3-79a649996f0a/";"";"[{""action"":""Microsoft.Storage/storageAccounts/blobServices/containers/read"",""roleAssignmentId"":""242b4a4b-b989-4d83-b3b1-4cdabfb40a8f"",""roleDefinitionId"":""17d1049b-9a84-46fb-8f53-869881c3d3ab"",""type"":""RBAC"",""principals"":[{""id"":""7b2a25d5-d598-40d4-9611-14db744d48d5"",""type"":""ServicePrincipal""}],""denyAssignmentId"":"""",""result"":""Granted"",""reason"":""Policy""}]";"Apache-HttpClient/4.5.13 (Java/11.0.15)";"";"";"";"blob";;"1603";;"152";"184";"";"";;"";;"StorageRead";"TLS 1.2";"";"Azure";"StorageBlobLogs";"/subscriptions/9b491dd6-598e-498c-98a0-d3bbd2290821/resourcegroups/rg-hk01-sea-r-iengage-storage01/providers/microsoft.storage/storageaccounts/sahk01searshared01ieng01/blobservices/default";"";"";"";"";"";"";;"";"";"";;"";"2022-10-22T16:08:49.4840193Z"
"f486ca19-3cb9-4345-8639-7ccfe1fe149a";"2022-10-22T08:08:49.2522862Z";"sahk01searshared01ieng01";"Southeast Asia";"HTTPS";"GetFileServiceProperties";"AccountKey";"200";"Success";"8";"8";"https://sahk01searshared01ieng01.file.core.windows.net:443/?restype=service&comp=properties";"13.59.164.228";"138bccab-301a-0068-0ced-e5b793000000";"1.0";"2017-04-17";"key1(42B1D3200A0058445D70F68D31F573CF64EE913ABBF2A0E9A9A6536B918549E3)";"";"";"";"";"";"";;"Azure-Storage/6.1.0 (JavaJRE 11.0.15; Linux 5.15.59-33.133.amzn2.x86_64)";"";"04fbdcb9-39ee-447a-910c-b57fad53fe23";"";"file";;"510";;"152";"413";"";"";;"";;"StorageRead";"TLS 1.2";"";"Azure";"StorageFileLogs";"/subscriptions/9b491dd6-598e-498c-98a0-d3bbd2290821/resourcegroups/rg-hk01-sea-r-iengage-storage01/providers/microsoft.storage/storageaccounts/sahk01searshared01ieng01/fileservices/default";"";"";"";"";"";"";;"";"";"";;"";"2022-10-22T16:08:49.2522862Z"
"f486ca19-3cb9-4345-8639-7ccfe1fe149a";"2022-10-22T08:08:46.0280849Z";"sahk01searshared01ieng01";"Southeast Asia";"HTTPS";"GetBlobServiceProperties";"OAuth";"200";"Success";"109";"109";"https://sahk01searshared01ieng01.blob.core.windows.net:443/?restype=service&comp=properties";"13.59.164.228";"34a6982a-a01e-0037-27ed-e503af000000";"1.0";"2019-02-02";"CD82C997A1AD5303554CBC41E5CDCECF81A42B32CABACA58200EE31F789C120A";"7b2a25d5-d598-40d4-9611-14db744d48d5";"7f2c1900-9fd4-4b89-91d3-79a649996f0a";"2ffc37fb-4740-46ff-9469-361af346101a";"https://storage.azure.com/";"https://sts.windows.net/7f2c1900-9fd4-4b89-91d3-79a649996f0a/";"";"[{""action"":""Microsoft.Storage/storageAccounts/blobServices/read"",""roleAssignmentId"":""242b4a4b-b989-4d83-b3b1-4cdabfb40a8f"",""roleDefinitionId"":""17d1049b-9a84-46fb-8f53-869881c3d3ab"",""type"":""RBAC"",""principals"":[{""id"":""7b2a25d5-d598-40d4-9611-14db744d48d5"",""type"":""ServicePrincipal""}],""denyAssignmentId"":"""",""result"":""Granted"",""reason"":""Policy""}]";"Apache-HttpClient/4.5.13 (Java/11.0.15)";"";"";"";"blob";;"1625";;"152";"723";"";"";;"";;"StorageRead";"TLS 1.2";"";"Azure";"StorageBlobLogs";"/subscriptions/9b491dd6-598e-498c-98a0-d3bbd2290821/resourcegroups/rg-hk01-sea-r-iengage-storage01/providers/microsoft.storage/storageaccounts/sahk01searshared01ieng01/blobservices/default";"";"";"";"";"";"";;"";"";"";;"";"2022-10-22T16:08:46.0280849Z"
"f486ca19-3cb9-4345-8639-7ccfe1fe149a";"2022-10-20T09:29:10.1226035Z";"sahk01searshared01ieng01";"Southeast Asia";"HTTPS";"ListContainers";"OAuth";"200";"Success";"7";"7";"https://sahk01searshared01ieng01.blob.core.windows.net:443/?comp=list";"13.59.164.228";"1e04b997-201e-0074-5966-e4e5f3000000";"1.0";"2019-02-02";"937A9480D5E329BC6882F5AD7AF2536A3A2B17593B3CDB60C9494B7A294A78C1";"7b2a25d5-d598-40d4-9611-14db744d48d5";"7f2c1900-9fd4-4b89-91d3-79a649996f0a";"2ffc37fb-4740-46ff-9469-361af346101a";"https://storage.azure.com/";"https://sts.windows.net/7f2c1900-9fd4-4b89-91d3-79a649996f0a/";"";"[{""action"":""Microsoft.Storage/storageAccounts/blobServices/containers/read"",""roleAssignmentId"":""242b4a4b-b989-4d83-b3b1-4cdabfb40a8f"",""roleDefinitionId"":""17d1049b-9a84-46fb-8f53-869881c3d3ab"",""type"":""RBAC"",""principals"":[{""id"":""7b2a25d5-d598-40d4-9611-14db744d48d5"",""type"":""ServicePrincipal""}],""denyAssignmentId"":"""",""result"":""Granted"",""reason"":""Policy""}]";"Apache-HttpClient/4.5.13 (Java/11.0.15)";"";"";"";"blob";;"1603";;"152";"184";"";"";;"";;"StorageRead";"TLS 1.2";"";"Azure";"StorageBlobLogs";"/subscriptions/9b491dd6-598e-498c-98a0-d3bbd2290821/resourcegroups/rg-hk01-sea-r-iengage-storage01/providers/microsoft.storage/storageaccounts/sahk01searshared01ieng01/blobservices/default";"";"";"";"";"";"";;"";"";"";;"";"2022-10-20T17:29:10.1226035Z"
"f486ca19-3cb9-4345-8639-7ccfe1fe149a";"2022-10-20T09:29:09.8747903Z";"sahk01searshared01ieng01";"Southeast Asia";"HTTPS";"GetFileServiceProperties";"AccountKey";"200";"Success";"9";"9";"https://sahk01searshared01ieng01.file.core.windows.net:443/?restype=service&comp=properties";"13.59.164.228";"70ca8c67-201a-0006-5866-e4e2bc000000";"1.0";"2017-04-17";"key1(42B1D3200A0058445D70F68D31F573CF64EE913ABBF2A0E9A9A6536B918549E3)";"";"";"";"";"";"";;"Azure-Storage/6.1.0 (JavaJRE 11.0.15; Linux 5.15.59-33.133.amzn2.x86_64)";"";"ddbe64d8-1835-45dd-95aa-e1cf4ec4f6ab";"";"file";;"510";;"152";"413";"";"";;"";;"StorageRead";"TLS 1.2";"";"Azure";"StorageFileLogs";"/subscriptions/9b491dd6-598e-498c-98a0-d3bbd2290821/resourcegroups/rg-hk01-sea-r-iengage-storage01/providers/microsoft.storage/storageaccounts/sahk01searshared01ieng01/fileservices/default";"";"";"";"";"";"";;"";"";"";;"";"2022-10-20T17:29:09.8747903Z"
"f486ca19-3cb9-4345-8639-7ccfe1fe149a";"2022-10-20T09:29:06.2465137Z";"sahk01searshared01ieng01";"Southeast Asia";"HTTPS";"GetBlobServiceProperties";"OAuth";"200";"Success";"118";"118";"https://sahk01searshared01ieng01.blob.core.windows.net:443/?restype=service&comp=properties";"13.59.164.228";"1e04aa33-201e-0074-0966-e4e5f3000000";"1.0";"2019-02-02";"937A9480D5E329BC6882F5AD7AF2536A3A2B17593B3CDB60C9494B7A294A78C1";"7b2a25d5-d598-40d4-9611-14db744d48d5";"7f2c1900-9fd4-4b89-91d3-79a649996f0a";"2ffc37fb-4740-46ff-9469-361af346101a";"https://storage.azure.com/";"https://sts.windows.net/7f2c1900-9fd4-4b89-91d3-79a649996f0a/";"";"[{""action"":""Microsoft.Storage/storageAccounts/blobServices/read"",""roleAssignmentId"":""242b4a4b-b989-4d83-b3b1-4cdabfb40a8f"",""roleDefinitionId"":""17d1049b-9a84-46fb-8f53-869881c3d3ab"",""type"":""RBAC"",""principals"":[{""id"":""7b2a25d5-d598-40d4-9611-14db744d48d5"",""type"":""ServicePrincipal""}],""denyAssignmentId"":"""",""result"":""Granted"",""reason"":""Policy""}]";"Apache-HttpClient/4.5.13 (Java/11.0.15)";"";"";"";"blob";;"1625";;"152";"723";"";"";;"";;"StorageRead";"TLS 1.2";"";"Azure";"StorageBlobLogs";"/subscriptions/9b491dd6-598e-498c-98a0-d3bbd2290821/resourcegroups/rg-hk01-sea-r-iengage-storage01/providers/microsoft.storage/storageaccounts/sahk01searshared01ieng01/blobservices/default";"";"";"";"";"";"";;"";"";"";;"";"2022-10-20T17:29:06.2465137Z"
"f486ca19-3cb9-4345-8639-7ccfe1fe149a";"2022-10-20T06:27:26.9803142Z";"sahk01searshared01ieng01";"Southeast Asia";"HTTPS";"ListContainers";"OAuth";"200";"Success";"9";"9";"https://sahk01searshared01ieng01.blob.core.windows.net:443/?comp=list";"18.221.72.80";"dd119152-101e-0032-744d-e4d174000000";"1.0";"2019-02-02";"6326785512D4EC6227DDBD8CC6E29213C35E78403C2FC82B7740654AED7AC3A6";"7b2a25d5-d598-40d4-9611-14db744d48d5";"7f2c1900-9fd4-4b89-91d3-79a649996f0a";"2ffc37fb-4740-46ff-9469-361af346101a";"https://storage.azure.com/";"https://sts.windows.net/7f2c1900-9fd4-4b89-91d3-79a649996f0a/";"";"[{""action"":""Microsoft.Storage/storageAccounts/blobServices/containers/read"",""roleAssignmentId"":""242b4a4b-b989-4d83-b3b1-4cdabfb40a8f"",""roleDefinitionId"":""17d1049b-9a84-46fb-8f53-869881c3d3ab"",""type"":""RBAC"",""principals"":[{""id"":""7b2a25d5-d598-40d4-9611-14db744d48d5"",""type"":""ServicePrincipal""}],""denyAssignmentId"":"""",""result"":""Granted"",""reason"":""Policy""}]";"Apache-HttpClient/4.5.13 (Java/11.0.15)";"";"";"";"blob";;"1603";;"152";"184";"";"";;"";;"StorageRead";"TLS 1.2";"";"Azure";"StorageBlobLogs";"/subscriptions/9b491dd6-598e-498c-98a0-d3bbd2290821/resourcegroups/rg-hk01-sea-r-iengage-storage01/providers/microsoft.storage/storageaccounts/sahk01searshared01ieng01/blobservices/default";"";"";"";"";"";"";;"";"";"";;"";"2022-10-20T14:27:26.9803142Z"
"f486ca19-3cb9-4345-8639-7ccfe1fe149a";"2022-10-20T06:27:21.8012475Z";"sahk01searshared01ieng01";"Southeast Asia";"HTTPS";"GetBlobServiceProperties";"OAuth";"200";"Success";"145";"145";"https://sahk01searshared01ieng01.blob.core.windows.net:443/?restype=service&comp=properties";"18.221.72.80";"dd11813f-101e-0032-044d-e4d174000000";"1.0";"2019-02-02";"6326785512D4EC6227DDBD8CC6E29213C35E78403C2FC82B7740654AED7AC3A6";"7b2a25d5-d598-40d4-9611-14db744d48d5";"7f2c1900-9fd4-4b89-91d3-79a649996f0a";"2ffc37fb-4740-46ff-9469-361af346101a";"https://storage.azure.com/";"https://sts.windows.net/7f2c1900-9fd4-4b89-91d3-79a649996f0a/";"";"[{""action"":""Microsoft.Storage/storageAccounts/blobServices/read"",""roleAssignmentId"":""242b4a4b-b989-4d83-b3b1-4cdabfb40a8f"",""roleDefinitionId"":""17d1049b-9a84-46fb-8f53-869881c3d3ab"",""type"":""RBAC"",""principals"":[{""id"":""7b2a25d5-d598-40d4-9611-14db744d48d5"",""type"":""ServicePrincipal""}],""denyAssignmentId"":"""",""result"":""Granted"",""reason"":""Policy""}]";"Apache-HttpClient/4.5.13 (Java/11.0.15)";"";"";"";"blob";;"1625";;"152";"723";"";"";;"";;"StorageRead";"TLS 1.2";"";"Azure";"StorageBlobLogs";"/subscriptions/9b491dd6-598e-498c-98a0-d3bbd2290821/resourcegroups/rg-hk01-sea-r-iengage-storage01/providers/microsoft.storage/storageaccounts/sahk01searshared01ieng01/blobservices/default";"";"";"";"";"";"";;"";"";"";;"";"2022-10-20T14:27:21.8012475Z"
"f486ca19-3cb9-4345-8639-7ccfe1fe149a";"2022-10-19T09:28:32.1403834Z";"sahk01searshared01ieng01";"Southeast Asia";"HTTPS";"ListContainers";"OAuth";"200";"Success";"12";"12";"https://sahk01searshared01ieng01.blob.core.windows.net:443/?comp=list";"18.221.72.80";"20750028-a01e-0008-089d-e3cb0c000000";"1.0";"2019-02-02";"5CBA1A88ADD9F8A8E74D5C20E07F8E3BFACB97BDEAC3703A952D04975F8BDCE6";"7b2a25d5-d598-40d4-9611-14db744d48d5";"7f2c1900-9fd4-4b89-91d3-79a649996f0a";"2ffc37fb-4740-46ff-9469-361af346101a";"https://storage.azure.com/";"https://sts.windows.net/7f2c1900-9fd4-4b89-91d3-79a649996f0a/";"";"[{""action"":""Microsoft.Storage/storageAccounts/blobServices/containers/read"",""roleAssignmentId"":""242b4a4b-b989-4d83-b3b1-4cdabfb40a8f"",""roleDefinitionId"":""17d1049b-9a84-46fb-8f53-869881c3d3ab"",""type"":""RBAC"",""principals"":[{""id"":""7b2a25d5-d598-40d4-9611-14db744d48d5"",""type"":""ServicePrincipal""}],""denyAssignmentId"":"""",""result"":""Granted"",""reason"":""Policy""}]";"Apache-HttpClient/4.5.13 (Java/11.0.15)";"";"";"";"blob";;"1603";;"152";"184";"";"";;"";;"StorageRead";"TLS 1.2";"";"Azure";"StorageBlobLogs";"/subscriptions/9b491dd6-598e-498c-98a0-d3bbd2290821/resourcegroups/rg-hk01-sea-r-iengage-storage01/providers/microsoft.storage/storageaccounts/sahk01searshared01ieng01/blobservices/default";"";"";"";"";"";"";;"";"";"";;"";"2022-10-19T17:28:32.1403834Z"
"f486ca19-3cb9-4345-8639-7ccfe1fe149a";"2022-10-19T09:28:31.8882802Z";"sahk01searshared01ieng01";"Southeast Asia";"HTTPS";"GetFileServiceProperties";"AccountKey";"200";"Success";"5";"5";"https://sahk01searshared01ieng01.file.core.windows.net:443/?restype=service&comp=properties";"18.221.72.80";"fc70fb58-d01a-003d-219d-e3a718000000";"1.0";"2017-04-17";"key1(42B1D3200A0058445D70F68D31F573CF64EE913ABBF2A0E9A9A6536B918549E3)";"";"";"";"";"";"";;"Azure-Storage/6.1.0 (JavaJRE 11.0.15; Linux 5.15.59-33.133.amzn2.x86_64)";"";"03f32848-3745-45e2-98a0-74e01154f956";"";"file";;"510";;"152";"413";"";"";;"";;"StorageRead";"TLS 1.2";"";"Azure";"StorageFileLogs";"/subscriptions/9b491dd6-598e-498c-98a0-d3bbd2290821/resourcegroups/rg-hk01-sea-r-iengage-storage01/providers/microsoft.storage/storageaccounts/sahk01searshared01ieng01/fileservices/default";"";"";"";"";"";"";;"";"";"";;"";"2022-10-19T17:28:31.8882802Z"
"f486ca19-3cb9-4345-8639-7ccfe1fe149a";"2022-10-19T09:28:28.6697439Z";"sahk01searshared01ieng01";"Southeast Asia";"HTTPS";"GetBlobServiceProperties";"OAuth";"200";"Success";"155";"155";"https://sahk01searshared01ieng01.blob.core.windows.net:443/?restype=service&comp=properties";"18.221.72.80";"2074f610-a01e-0008-329d-e3cb0c000000";"1.0";"2019-02-02";"5CBA1A88ADD9F8A8E74D5C20E07F8E3BFACB97BDEAC3703A952D04975F8BDCE6";"7b2a25d5-d598-40d4-9611-14db744d48d5";"7f2c1900-9fd4-4b89-91d3-79a649996f0a";"2ffc37fb-4740-46ff-9469-361af346101a";"https://storage.azure.com/";"https://sts.windows.net/7f2c1900-9fd4-4b89-91d3-79a649996f0a/";"";"[{""action"":""Microsoft.Storage/storageAccounts/blobServices/read"",""roleAssignmentId"":""242b4a4b-b989-4d83-b3b1-4cdabfb40a8f"",""roleDefinitionId"":""17d1049b-9a84-46fb-8f53-869881c3d3ab"",""type"":""RBAC"",""principals"":[{""id"":""7b2a25d5-d598-40d4-9611-14db744d48d5"",""type"":""ServicePrincipal""}],""denyAssignmentId"":"""",""result"":""Granted"",""reason"":""Policy""}]";"Apache-HttpClient/4.5.13 (Java/11.0.15)";"";"";"";"blob";;"1625";;"152";"723";"";"";;"";;"StorageRead";"TLS 1.2";"";"Azure";"StorageBlobLogs";"/subscriptions/9b491dd6-598e-498c-98a0-d3bbd2290821/resourcegroups/rg-hk01-sea-r-iengage-storage01/providers/microsoft.storage/storageaccounts/sahk01searshared01ieng01/blobservices/default";"";"";"";"";"";"";;"";"";"";;"";"2022-10-19T17:28:28.6697439Z"
"f486ca19-3cb9-4345-8639-7ccfe1fe149a";"2022-10-18T07:26:24.895926Z";"sahk01searshared01ieng01";"Southeast Asia";"HTTPS";"ListContainers";"OAuth";"200";"Success";"12";"12";"https://sahk01searshared01ieng01.blob.core.windows.net:443/?comp=list";"18.221.72.80";"99893e0d-d01e-003d-6ec2-e2a718000000";"1.0";"2019-02-02";"9249A05683C5412C435A6B106EEE238AD4117C70FDD4AB8107C79519C138463C";"7b2a25d5-d598-40d4-9611-14db744d48d5";"7f2c1900-9fd4-4b89-91d3-79a649996f0a";"2ffc37fb-4740-46ff-9469-361af346101a";"https://storage.azure.com/";"https://sts.windows.net/7f2c1900-9fd4-4b89-91d3-79a649996f0a/";"";"[{""action"":""Microsoft.Storage/storageAccounts/blobServices/containers/read"",""roleAssignmentId"":""242b4a4b-b989-4d83-b3b1-4cdabfb40a8f"",""roleDefinitionId"":""17d1049b-9a84-46fb-8f53-869881c3d3ab"",""type"":""RBAC"",""principals"":[{""id"":""7b2a25d5-d598-40d4-9611-14db744d48d5"",""type"":""ServicePrincipal""}],""denyAssignmentId"":"""",""result"":""Granted"",""reason"":""Policy""}]";"Apache-HttpClient/4.5.13 (Java/11.0.15)";"";"";"";"blob";;"1603";;"152";"184";"";"";;"";;"StorageRead";"TLS 1.2";"";"Azure";"StorageBlobLogs";"/subscriptions/9b491dd6-598e-498c-98a0-d3bbd2290821/resourcegroups/rg-hk01-sea-r-iengage-storage01/providers/microsoft.storage/storageaccounts/sahk01searshared01ieng01/blobservices/default";"";"";"";"";"";"";;"";"";"";;"";"2022-10-18T15:26:24.895926Z"
"f486ca19-3cb9-4345-8639-7ccfe1fe149a";"2022-10-18T07:26:24.6459249Z";"sahk01searshared01ieng01";"Southeast Asia";"HTTPS";"GetFileServiceProperties";"AccountKey";"200";"Success";"5";"5";"https://sahk01searshared01ieng01.file.core.windows.net:443/?restype=service&comp=properties";"18.221.72.80";"d0b4c59d-c01a-000e-34c2-e2f8b3000000";"1.0";"2017-04-17";"key1(42B1D3200A0058445D70F68D31F573CF64EE913ABBF2A0E9A9A6536B918549E3)";"";"";"";"";"";"";;"Azure-Storage/6.1.0 (JavaJRE 11.0.15; Linux 5.15.59-33.133.amzn2.x86_64)";"";"19810ef4-fdf5-4730-abb1-d6f131a38144";"";"file";;"510";;"152";"413";"";"";;"";;"StorageRead";"TLS 1.2";"";"Azure";"StorageFileLogs";"/subscriptions/9b491dd6-598e-498c-98a0-d3bbd2290821/resourcegroups/rg-hk01-sea-r-iengage-storage01/providers/microsoft.storage/storageaccounts/sahk01searshared01ieng01/fileservices/default";"";"";"";"";"";"";;"";"";"";;"";"2022-10-18T15:26:24.6459249Z"
"f486ca19-3cb9-4345-8639-7ccfe1fe149a";"2022-10-18T07:26:20.8116607Z";"sahk01searshared01ieng01";"Southeast Asia";"HTTPS";"GetBlobServiceProperties";"OAuth";"200";"Success";"126";"126";"https://sahk01searshared01ieng01.blob.core.windows.net:443/?restype=service&comp=properties";"18.221.72.80";"99892e3b-d01e-003d-07c2-e2a718000000";"1.0";"2019-02-02";"9249A05683C5412C435A6B106EEE238AD4117C70FDD4AB8107C79519C138463C";"7b2a25d5-d598-40d4-9611-14db744d48d5";"7f2c1900-9fd4-4b89-91d3-79a649996f0a";"2ffc37fb-4740-46ff-9469-361af346101a";"https://storage.azure.com/";"https://sts.windows.net/7f2c1900-9fd4-4b89-91d3-79a649996f0a/";"";"[{""action"":""Microsoft.Storage/storageAccounts/blobServices/read"",""roleAssignmentId"":""242b4a4b-b989-4d83-b3b1-4cdabfb40a8f"",""roleDefinitionId"":""17d1049b-9a84-46fb-8f53-869881c3d3ab"",""type"":""RBAC"",""principals"":[{""id"":""7b2a25d5-d598-40d4-9611-14db744d48d5"",""type"":""ServicePrincipal""}],""denyAssignmentId"":"""",""result"":""Granted"",""reason"":""Policy""}]";"Apache-HttpClient/4.5.13 (Java/11.0.15)";"";"";"";"blob";;"1625";;"152";"723";"";"";;"";;"StorageRead";"TLS 1.2";"";"Azure";"StorageBlobLogs";"/subscriptions/9b491dd6-598e-498c-98a0-d3bbd2290821/resourcegroups/rg-hk01-sea-r-iengage-storage01/providers/microsoft.storage/storageaccounts/sahk01searshared01ieng01/blobservices/default";"";"";"";"";"";"";;"";"";"";;"";"2022-10-18T15:26:20.8116607Z"
"f486ca19-3cb9-4345-8639-7ccfe1fe149a";"2022-10-16T07:19:20.3783256Z";"sahk01searshared01ieng01";"Southeast Asia";"HTTPS";"ListContainers";"OAuth";"200";"Success";"7";"7";"https://sahk01searshared01ieng01.blob.core.windows.net:443/?comp=list";"13.59.164.228";"2f58f458-b01e-002b-442f-e151cf000000";"1.0";"2019-02-02";"683A6B240864660B99068F69AF76A62CD2D4D37BA9241ADE83BD4E60597A290F";"7b2a25d5-d598-40d4-9611-14db744d48d5";"7f2c1900-9fd4-4b89-91d3-79a649996f0a";"2ffc37fb-4740-46ff-9469-361af346101a";"https://storage.azure.com/";"https://sts.windows.net/7f2c1900-9fd4-4b89-91d3-79a649996f0a/";"";"[{""action"":""Microsoft.Storage/storageAccounts/blobServices/containers/read"",""roleAssignmentId"":""242b4a4b-b989-4d83-b3b1-4cdabfb40a8f"",""roleDefinitionId"":""17d1049b-9a84-46fb-8f53-869881c3d3ab"",""type"":""RBAC"",""principals"":[{""id"":""7b2a25d5-d598-40d4-9611-14db744d48d5"",""type"":""ServicePrincipal""}],""denyAssignmentId"":"""",""result"":""Granted"",""reason"":""Policy""}]";"Apache-HttpClient/4.5.13 (Java/11.0.15)";"";"";"";"blob";;"1603";;"152";"184";"";"";;"";;"StorageRead";"TLS 1.2";"";"Azure";"StorageBlobLogs";"/subscriptions/9b491dd6-598e-498c-98a0-d3bbd2290821/resourcegroups/rg-hk01-sea-r-iengage-storage01/providers/microsoft.storage/storageaccounts/sahk01searshared01ieng01/blobservices/default";"";"";"";"";"";"";;"";"";"";;"";"2022-10-16T15:19:20.3783256Z"
"f486ca19-3cb9-4345-8639-7ccfe1fe149a";"2022-10-16T07:19:20.1386125Z";"sahk01searshared01ieng01";"Southeast Asia";"HTTPS";"GetFileServiceProperties";"AccountKey";"200";"Success";"5";"4";"https://sahk01searshared01ieng01.file.core.windows.net:443/?restype=service&comp=properties";"13.59.164.228";"488af8c7-501a-001c-602f-e18363000000";"1.0";"2017-04-17";"key1(42B1D3200A0058445D70F68D31F573CF64EE913ABBF2A0E9A9A6536B918549E3)";"";"";"";"";"";"";;"Azure-Storage/6.1.0 (JavaJRE 11.0.15; Linux 5.15.59-33.133.amzn2.x86_64)";"";"fc492d2c-c4b8-4893-8eba-5484cb70e91f";"";"file";;"510";;"152";"413";"";"";;"";;"StorageRead";"TLS 1.2";"";"Azure";"StorageFileLogs";"/subscriptions/9b491dd6-598e-498c-98a0-d3bbd2290821/resourcegroups/rg-hk01-sea-r-iengage-storage01/providers/microsoft.storage/storageaccounts/sahk01searshared01ieng01/fileservices/default";"";"";"";"";"";"";;"";"";"";;"";"2022-10-16T15:19:20.1386125Z"
"f486ca19-3cb9-4345-8639-7ccfe1fe149a";"2022-10-16T07:19:17.0761158Z";"sahk01searshared01ieng01";"Southeast Asia";"HTTPS";"GetBlobServiceProperties";"OAuth";"200";"Success";"132";"132";"https://sahk01searshared01ieng01.blob.core.windows.net:443/?restype=service&comp=properties";"13.59.164.228";"2f58eba9-b01e-002b-6b2f-e151cf000000";"1.0";"2019-02-02";"683A6B240864660B99068F69AF76A62CD2D4D37BA9241ADE83BD4E60597A290F";"7b2a25d5-d598-40d4-9611-14db744d48d5";"7f2c1900-9fd4-4b89-91d3-79a649996f0a";"2ffc37fb-4740-46ff-9469-361af346101a";"https://storage.azure.com/";"https://sts.windows.net/7f2c1900-9fd4-4b89-91d3-79a649996f0a/";"";"[{""action"":""Microsoft.Storage/storageAccounts/blobServices/read"",""roleAssignmentId"":""242b4a4b-b989-4d83-b3b1-4cdabfb40a8f"",""roleDefinitionId"":""17d1049b-9a84-46fb-8f53-869881c3d3ab"",""type"":""RBAC"",""principals"":[{""id"":""7b2a25d5-d598-40d4-9611-14db744d48d5"",""type"":""ServicePrincipal""}],""denyAssignmentId"":"""",""result"":""Granted"",""reason"":""Policy""}]";"Apache-HttpClient/4.5.13 (Java/11.0.15)";"";"";"";"blob";;"1625";;"152";"723";"";"";;"";;"StorageRead";"TLS 1.2";"";"Azure";"StorageBlobLogs";"/subscriptions/9b491dd6-598e-498c-98a0-d3bbd2290821/resourcegroups/rg-hk01-sea-r-iengage-storage01/providers/microsoft.storage/storageaccounts/sahk01searshared01ieng01/blobservices/default";"";"";"";"";"";"";;"";"";"";;"";"2022-10-16T15:19:17.0761158Z"
"f486ca19-3cb9-4345-8639-7ccfe1fe149a";"2022-10-15T08:12:51.4402724Z";"sahk01searshared01ieng01";"Southeast Asia";"HTTPS";"ListContainers";"OAuth";"200";"Success";"69";"69";"https://sahk01searshared01ieng01.blob.core.windows.net:443/?comp=list";"18.221.72.80";"7b3e755d-401e-002f-5e6d-e0dcc8000000";"1.0";"2019-02-02";"A284CFF2D1DC39E4DD4128F47425FCA200A68CBB02BD67858980E36AD0377404";"7b2a25d5-d598-40d4-9611-14db744d48d5";"7f2c1900-9fd4-4b89-91d3-79a649996f0a";"2ffc37fb-4740-46ff-9469-361af346101a";"https://storage.azure.com/";"https://sts.windows.net/7f2c1900-9fd4-4b89-91d3-79a649996f0a/";"";"[{""action"":""Microsoft.Storage/storageAccounts/blobServices/containers/read"",""roleAssignmentId"":""242b4a4b-b989-4d83-b3b1-4cdabfb40a8f"",""roleDefinitionId"":""17d1049b-9a84-46fb-8f53-869881c3d3ab"",""type"":""RBAC"",""principals"":[{""id"":""7b2a25d5-d598-40d4-9611-14db744d48d5"",""type"":""ServicePrincipal""}],""denyAssignmentId"":"""",""result"":""Granted"",""reason"":""Policy""}]";"Apache-HttpClient/4.5.13 (Java/11.0.15)";"";"";"";"blob";;"1603";;"152";"184";"";"";;"";;"StorageRead";"TLS 1.2";"";"Azure";"StorageBlobLogs";"/subscriptions/9b491dd6-598e-498c-98a0-d3bbd2290821/resourcegroups/rg-hk01-sea-r-iengage-storage01/providers/microsoft.storage/storageaccounts/sahk01searshared01ieng01/blobservices/default";"";"";"";"";"";"";;"";"";"";;"";"2022-10-15T16:12:51.4402724Z"
"f486ca19-3cb9-4345-8639-7ccfe1fe149a";"2022-10-15T08:12:51.1320168Z";"sahk01searshared01ieng01";"Southeast Asia";"HTTPS";"GetFileServiceProperties";"AccountKey";"200";"Success";"5";"5";"https://sahk01searshared01ieng01.file.core.windows.net:443/?restype=service&comp=properties";"18.221.72.80";"e798a931-b01a-0004-036d-e05c04000000";"1.0";"2017-04-17";"key1(42B1D3200A0058445D70F68D31F573CF64EE913ABBF2A0E9A9A6536B918549E3)";"";"";"";"";"";"";;"Azure-Storage/6.1.0 (JavaJRE 11.0.15; Linux 5.15.59-33.133.amzn2.x86_64)";"";"a74dfea4-5add-4bec-800d-7a4cc7de8a36";"";"file";;"510";;"152";"413";"";"";;"";;"StorageRead";"TLS 1.2";"";"Azure";"StorageFileLogs";"/subscriptions/9b491dd6-598e-498c-98a0-d3bbd2290821/resourcegroups/rg-hk01-sea-r-iengage-storage01/providers/microsoft.storage/storageaccounts/sahk01searshared01ieng01/fileservices/default";"";"";"";"";"";"";;"";"";"";;"";"2022-10-15T16:12:51.1320168Z"
"f486ca19-3cb9-4345-8639-7ccfe1fe149a";"2022-10-15T08:12:47.7025669Z";"sahk01searshared01ieng01";"Southeast Asia";"HTTPS";"GetBlobServiceProperties";"OAuth";"200";"Success";"144";"143";"https://sahk01searshared01ieng01.blob.core.windows.net:443/?restype=service&comp=properties";"18.221.72.80";"7b3e6f00-401e-002f-606d-e0dcc8000000";"1.0";"2019-02-02";"A284CFF2D1DC39E4DD4128F47425FCA200A68CBB02BD67858980E36AD0377404";"7b2a25d5-d598-40d4-9611-14db744d48d5";"7f2c1900-9fd4-4b89-91d3-79a649996f0a";"2ffc37fb-4740-46ff-9469-361af346101a";"https://storage.azure.com/";"https://sts.windows.net/7f2c1900-9fd4-4b89-91d3-79a649996f0a/";"";"[{""action"":""Microsoft.Storage/storageAccounts/blobServices/read"",""roleAssignmentId"":""242b4a4b-b989-4d83-b3b1-4cdabfb40a8f"",""roleDefinitionId"":""17d1049b-9a84-46fb-8f53-869881c3d3ab"",""type"":""RBAC"",""principals"":[{""id"":""7b2a25d5-d598-40d4-9611-14db744d48d5"",""type"":""ServicePrincipal""}],""denyAssignmentId"":"""",""result"":""Granted"",""reason"":""Policy""}]";"Apache-HttpClient/4.5.13 (Java/11.0.15)";"";"";"";"blob";;"1625";;"152";"723";"";"";;"";;"StorageRead";"TLS 1.2";"";"Azure";"StorageBlobLogs";"/subscriptions/9b491dd6-598e-498c-98a0-d3bbd2290821/resourcegroups/rg-hk01-sea-r-iengage-storage01/providers/microsoft.storage/storageaccounts/sahk01searshared01ieng01/blobservices/default";"";"";"";"";"";"";;"";"";"";;"";"2022-10-15T16:12:47.7025669Z"
"f486ca19-3cb9-4345-8639-7ccfe1fe149a";"2022-10-14T08:14:15.6769928Z";"sahk01searshared01ieng01";"Southeast Asia";"HTTPS";"ListContainers";"OAuth";"200";"Success";"8";"7";"https://sahk01searshared01ieng01.blob.core.windows.net:443/?comp=list";"18.221.72.80";"7ab552e8-d01e-004f-3aa4-dfa057000000";"1.0";"2019-02-02";"0D3FC78254BB1AD67FE5EE70C9541E830C4574F8BB3EFE324FECF67CDDE0D6CE";"7b2a25d5-d598-40d4-9611-14db744d48d5";"7f2c1900-9fd4-4b89-91d3-79a649996f0a";"2ffc37fb-4740-46ff-9469-361af346101a";"https://storage.azure.com/";"https://sts.windows.net/7f2c1900-9fd4-4b89-91d3-79a649996f0a/";"";"[{""action"":""Microsoft.Storage/storageAccounts/blobServices/containers/read"",""roleAssignmentId"":""242b4a4b-b989-4d83-b3b1-4cdabfb40a8f"",""roleDefinitionId"":""17d1049b-9a84-46fb-8f53-869881c3d3ab"",""type"":""RBAC"",""principals"":[{""id"":""7b2a25d5-d598-40d4-9611-14db744d48d5"",""type"":""ServicePrincipal""}],""denyAssignmentId"":"""",""result"":""Granted"",""reason"":""Policy""}]";"Apache-HttpClient/4.5.13 (Java/11.0.15)";"";"";"";"blob";;"1603";;"152";"184";"";"";;"";;"StorageRead";"TLS 1.2";"";"Azure";"StorageBlobLogs";"/subscriptions/9b491dd6-598e-498c-98a0-d3bbd2290821/resourcegroups/rg-hk01-sea-r-iengage-storage01/providers/microsoft.storage/storageaccounts/sahk01searshared01ieng01/blobservices/default";"";"";"";"";"";"";;"";"";"";;"";"2022-10-14T16:14:15.6769928Z"
"f486ca19-3cb9-4345-8639-7ccfe1fe149a";"2022-10-14T08:14:15.4331062Z";"sahk01searshared01ieng01";"Southeast Asia";"HTTPS";"GetFileServiceProperties";"AccountKey";"200";"Success";"6";"6";"https://sahk01searshared01ieng01.file.core.windows.net:443/?restype=service&comp=properties";"18.221.72.80";"984cc62c-901a-005e-23a4-df3ae3000000";"1.0";"2017-04-17";"key1(42B1D3200A0058445D70F68D31F573CF64EE913ABBF2A0E9A9A6536B918549E3)";"";"";"";"";"";"";;"Azure-Storage/6.1.0 (JavaJRE 11.0.15; Linux 5.15.59-33.133.amzn2.x86_64)";"";"154dc995-ed83-42bb-90f7-028243f530ca";"";"file";;"510";;"152";"413";"";"";;"";;"StorageRead";"TLS 1.2";"";"Azure";"StorageFileLogs";"/subscriptions/9b491dd6-598e-498c-98a0-d3bbd2290821/resourcegroups/rg-hk01-sea-r-iengage-storage01/providers/microsoft.storage/storageaccounts/sahk01searshared01ieng01/fileservices/default";"";"";"";"";"";"";;"";"";"";;"";"2022-10-14T16:14:15.4331062Z"
"f486ca19-3cb9-4345-8639-7ccfe1fe149a";"2022-10-14T08:14:11.7566837Z";"sahk01searshared01ieng01";"Southeast Asia";"HTTPS";"GetBlobServiceProperties";"OAuth";"200";"Success";"95";"95";"https://sahk01searshared01ieng01.blob.core.windows.net:443/?restype=service&comp=properties";"18.221.72.80";"7ab54a5f-d01e-004f-74a4-dfa057000000";"1.0";"2019-02-02";"0D3FC78254BB1AD67FE5EE70C9541E830C4574F8BB3EFE324FECF67CDDE0D6CE";"7b2a25d5-d598-40d4-9611-14db744d48d5";"7f2c1900-9fd4-4b89-91d3-79a649996f0a";"2ffc37fb-4740-46ff-9469-361af346101a";"https://storage.azure.com/";"https://sts.windows.net/7f2c1900-9fd4-4b89-91d3-79a649996f0a/";"";"[{""action"":""Microsoft.Storage/storageAccounts/blobServices/read"",""roleAssignmentId"":""242b4a4b-b989-4d83-b3b1-4cdabfb40a8f"",""roleDefinitionId"":""17d1049b-9a84-46fb-8f53-869881c3d3ab"",""type"":""RBAC"",""principals"":[{""id"":""7b2a25d5-d598-40d4-9611-14db744d48d5"",""type"":""ServicePrincipal""}],""denyAssignmentId"":"""",""result"":""Granted"",""reason"":""Policy""}]";"Apache-HttpClient/4.5.13 (Java/11.0.15)";"";"";"";"blob";;"1625";;"152";"723";"";"";;"";;"StorageRead";"TLS 1.2";"";"Azure";"StorageBlobLogs";"/subscriptions/9b491dd6-598e-498c-98a0-d3bbd2290821/resourcegroups/rg-hk01-sea-r-iengage-storage01/providers/microsoft.storage/storageaccounts/sahk01searshared01ieng01/blobservices/default";"";"";"";"";"";"";;"";"";"";;"";"2022-10-14T16:14:11.7566837Z"
"f486ca19-3cb9-4345-8639-7ccfe1fe149a";"2022-10-13T06:59:40.608811Z";"sahk01searshared01ieng01";"Southeast Asia";"HTTPS";"ListContainers";"OAuth";"200";"Success";"5";"5";"https://sahk01searshared01ieng01.blob.core.windows.net:443/?comp=list";"18.191.115.70";"9d2ce23a-501e-006e-5ed1-de842c000000";"1.0";"2019-02-02";"F48F8662D7F8B40B0D93020FB55A5731DC04FD5C8AF1EAB9145E57760F70100D";"7b2a25d5-d598-40d4-9611-14db744d48d5";"7f2c1900-9fd4-4b89-91d3-79a649996f0a";"2ffc37fb-4740-46ff-9469-361af346101a";"https://storage.azure.com/";"https://sts.windows.net/7f2c1900-9fd4-4b89-91d3-79a649996f0a/";"";"[{""action"":""Microsoft.Storage/storageAccounts/blobServices/containers/read"",""roleAssignmentId"":""242b4a4b-b989-4d83-b3b1-4cdabfb40a8f"",""roleDefinitionId"":""17d1049b-9a84-46fb-8f53-869881c3d3ab"",""principals"":[{""type"":""ServicePrincipal"",""id"":""7b2a25d5-d598-40d4-9611-14db744d48d5""}],""denyAssignmentId"":"""",""type"":""RBAC"",""result"":""Granted"",""reason"":""Policy""}]";"Apache-HttpClient/4.5.13 (Java/11.0.15)";"";"";"";"blob";;"1603";;"152";"184";"";"";;"";;"StorageRead";"TLS 1.2";"";"Azure";"StorageBlobLogs";"/subscriptions/9b491dd6-598e-498c-98a0-d3bbd2290821/resourcegroups/rg-hk01-sea-r-iengage-storage01/providers/microsoft.storage/storageaccounts/sahk01searshared01ieng01/blobservices/default";"";"";"";"";"";"";;"";"";"";;"";"2022-10-13T14:59:40.608811Z"
"f486ca19-3cb9-4345-8639-7ccfe1fe149a";"2022-10-13T06:59:40.3611039Z";"sahk01searshared01ieng01";"Southeast Asia";"HTTPS";"GetFileServiceProperties";"AccountKey";"200";"Success";"6";"5";"https://sahk01searshared01ieng01.file.core.windows.net:443/?restype=service&comp=properties";"18.191.115.70";"1bc961c6-101a-0022-70d1-de141c000000";"1.0";"2017-04-17";"key1(42B1D3200A0058445D70F68D31F573CF64EE913ABBF2A0E9A9A6536B918549E3)";"";"";"";"";"";"";;"Azure-Storage/6.1.0 (JavaJRE 11.0.15; Linux 5.4.204-113.362.amzn2.x86_64)";"";"6a77b1f2-2d29-4a8d-a0ac-84ab90806396";"";"file";;"511";;"152";"413";"";"";;"";;"StorageRead";"TLS 1.2";"";"Azure";"StorageFileLogs";"/subscriptions/9b491dd6-598e-498c-98a0-d3bbd2290821/resourcegroups/rg-hk01-sea-r-iengage-storage01/providers/microsoft.storage/storageaccounts/sahk01searshared01ieng01/fileservices/default";"";"";"";"";"";"";;"";"";"";;"";"2022-10-13T14:59:40.3611039Z"
"f486ca19-3cb9-4345-8639-7ccfe1fe149a";"2022-10-13T06:59:36.9312014Z";"sahk01searshared01ieng01";"Southeast Asia";"HTTPS";"GetBlobServiceProperties";"OAuth";"200";"Success";"115";"114";"https://sahk01searshared01ieng01.blob.core.windows.net:443/?restype=service&comp=properties";"18.191.115.70";"9d2cd741-501e-006e-75d1-de842c000000";"1.0";"2019-02-02";"F48F8662D7F8B40B0D93020FB55A5731DC04FD5C8AF1EAB9145E57760F70100D";"7b2a25d5-d598-40d4-9611-14db744d48d5";"7f2c1900-9fd4-4b89-91d3-79a649996f0a";"2ffc37fb-4740-46ff-9469-361af346101a";"https://storage.azure.com/";"https://sts.windows.net/7f2c1900-9fd4-4b89-91d3-79a649996f0a/";"";"[{""action"":""Microsoft.Storage/storageAccounts/blobServices/read"",""roleAssignmentId"":""242b4a4b-b989-4d83-b3b1-4cdabfb40a8f"",""roleDefinitionId"":""17d1049b-9a84-46fb-8f53-869881c3d3ab"",""principals"":[{""type"":""ServicePrincipal"",""id"":""7b2a25d5-d598-40d4-9611-14db744d48d5""}],""denyAssignmentId"":"""",""type"":""RBAC"",""result"":""Granted"",""reason"":""Policy""}]";"Apache-HttpClient/4.5.13 (Java/11.0.15)";"";"";"";"blob";;"1625";;"152";"723";"";"";;"";;"StorageRead";"TLS 1.2";"";"Azure";"StorageBlobLogs";"/subscriptions/9b491dd6-598e-498c-98a0-d3bbd2290821/resourcegroups/rg-hk01-sea-r-iengage-storage01/providers/microsoft.storage/storageaccounts/sahk01searshared01ieng01/blobservices/default";"";"";"";"";"";"";;"";"";"";;"";"2022-10-13T14:59:36.9312014Z"
"f486ca19-3cb9-4345-8639-7ccfe1fe149a";"2022-10-12T06:27:46.6943743Z";"sahk01searshared01ieng01";"Southeast Asia";"HTTPS";"ListContainers";"OAuth";"200";"Success";"10";"10";"https://sahk01searshared01ieng01.blob.core.windows.net:443/?comp=list";"18.191.115.70";"8c39d6cb-c01e-001e-1103-de3ddb000000";"1.0";"2019-02-02";"D2D002ED71EF55C013A57EAE1DF347FED399ED9327DA9119C0A70B673C748F07";"7b2a25d5-d598-40d4-9611-14db744d48d5";"7f2c1900-9fd4-4b89-91d3-79a649996f0a";"2ffc37fb-4740-46ff-9469-361af346101a";"https://storage.azure.com/";"https://sts.windows.net/7f2c1900-9fd4-4b89-91d3-79a649996f0a/";"";"[{""action"":""Microsoft.Storage/storageAccounts/blobServices/containers/read"",""roleAssignmentId"":""242b4a4b-b989-4d83-b3b1-4cdabfb40a8f"",""roleDefinitionId"":""17d1049b-9a84-46fb-8f53-869881c3d3ab"",""type"":""RBAC"",""principals"":[{""id"":""7b2a25d5-d598-40d4-9611-14db744d48d5"",""type"":""ServicePrincipal""}],""denyAssignmentId"":"""",""result"":""Granted"",""reason"":""Policy""}]";"Apache-HttpClient/4.5.13 (Java/11.0.15)";"";"";"";"blob";;"1603";;"152";"184";"";"";;"";;"StorageRead";"TLS 1.2";"";"Azure";"StorageBlobLogs";"/subscriptions/9b491dd6-598e-498c-98a0-d3bbd2290821/resourcegroups/rg-hk01-sea-r-iengage-storage01/providers/microsoft.storage/storageaccounts/sahk01searshared01ieng01/blobservices/default";"";"";"";"";"";"";;"";"";"";;"";"2022-10-12T14:27:46.6943743Z"
"f486ca19-3cb9-4345-8639-7ccfe1fe149a";"2022-10-12T06:27:46.4444Z";"sahk01searshared01ieng01";"Southeast Asia";"HTTPS";"GetFileServiceProperties";"AccountKey";"200";"Success";"11";"11";"https://sahk01searshared01ieng01.file.core.windows.net:443/?restype=service&comp=properties";"18.191.115.70";"070aff4f-401a-002f-6303-dedcc8000000";"1.0";"2017-04-17";"key1(42B1D3200A0058445D70F68D31F573CF64EE913ABBF2A0E9A9A6536B918549E3)";"";"";"";"";"";"";;"Azure-Storage/6.1.0 (JavaJRE 11.0.15; Linux 5.4.204-113.362.amzn2.x86_64)";"";"06834ede-e407-4ed3-aebf-2aca887db405";"";"file";;"511";;"152";"413";"";"";;"";;"StorageRead";"TLS 1.2";"";"Azure";"StorageFileLogs";"/subscriptions/9b491dd6-598e-498c-98a0-d3bbd2290821/resourcegroups/rg-hk01-sea-r-iengage-storage01/providers/microsoft.storage/storageaccounts/sahk01searshared01ieng01/fileservices/default";"";"";"";"";"";"";;"";"";"";;"";"2022-10-12T14:27:46.4444Z"
"f486ca19-3cb9-4345-8639-7ccfe1fe149a";"2022-10-12T06:27:43.3279233Z";"sahk01searshared01ieng01";"Southeast Asia";"HTTPS";"GetBlobServiceProperties";"OAuth";"200";"Success";"112";"112";"https://sahk01searshared01ieng01.blob.core.windows.net:443/?restype=service&comp=properties";"18.191.115.70";"8c39c6d9-c01e-001e-4003-de3ddb000000";"1.0";"2019-02-02";"D2D002ED71EF55C013A57EAE1DF347FED399ED9327DA9119C0A70B673C748F07";"7b2a25d5-d598-40d4-9611-14db744d48d5";"7f2c1900-9fd4-4b89-91d3-79a649996f0a";"2ffc37fb-4740-46ff-9469-361af346101a";"https://storage.azure.com/";"https://sts.windows.net/7f2c1900-9fd4-4b89-91d3-79a649996f0a/";"";"[{""action"":""Microsoft.Storage/storageAccounts/blobServices/read"",""roleAssignmentId"":""242b4a4b-b989-4d83-b3b1-4cdabfb40a8f"",""roleDefinitionId"":""17d1049b-9a84-46fb-8f53-869881c3d3ab"",""type"":""RBAC"",""principals"":[{""id"":""7b2a25d5-d598-40d4-9611-14db744d48d5"",""type"":""ServicePrincipal""}],""denyAssignmentId"":"""",""result"":""Granted"",""reason"":""Policy""}]";"Apache-HttpClient/4.5.13 (Java/11.0.15)";"";"";"";"blob";;"1625";;"152";"723";"";"";;"";;"StorageRead";"TLS 1.2";"";"Azure";"StorageBlobLogs";"/subscriptions/9b491dd6-598e-498c-98a0-d3bbd2290821/resourcegroups/rg-hk01-sea-r-iengage-storage01/providers/microsoft.storage/storageaccounts/sahk01searshared01ieng01/blobservices/default";"";"";"";"";"";"";;"";"";"";;"";"2022-10-12T14:27:43.3279233Z"
"f486ca19-3cb9-4345-8639-7ccfe1fe149a";"2022-10-11T07:12:38.3226538Z";"sahk01searshared01ieng01";"Southeast Asia";"HTTPS";"ListContainers";"OAuth";"200";"Success";"10";"10";"https://sahk01searshared01ieng01.blob.core.windows.net:443/?comp=list";"3.16.7.30";"8950f1d9-b01e-0049-0c40-dd93e8000000";"1.0";"2019-02-02";"C394D2960DBBB4A8FB53D2FD2B10BC75BD046C8D6448864FA90EC2B80D78C5C2";"7b2a25d5-d598-40d4-9611-14db744d48d5";"7f2c1900-9fd4-4b89-91d3-79a649996f0a";"2ffc37fb-4740-46ff-9469-361af346101a";"https://storage.azure.com/";"https://sts.windows.net/7f2c1900-9fd4-4b89-91d3-79a649996f0a/";"";"[{""action"":""Microsoft.Storage/storageAccounts/blobServices/containers/read"",""roleAssignmentId"":""242b4a4b-b989-4d83-b3b1-4cdabfb40a8f"",""roleDefinitionId"":""17d1049b-9a84-46fb-8f53-869881c3d3ab"",""type"":""RBAC"",""principals"":[{""id"":""7b2a25d5-d598-40d4-9611-14db744d48d5"",""type"":""ServicePrincipal""}],""denyAssignmentId"":"""",""result"":""Granted"",""reason"":""Policy""}]";"Apache-HttpClient/4.5.13 (Java/11.0.15)";"";"";"";"blob";;"1603";;"152";"184";"";"";;"";;"StorageRead";"TLS 1.2";"";"Azure";"StorageBlobLogs";"/subscriptions/9b491dd6-598e-498c-98a0-d3bbd2290821/resourcegroups/rg-hk01-sea-r-iengage-storage01/providers/microsoft.storage/storageaccounts/sahk01searshared01ieng01/blobservices/default";"";"";"";"";"";"";;"";"";"";;"";"2022-10-11T15:12:38.3226538Z"
"f486ca19-3cb9-4345-8639-7ccfe1fe149a";"2022-10-11T07:12:38.0740485Z";"sahk01searshared01ieng01";"Southeast Asia";"HTTPS";"GetFileServiceProperties";"AccountKey";"200";"Success";"10";"10";"https://sahk01searshared01ieng01.file.core.windows.net:443/?restype=service&comp=properties";"3.16.7.30";"4771d55f-101a-0050-1540-dd1353000000";"1.0";"2017-04-17";"key1(42B1D3200A0058445D70F68D31F573CF64EE913ABBF2A0E9A9A6536B918549E3)";"";"";"";"";"";"";;"Azure-Storage/6.1.0 (JavaJRE 11.0.15; Linux 5.4.204-113.362.amzn2.x86_64)";"";"27472aab-807d-464b-bfe6-685490bfbf18";"";"file";;"511";;"152";"413";"";"";;"";;"StorageRead";"TLS 1.2";"";"Azure";"StorageFileLogs";"/subscriptions/9b491dd6-598e-498c-98a0-d3bbd2290821/resourcegroups/rg-hk01-sea-r-iengage-storage01/providers/microsoft.storage/storageaccounts/sahk01searshared01ieng01/fileservices/default";"";"";"";"";"";"";;"";"";"";;"";"2022-10-11T15:12:38.0740485Z"
"f486ca19-3cb9-4345-8639-7ccfe1fe149a";"2022-10-11T07:12:35.0530271Z";"sahk01searshared01ieng01";"Southeast Asia";"HTTPS";"GetBlobServiceProperties";"OAuth";"200";"Success";"135";"134";"https://sahk01searshared01ieng01.blob.core.windows.net:443/?restype=service&comp=properties";"3.16.7.30";"8950e5c6-b01e-0049-2340-dd93e8000000";"1.0";"2019-02-02";"C394D2960DBBB4A8FB53D2FD2B10BC75BD046C8D6448864FA90EC2B80D78C5C2";"7b2a25d5-d598-40d4-9611-14db744d48d5";"7f2c1900-9fd4-4b89-91d3-79a649996f0a";"2ffc37fb-4740-46ff-9469-361af346101a";"https://storage.azure.com/";"https://sts.windows.net/7f2c1900-9fd4-4b89-91d3-79a649996f0a/";"";"[{""action"":""Microsoft.Storage/storageAccounts/blobServices/read"",""roleAssignmentId"":""242b4a4b-b989-4d83-b3b1-4cdabfb40a8f"",""roleDefinitionId"":""17d1049b-9a84-46fb-8f53-869881c3d3ab"",""type"":""RBAC"",""principals"":[{""id"":""7b2a25d5-d598-40d4-9611-14db744d48d5"",""type"":""ServicePrincipal""}],""denyAssignmentId"":"""",""result"":""Granted"",""reason"":""Policy""}]";"Apache-HttpClient/4.5.13 (Java/11.0.15)";"";"";"";"blob";;"1625";;"152";"723";"";"";;"";;"StorageRead";"TLS 1.2";"";"Azure";"StorageBlobLogs";"/subscriptions/9b491dd6-598e-498c-98a0-d3bbd2290821/resourcegroups/rg-hk01-sea-r-iengage-storage01/providers/microsoft.storage/storageaccounts/sahk01searshared01ieng01/blobservices/default";"";"";"";"";"";"";;"";"";"";;"";"2022-10-11T15:12:35.0530271Z"
"f486ca19-3cb9-4345-8639-7ccfe1fe149a";"2022-10-10T07:47:44.5207668Z";"sahk01searshared01ieng01";"Southeast Asia";"HTTPS";"ListContainers";"OAuth";"200";"Success";"9";"9";"https://sahk01searshared01ieng01.blob.core.windows.net:443/?comp=list";"18.191.115.70";"c979539f-401e-0072-467c-dcd64c000000";"1.0";"2019-02-02";"430660B70DDCE580B1AC98553E64E8592A975E6958033B9CA084ADB7CE83AD5A";"7b2a25d5-d598-40d4-9611-14db744d48d5";"7f2c1900-9fd4-4b89-91d3-79a649996f0a";"2ffc37fb-4740-46ff-9469-361af346101a";"https://storage.azure.com/";"https://sts.windows.net/7f2c1900-9fd4-4b89-91d3-79a649996f0a/";"";"[{""action"":""Microsoft.Storage/storageAccounts/blobServices/containers/read"",""roleAssignmentId"":""242b4a4b-b989-4d83-b3b1-4cdabfb40a8f"",""roleDefinitionId"":""17d1049b-9a84-46fb-8f53-869881c3d3ab"",""type"":""RBAC"",""principals"":[{""id"":""7b2a25d5-d598-40d4-9611-14db744d48d5"",""type"":""ServicePrincipal""}],""denyAssignmentId"":"""",""result"":""Granted"",""reason"":""Policy""}]";"Apache-HttpClient/4.5.13 (Java/11.0.15)";"";"";"";"blob";;"1603";;"152";"184";"";"";;"";;"StorageRead";"TLS 1.2";"";"Azure";"StorageBlobLogs";"/subscriptions/9b491dd6-598e-498c-98a0-d3bbd2290821/resourcegroups/rg-hk01-sea-r-iengage-storage01/providers/microsoft.storage/storageaccounts/sahk01searshared01ieng01/blobservices/default";"";"";"";"";"";"";;"";"";"";;"";"2022-10-10T15:47:44.5207668Z"
"f486ca19-3cb9-4345-8639-7ccfe1fe149a";"2022-10-10T07:47:44.2565228Z";"sahk01searshared01ieng01";"Southeast Asia";"HTTPS";"GetFileServiceProperties";"AccountKey";"200";"Success";"9";"8";"https://sahk01searshared01ieng01.file.core.windows.net:443/?restype=service&comp=properties";"18.191.115.70";"ae6e2374-601a-0075-0f7c-dcba2f000000";"1.0";"2017-04-17";"key1(42B1D3200A0058445D70F68D31F573CF64EE913ABBF2A0E9A9A6536B918549E3)";"";"";"";"";"";"";;"Azure-Storage/6.1.0 (JavaJRE 11.0.15; Linux 5.4.204-113.362.amzn2.x86_64)";"";"c2e10d23-b7f5-449e-ac91-b07b29db2933";"";"file";;"511";;"152";"413";"";"";;"";;"StorageRead";"TLS 1.2";"";"Azure";"StorageFileLogs";"/subscriptions/9b491dd6-598e-498c-98a0-d3bbd2290821/resourcegroups/rg-hk01-sea-r-iengage-storage01/providers/microsoft.storage/storageaccounts/sahk01searshared01ieng01/fileservices/default";"";"";"";"";"";"";;"";"";"";;"";"2022-10-10T15:47:44.2565228Z"
"f486ca19-3cb9-4345-8639-7ccfe1fe149a";"2022-10-10T07:47:39.890152Z";"sahk01searshared01ieng01";"Southeast Asia";"HTTPS";"GetBlobServiceProperties";"OAuth";"200";"Success";"116";"116";"https://sahk01searshared01ieng01.blob.core.windows.net:443/?restype=service&comp=properties";"18.191.115.70";"c9794454-401e-0072-347c-dcd64c000000";"1.0";"2019-02-02";"430660B70DDCE580B1AC98553E64E8592A975E6958033B9CA084ADB7CE83AD5A";"7b2a25d5-d598-40d4-9611-14db744d48d5";"7f2c1900-9fd4-4b89-91d3-79a649996f0a";"2ffc37fb-4740-46ff-9469-361af346101a";"https://storage.azure.com/";"https://sts.windows.net/7f2c1900-9fd4-4b89-91d3-79a649996f0a/";"";"[{""action"":""Microsoft.Storage/storageAccounts/blobServices/read"",""roleAssignmentId"":""242b4a4b-b989-4d83-b3b1-4cdabfb40a8f"",""roleDefinitionId"":""17d1049b-9a84-46fb-8f53-869881c3d3ab"",""type"":""RBAC"",""principals"":[{""id"":""7b2a25d5-d598-40d4-9611-14db744d48d5"",""type"":""ServicePrincipal""}],""denyAssignmentId"":"""",""result"":""Granted"",""reason"":""Policy""}]";"Apache-HttpClient/4.5.13 (Java/11.0.15)";"";"";"";"blob";;"1625";;"152";"723";"";"";;"";;"StorageRead";"TLS 1.2";"";"Azure";"StorageBlobLogs";"/subscriptions/9b491dd6-598e-498c-98a0-d3bbd2290821/resourcegroups/rg-hk01-sea-r-iengage-storage01/providers/microsoft.storage/storageaccounts/sahk01searshared01ieng01/blobservices/default";"";"";"";"";"";"";;"";"";"";;"";"2022-10-10T15:47:39.890152Z"
"f486ca19-3cb9-4345-8639-7ccfe1fe149a";"2022-10-10T07:20:19.4675491Z";"sahk01searshared01ieng01";"Southeast Asia";"HTTPS";"GetContainerProperties";"OAuth";"200";"Success";"21";"21";"https://sahk01searshared01ieng01.blob.core.windows.net:443/%24logs?restype=container";"165.225.234.209";"a6942b97-001e-002e-0478-dc8314000000";"1.0";"2020-10-02";"095FC76F43D53454EE0540649C51D775EA894A6CA0A708EB08438ECD10FBA7C5";"05a1ee49-fc4c-4238-9d3f-a4a1b2279921";"7f2c1900-9fd4-4b89-91d3-79a649996f0a";"04b07795-8ddb-461a-bbee-02f9e1bf7b46";"https://storage.azure.com/";"https://sts.windows.net/7f2c1900-9fd4-4b89-91d3-79a649996f0a/";"YiuFung-YF.Cheong@aia.com";"[{""action"":""Microsoft.Storage/storageAccounts/blobServices/containers/read"",""roleAssignmentId"":""30d0f2c4-3613-409b-af2b-0d1027e1c496"",""roleDefinitionId"":""acdd72a7-3385-48ef-bd42-f606fba81ae7"",""type"":""RBAC"",""principals"":[{""id"":""21ff7123-4e80-4c12-8c4b-d2352c017ea1"",""type"":""Group""}],""denyAssignmentId"":"""",""result"":""Granted"",""reason"":""Policy""}]";"Microsoft Azure Storage Explorer/1.24.3 (win32) azsdk-js-storageblob/12.8.0 (NODE-VERSION v16.13.2; Windows_NT 10.0.19044)";"";"23977aa2-fb91-44b4-aae6-542c152485ae";"""0x8D98E13A381367D""";"blob";;"12283";;"489";;"";"";"2021-10-13T06:35:24Z";"";;"StorageRead";"TLS 1.2";"";"Azure";"StorageBlobLogs";"/subscriptions/9b491dd6-598e-498c-98a0-d3bbd2290821/resourcegroups/rg-hk01-sea-r-iengage-storage01/providers/microsoft.storage/storageaccounts/sahk01searshared01ieng01/blobservices/default";"";"";"";"";"";"";;"";"";"";;"";"2022-10-10T15:20:19.4675491Z"
"f486ca19-3cb9-4345-8639-7ccfe1fe149a";"2022-10-10T07:20:19.4090614Z";"sahk01searshared01ieng01";"Southeast Asia";"HTTPS";"GetContainerProperties";"OAuth";"200";"Success";"26";"26";"https://sahk01searshared01ieng01.blob.core.windows.net:443/%24logs?restype=container";"165.225.234.209";"a6942b49-001e-002e-4f78-dc8314000000";"1.0";"2020-10-02";"095FC76F43D53454EE0540649C51D775EA894A6CA0A708EB08438ECD10FBA7C5";"05a1ee49-fc4c-4238-9d3f-a4a1b2279921";"7f2c1900-9fd4-4b89-91d3-79a649996f0a";"04b07795-8ddb-461a-bbee-02f9e1bf7b46";"https://storage.azure.com/";"https://sts.windows.net/7f2c1900-9fd4-4b89-91d3-79a649996f0a/";"YiuFung-YF.Cheong@aia.com";"[{""action"":""Microsoft.Storage/storageAccounts/blobServices/containers/read"",""roleAssignmentId"":""30d0f2c4-3613-409b-af2b-0d1027e1c496"",""roleDefinitionId"":""acdd72a7-3385-48ef-bd42-f606fba81ae7"",""type"":""RBAC"",""principals"":[{""id"":""21ff7123-4e80-4c12-8c4b-d2352c017ea1"",""type"":""Group""}],""denyAssignmentId"":"""",""result"":""Granted"",""reason"":""Policy""}]";"Microsoft Azure Storage Explorer/1.24.3 (win32) azsdk-js-storageblob/12.8.0 (NODE-VERSION v16.13.2; Windows_NT 10.0.19044)";"";"f0408a3a-8166-4bd1-8dcc-c64ab193a7cd";"""0x8D98E13A381367D""";"blob";;"12283";;"489";;"";"";"2021-10-13T06:35:24Z";"";;"StorageRead";"TLS 1.2";"";"Azure";"StorageBlobLogs";"/subscriptions/9b491dd6-598e-498c-98a0-d3bbd2290821/resourcegroups/rg-hk01-sea-r-iengage-storage01/providers/microsoft.storage/storageaccounts/sahk01searshared01ieng01/blobservices/default";"";"";"";"";"";"";;"";"";"";;"";"2022-10-10T15:20:19.4090614Z"
"f486ca19-3cb9-4345-8639-7ccfe1fe149a";"2022-10-10T07:20:19.3429868Z";"sahk01searshared01ieng01";"Southeast Asia";"HTTPS";"ListContainers";"OAuth";"200";"Success";"171";"170";"https://sahk01searshared01ieng01.blob.core.windows.net:443/?comp=list&include=metadata";"165.225.234.209";"a6942a85-001e-002e-5778-dc8314000000";"1.0";"2020-10-02";"095FC76F43D53454EE0540649C51D775EA894A6CA0A708EB08438ECD10FBA7C5";"05a1ee49-fc4c-4238-9d3f-a4a1b2279921";"7f2c1900-9fd4-4b89-91d3-79a649996f0a";"04b07795-8ddb-461a-bbee-02f9e1bf7b46";"https://storage.azure.com/";"https://sts.windows.net/7f2c1900-9fd4-4b89-91d3-79a649996f0a/";"YiuFung-YF.Cheong@aia.com";"[{""action"":""Microsoft.Storage/storageAccounts/blobServices/containers/read"",""roleAssignmentId"":""30d0f2c4-3613-409b-af2b-0d1027e1c496"",""roleDefinitionId"":""acdd72a7-3385-48ef-bd42-f606fba81ae7"",""type"":""RBAC"",""principals"":[{""id"":""21ff7123-4e80-4c12-8c4b-d2352c017ea1"",""type"":""Group""}],""denyAssignmentId"":"""",""result"":""Granted"",""reason"":""Policy""}]";"Microsoft Azure Storage Explorer/1.24.3 (win32) azsdk-js-storageblob/12.8.0 (NODE-VERSION v16.13.2; Windows_NT 10.0.19044)";"";"3e70743d-9729-4f0c-984f-a23973d60ffe";"";"blob";;"12287";;"210";"184";"";"";;"";;"StorageRead";"TLS 1.2";"";"Azure";"StorageBlobLogs";"/subscriptions/9b491dd6-598e-498c-98a0-d3bbd2290821/resourcegroups/rg-hk01-sea-r-iengage-storage01/providers/microsoft.storage/storageaccounts/sahk01searshared01ieng01/blobservices/default";"";"";"";"";"";"";;"";"";"";;"";"2022-10-10T15:20:19.3429868Z"
"f486ca19-3cb9-4345-8639-7ccfe1fe149a";"2022-10-09T08:22:23.1610102Z";"sahk01searshared01ieng01";"Southeast Asia";"HTTPS";"ListContainers";"OAuth";"200";"Success";"8";"7";"https://sahk01searshared01ieng01.blob.core.windows.net:443/?comp=list";"18.191.115.70";"ca9f8f88-c01e-0053-51b8-dbf237000000";"1.0";"2019-02-02";"EAD1FE340BC3EC85F6D1B3AD445A6022B7837057FEC0B88E4680E03C93E0D1D4";"7b2a25d5-d598-40d4-9611-14db744d48d5";"7f2c1900-9fd4-4b89-91d3-79a649996f0a";"2ffc37fb-4740-46ff-9469-361af346101a";"https://storage.azure.com/";"https://sts.windows.net/7f2c1900-9fd4-4b89-91d3-79a649996f0a/";"";"[{""action"":""Microsoft.Storage/storageAccounts/blobServices/containers/read"",""roleAssignmentId"":""242b4a4b-b989-4d83-b3b1-4cdabfb40a8f"",""roleDefinitionId"":""17d1049b-9a84-46fb-8f53-869881c3d3ab"",""type"":""RBAC"",""principals"":[{""id"":""7b2a25d5-d598-40d4-9611-14db744d48d5"",""type"":""ServicePrincipal""}],""denyAssignmentId"":"""",""result"":""Granted"",""reason"":""Policy""}]";"Apache-HttpClient/4.5.13 (Java/11.0.15)";"";"";"";"blob";;"1603";;"152";"184";"";"";;"";;"StorageRead";"TLS 1.2";"";"Azure";"StorageBlobLogs";"/subscriptions/9b491dd6-598e-498c-98a0-d3bbd2290821/resourcegroups/rg-hk01-sea-r-iengage-storage01/providers/microsoft.storage/storageaccounts/sahk01searshared01ieng01/blobservices/default";"";"";"";"";"";"";;"";"";"";;"";"2022-10-09T16:22:23.1610102Z"
"f486ca19-3cb9-4345-8639-7ccfe1fe149a";"2022-10-09T08:22:22.913366Z";"sahk01searshared01ieng01";"Southeast Asia";"HTTPS";"GetFileServiceProperties";"AccountKey";"200";"Success";"23";"23";"https://sahk01searshared01ieng01.file.core.windows.net:443/?restype=service&comp=properties";"18.191.115.70";"86f8a5a6-d01a-003d-10b8-dba718000000";"1.0";"2017-04-17";"key1(42B1D3200A0058445D70F68D31F573CF64EE913ABBF2A0E9A9A6536B918549E3)";"";"";"";"";"";"";;"Azure-Storage/6.1.0 (JavaJRE 11.0.15; Linux 5.4.204-113.362.amzn2.x86_64)";"";"94dd1fde-0906-4635-9156-8af36c047391";"";"file";;"511";;"152";"413";"";"";;"";;"StorageRead";"TLS 1.2";"";"Azure";"StorageFileLogs";"/subscriptions/9b491dd6-598e-498c-98a0-d3bbd2290821/resourcegroups/rg-hk01-sea-r-iengage-storage01/providers/microsoft.storage/storageaccounts/sahk01searshared01ieng01/fileservices/default";"";"";"";"";"";"";;"";"";"";;"";"2022-10-09T16:22:22.913366Z"
"f486ca19-3cb9-4345-8639-7ccfe1fe149a";"2022-10-09T08:22:19.7838148Z";"sahk01searshared01ieng01";"Southeast Asia";"HTTPS";"GetBlobServiceProperties";"OAuth";"200";"Success";"130";"130";"https://sahk01searshared01ieng01.blob.core.windows.net:443/?restype=service&comp=properties";"18.191.115.70";"ca9f8043-c01e-0053-63b8-dbf237000000";"1.0";"2019-02-02";"EAD1FE340BC3EC85F6D1B3AD445A6022B7837057FEC0B88E4680E03C93E0D1D4";"7b2a25d5-d598-40d4-9611-14db744d48d5";"7f2c1900-9fd4-4b89-91d3-79a649996f0a";"2ffc37fb-4740-46ff-9469-361af346101a";"https://storage.azure.com/";"https://sts.windows.net/7f2c1900-9fd4-4b89-91d3-79a649996f0a/";"";"[{""action"":""Microsoft.Storage/storageAccounts/blobServices/read"",""roleAssignmentId"":""242b4a4b-b989-4d83-b3b1-4cdabfb40a8f"",""roleDefinitionId"":""17d1049b-9a84-46fb-8f53-869881c3d3ab"",""type"":""RBAC"",""principals"":[{""id"":""7b2a25d5-d598-40d4-9611-14db744d48d5"",""type"":""ServicePrincipal""}],""denyAssignmentId"":"""",""result"":""Granted"",""reason"":""Policy""}]";"Apache-HttpClient/4.5.13 (Java/11.0.15)";"";"";"";"blob";;"1625";;"152";"723";"";"";;"";;"StorageRead";"TLS 1.2";"";"Azure";"StorageBlobLogs";"/subscriptions/9b491dd6-598e-498c-98a0-d3bbd2290821/resourcegroups/rg-hk01-sea-r-iengage-storage01/providers/microsoft.storage/storageaccounts/sahk01searshared01ieng01/blobservices/default";"";"";"";"";"";"";;"";"";"";;"";"2022-10-09T16:22:19.7838148Z"
"f486ca19-3cb9-4345-8639-7ccfe1fe149a";"2022-10-08T08:35:41.8316279Z";"sahk01searshared01ieng01";"Southeast Asia";"HTTPS";"ListContainers";"OAuth";"200";"Success";"8";"8";"https://sahk01searshared01ieng01.blob.core.windows.net:443/?comp=list";"3.16.7.30";"630bfbbb-201e-004b-4cf0-da2d50000000";"1.0";"2019-02-02";"176DDA9876D8A27C565CC6A5D454C875CFDD059A9890CF2E7A59FF0E1B305D75";"7b2a25d5-d598-40d4-9611-14db744d48d5";"7f2c1900-9fd4-4b89-91d3-79a649996f0a";"2ffc37fb-4740-46ff-9469-361af346101a";"https://storage.azure.com/";"https://sts.windows.net/7f2c1900-9fd4-4b89-91d3-79a649996f0a/";"";"[{""action"":""Microsoft.Storage/storageAccounts/blobServices/containers/read"",""roleAssignmentId"":""242b4a4b-b989-4d83-b3b1-4cdabfb40a8f"",""roleDefinitionId"":""17d1049b-9a84-46fb-8f53-869881c3d3ab"",""type"":""RBAC"",""principals"":[{""id"":""7b2a25d5-d598-40d4-9611-14db744d48d5"",""type"":""ServicePrincipal""}],""denyAssignmentId"":"""",""result"":""Granted"",""reason"":""Policy""}]";"Apache-HttpClient/4.5.13 (Java/11.0.15)";"";"";"";"blob";;"1603";;"152";"184";"";"";;"";;"StorageRead";"TLS 1.2";"";"Azure";"StorageBlobLogs";"/subscriptions/9b491dd6-598e-498c-98a0-d3bbd2290821/resourcegroups/rg-hk01-sea-r-iengage-storage01/providers/microsoft.storage/storageaccounts/sahk01searshared01ieng01/blobservices/default";"";"";"";"";"";"";;"";"";"";;"";"2022-10-08T16:35:41.8316279Z"
"f486ca19-3cb9-4345-8639-7ccfe1fe149a";"2022-10-08T08:35:41.5878626Z";"sahk01searshared01ieng01";"Southeast Asia";"HTTPS";"GetFileServiceProperties";"AccountKey";"200";"Success";"5";"5";"https://sahk01searshared01ieng01.file.core.windows.net:443/?restype=service&comp=properties";"3.16.7.30";"d06d0418-c01a-000e-26f0-daf8b3000000";"1.0";"2017-04-17";"key1(42B1D3200A0058445D70F68D31F573CF64EE913ABBF2A0E9A9A6536B918549E3)";"";"";"";"";"";"";;"Azure-Storage/6.1.0 (JavaJRE 11.0.15; Linux 5.4.204-113.362.amzn2.x86_64)";"";"78fd8cf3-d1e3-46ec-942d-c3922e3ebf1d";"";"file";;"511";;"152";"413";"";"";;"";;"StorageRead";"TLS 1.2";"";"Azure";"StorageFileLogs";"/subscriptions/9b491dd6-598e-498c-98a0-d3bbd2290821/resourcegroups/rg-hk01-sea-r-iengage-storage01/providers/microsoft.storage/storageaccounts/sahk01searshared01ieng01/fileservices/default";"";"";"";"";"";"";;"";"";"";;"";"2022-10-08T16:35:41.5878626Z"
"f486ca19-3cb9-4345-8639-7ccfe1fe149a";"2022-10-08T08:35:38.5970745Z";"sahk01searshared01ieng01";"Southeast Asia";"HTTPS";"GetBlobServiceProperties";"OAuth";"200";"Success";"115";"115";"https://sahk01searshared01ieng01.blob.core.windows.net:443/?restype=service&comp=properties";"3.16.7.30";"630bf294-201e-004b-2df0-da2d50000000";"1.0";"2019-02-02";"176DDA9876D8A27C565CC6A5D454C875CFDD059A9890CF2E7A59FF0E1B305D75";"7b2a25d5-d598-40d4-9611-14db744d48d5";"7f2c1900-9fd4-4b89-91d3-79a649996f0a";"2ffc37fb-4740-46ff-9469-361af346101a";"https://storage.azure.com/";"https://sts.windows.net/7f2c1900-9fd4-4b89-91d3-79a649996f0a/";"";"[{""action"":""Microsoft.Storage/storageAccounts/blobServices/read"",""roleAssignmentId"":""242b4a4b-b989-4d83-b3b1-4cdabfb40a8f"",""roleDefinitionId"":""17d1049b-9a84-46fb-8f53-869881c3d3ab"",""type"":""RBAC"",""principals"":[{""id"":""7b2a25d5-d598-40d4-9611-14db744d48d5"",""type"":""ServicePrincipal""}],""denyAssignmentId"":"""",""result"":""Granted"",""reason"":""Policy""}]";"Apache-HttpClient/4.5.13 (Java/11.0.15)";"";"";"";"blob";;"1625";;"152";"723";"";"";;"";;"StorageRead";"TLS 1.2";"";"Azure";"StorageBlobLogs";"/subscriptions/9b491dd6-598e-498c-98a0-d3bbd2290821/resourcegroups/rg-hk01-sea-r-iengage-storage01/providers/microsoft.storage/storageaccounts/sahk01searshared01ieng01/blobservices/default";"";"";"";"";"";"";;"";"";"";;"";"2022-10-08T16:35:38.5970745Z"
"f486ca19-3cb9-4345-8639-7ccfe1fe149a";"2022-10-07T08:39:20.6121205Z";"sahk01searshared01ieng01";"Southeast Asia";"HTTPS";"ListContainers";"OAuth";"200";"Success";"9";"8";"https://sahk01searshared01ieng01.blob.core.windows.net:443/?comp=list";"3.16.7.30";"2fe2d2a6-f01e-0015-5c28-dac6b0000000";"1.0";"2019-02-02";"4E7B2195770A335E2F652E4746B828DC904A5FB25E34657819A6317981D1ED17";"7b2a25d5-d598-40d4-9611-14db744d48d5";"7f2c1900-9fd4-4b89-91d3-79a649996f0a";"2ffc37fb-4740-46ff-9469-361af346101a";"https://storage.azure.com/";"https://sts.windows.net/7f2c1900-9fd4-4b89-91d3-79a649996f0a/";"";"[{""action"":""Microsoft.Storage/storageAccounts/blobServices/containers/read"",""roleAssignmentId"":""242b4a4b-b989-4d83-b3b1-4cdabfb40a8f"",""roleDefinitionId"":""17d1049b-9a84-46fb-8f53-869881c3d3ab"",""type"":""RBAC"",""principals"":[{""id"":""7b2a25d5-d598-40d4-9611-14db744d48d5"",""type"":""ServicePrincipal""}],""denyAssignmentId"":"""",""result"":""Granted"",""reason"":""Policy""}]";"Apache-HttpClient/4.5.13 (Java/11.0.15)";"";"";"";"blob";;"1603";;"152";"184";"";"";;"";;"StorageRead";"TLS 1.2";"";"Azure";"StorageBlobLogs";"/subscriptions/9b491dd6-598e-498c-98a0-d3bbd2290821/resourcegroups/rg-hk01-sea-r-iengage-storage01/providers/microsoft.storage/storageaccounts/sahk01searshared01ieng01/blobservices/default";"";"";"";"";"";"";;"";"";"";;"";"2022-10-07T16:39:20.6121205Z"
"f486ca19-3cb9-4345-8639-7ccfe1fe149a";"2022-10-07T08:39:20.3647498Z";"sahk01searshared01ieng01";"Southeast Asia";"HTTPS";"GetFileServiceProperties";"AccountKey";"200";"Success";"109";"109";"https://sahk01searshared01ieng01.file.core.windows.net:443/?restype=service&comp=properties";"3.16.7.30";"31f413a6-901a-0013-5728-daf50f000000";"1.0";"2017-04-17";"key1(42B1D3200A0058445D70F68D31F573CF64EE913ABBF2A0E9A9A6536B918549E3)";"";"";"";"";"";"";;"Azure-Storage/6.1.0 (JavaJRE 11.0.15; Linux 5.4.204-113.362.amzn2.x86_64)";"";"f1f8306e-5516-4380-9cba-362ae72f53a1";"";"file";;"511";;"152";"413";"";"";;"";;"StorageRead";"TLS 1.2";"";"Azure";"StorageFileLogs";"/subscriptions/9b491dd6-598e-498c-98a0-d3bbd2290821/resourcegroups/rg-hk01-sea-r-iengage-storage01/providers/microsoft.storage/storageaccounts/sahk01searshared01ieng01/fileservices/default";"";"";"";"";"";"";;"";"";"";;"";"2022-10-07T16:39:20.3647498Z"
"f486ca19-3cb9-4345-8639-7ccfe1fe149a";"2022-10-07T08:39:16.8423634Z";"sahk01searshared01ieng01";"Southeast Asia";"HTTPS";"GetBlobServiceProperties";"OAuth";"200";"Success";"114";"114";"https://sahk01searshared01ieng01.blob.core.windows.net:443/?restype=service&comp=properties";"3.16.7.30";"2fe2cb2d-f01e-0015-7f28-dac6b0000000";"1.0";"2019-02-02";"4E7B2195770A335E2F652E4746B828DC904A5FB25E34657819A6317981D1ED17";"7b2a25d5-d598-40d4-9611-14db744d48d5";"7f2c1900-9fd4-4b89-91d3-79a649996f0a";"2ffc37fb-4740-46ff-9469-361af346101a";"https://storage.azure.com/";"https://sts.windows.net/7f2c1900-9fd4-4b89-91d3-79a649996f0a/";"";"[{""action"":""Microsoft.Storage/storageAccounts/blobServices/read"",""roleAssignmentId"":""242b4a4b-b989-4d83-b3b1-4cdabfb40a8f"",""roleDefinitionId"":""17d1049b-9a84-46fb-8f53-869881c3d3ab"",""type"":""RBAC"",""principals"":[{""id"":""7b2a25d5-d598-40d4-9611-14db744d48d5"",""type"":""ServicePrincipal""}],""denyAssignmentId"":"""",""result"":""Granted"",""reason"":""Policy""}]";"Apache-HttpClient/4.5.13 (Java/11.0.15)";"";"";"";"blob";;"1625";;"152";"723";"";"";;"";;"StorageRead";"TLS 1.2";"";"Azure";"StorageBlobLogs";"/subscriptions/9b491dd6-598e-498c-98a0-d3bbd2290821/resourcegroups/rg-hk01-sea-r-iengage-storage01/providers/microsoft.storage/storageaccounts/sahk01searshared01ieng01/blobservices/default";"";"";"";"";"";"";;"";"";"";;"";"2022-10-07T16:39:16.8423634Z"
"f486ca19-3cb9-4345-8639-7ccfe1fe149a";"2022-10-03T06:45:57.851Z";"sahk01searshared01ieng01";"Southeast Asia";"HTTPS";"ListContainers";"OAuth";"200";"Success";"7";"7";"https://sahk01searshared01ieng01.blob.core.windows.net:443/?comp=list";"18.191.115.70";"17c75be9-b01e-0014-4df3-d6996c000000";"1.0";"2019-02-02";"4BF4196682B82DAF07E60FE3D312ABB1261C8D8087409566B39B9B90937FAF39";"7b2a25d5-d598-40d4-9611-14db744d48d5";"7f2c1900-9fd4-4b89-91d3-79a649996f0a";"2ffc37fb-4740-46ff-9469-361af346101a";"https://storage.azure.com/";"https://sts.windows.net/7f2c1900-9fd4-4b89-91d3-79a649996f0a/";"";"[{""action"":""Microsoft.Storage/storageAccounts/blobServices/containers/read"",""roleAssignmentId"":""242b4a4b-b989-4d83-b3b1-4cdabfb40a8f"",""roleDefinitionId"":""17d1049b-9a84-46fb-8f53-869881c3d3ab"",""type"":""RBAC"",""principals"":[{""id"":""7b2a25d5-d598-40d4-9611-14db744d48d5"",""type"":""ServicePrincipal""}],""denyAssignmentId"":"""",""result"":""Granted"",""reason"":""Policy""}]";"Apache-HttpClient/4.5.13 (Java/11.0.15)";"";"";"";"blob";;"1603";;"152";"184";"";"";;"";;"StorageRead";"TLS 1.2";"";"Azure";"StorageBlobLogs";"/subscriptions/9b491dd6-598e-498c-98a0-d3bbd2290821/resourcegroups/rg-hk01-sea-r-iengage-storage01/providers/microsoft.storage/storageaccounts/sahk01searshared01ieng01/blobservices/default";"";"";"";"";"";"";;"";"";"";;"";"2022-10-03T14:45:57.851Z"
"f486ca19-3cb9-4345-8639-7ccfe1fe149a";"2022-10-03T06:45:57.604Z";"sahk01searshared01ieng01";"Southeast Asia";"HTTPS";"GetFileServiceProperties";"AccountKey";"200";"Success";"8";"8";"https://sahk01searshared01ieng01.file.core.windows.net:443/?restype=service&comp=properties";"18.191.115.70";"d45596dc-601a-0007-56f3-d6bd60000000";"1.0";"2017-04-17";"key1(42B1D3200A0058445D70F68D31F573CF64EE913ABBF2A0E9A9A6536B918549E3)";"";"";"";"";"";"";;"Azure-Storage/6.1.0 (JavaJRE 11.0.15; Linux 5.4.204-113.362.amzn2.x86_64)";"";"e243bd5b-926e-4493-9818-526e0d7dd2c2";"";"file";;"511";;"152";"413";"";"";;"";;"StorageRead";"TLS 1.2";"";"Azure";"StorageFileLogs";"/subscriptions/9b491dd6-598e-498c-98a0-d3bbd2290821/resourcegroups/rg-hk01-sea-r-iengage-storage01/providers/microsoft.storage/storageaccounts/sahk01searshared01ieng01/fileservices/default";"";"";"";"";"";"";;"";"";"";;"";"2022-10-03T14:45:57.604Z"
"f486ca19-3cb9-4345-8639-7ccfe1fe149a";"2022-10-03T06:45:54.431Z";"sahk01searshared01ieng01";"Southeast Asia";"HTTPS";"GetBlobServiceProperties";"OAuth";"200";"Success";"142";"142";"https://sahk01searshared01ieng01.blob.core.windows.net:443/?restype=service&comp=properties";"18.191.115.70";"17c74e88-b01e-0014-7ef3-d6996c000000";"1.0";"2019-02-02";"4BF4196682B82DAF07E60FE3D312ABB1261C8D8087409566B39B9B90937FAF39";"7b2a25d5-d598-40d4-9611-14db744d48d5";"7f2c1900-9fd4-4b89-91d3-79a649996f0a";"2ffc37fb-4740-46ff-9469-361af346101a";"https://storage.azure.com/";"https://sts.windows.net/7f2c1900-9fd4-4b89-91d3-79a649996f0a/";"";"[{""action"":""Microsoft.Storage/storageAccounts/blobServices/read"",""roleAssignmentId"":""242b4a4b-b989-4d83-b3b1-4cdabfb40a8f"",""roleDefinitionId"":""17d1049b-9a84-46fb-8f53-869881c3d3ab"",""type"":""RBAC"",""principals"":[{""id"":""7b2a25d5-d598-40d4-9611-14db744d48d5"",""type"":""ServicePrincipal""}],""denyAssignmentId"":"""",""result"":""Granted"",""reason"":""Policy""}]";"Apache-HttpClient/4.5.13 (Java/11.0.15)";"";"";"";"blob";;"1625";;"152";"723";"";"";;"";;"StorageRead";"TLS 1.2";"";"Azure";"StorageBlobLogs";"/subscriptions/9b491dd6-598e-498c-98a0-d3bbd2290821/resourcegroups/rg-hk01-sea-r-iengage-storage01/providers/microsoft.storage/storageaccounts/sahk01searshared01ieng01/blobservices/default";"";"";"";"";"";"";;"";"";"";;"";"2022-10-03T14:45:54.431Z"
"f486ca19-3cb9-4345-8639-7ccfe1fe149a";"2022-10-02T07:50:33.32Z";"sahk01searshared01ieng01";"Southeast Asia";"HTTPS";"ListContainers";"OAuth";"200";"Success";"7";"7";"https://sahk01searshared01ieng01.blob.core.windows.net:443/?comp=list";"3.16.7.30";"5d17f73e-f01e-002a-0f33-d60e13000000";"1.0";"2019-02-02";"2D310B020547128491FEE6B1AE3C0FDB9EFE679D20C2A1761AD8BBD23F45FEBB";"7b2a25d5-d598-40d4-9611-14db744d48d5";"7f2c1900-9fd4-4b89-91d3-79a649996f0a";"2ffc37fb-4740-46ff-9469-361af346101a";"https://storage.azure.com/";"https://sts.windows.net/7f2c1900-9fd4-4b89-91d3-79a649996f0a/";"";"[{""action"":""Microsoft.Storage/storageAccounts/blobServices/containers/read"",""roleAssignmentId"":""242b4a4b-b989-4d83-b3b1-4cdabfb40a8f"",""roleDefinitionId"":""17d1049b-9a84-46fb-8f53-869881c3d3ab"",""type"":""RBAC"",""principals"":[{""id"":""7b2a25d5-d598-40d4-9611-14db744d48d5"",""type"":""ServicePrincipal""}],""denyAssignmentId"":"""",""result"":""Granted"",""reason"":""Policy""}]";"Apache-HttpClient/4.5.13 (Java/11.0.15)";"";"";"";"blob";;"1603";;"152";"184";"";"";;"";;"StorageRead";"TLS 1.2";"";"Azure";"StorageBlobLogs";"/subscriptions/9b491dd6-598e-498c-98a0-d3bbd2290821/resourcegroups/rg-hk01-sea-r-iengage-storage01/providers/microsoft.storage/storageaccounts/sahk01searshared01ieng01/blobservices/default";"";"";"";"";"";"";;"";"";"";;"";"2022-10-02T15:50:33.32Z"
"f486ca19-3cb9-4345-8639-7ccfe1fe149a";"2022-10-02T07:50:33.075Z";"sahk01searshared01ieng01";"Southeast Asia";"HTTPS";"GetFileServiceProperties";"AccountKey";"200";"Success";"6";"6";"https://sahk01searshared01ieng01.file.core.windows.net:443/?restype=service&comp=properties";"3.16.7.30";"c07d090d-601a-004a-1b33-d6728c000000";"1.0";"2017-04-17";"key1(42B1D3200A0058445D70F68D31F573CF64EE913ABBF2A0E9A9A6536B918549E3)";"";"";"";"";"";"";;"Azure-Storage/6.1.0 (JavaJRE 11.0.15; Linux 5.4.204-113.362.amzn2.x86_64)";"";"b3710c88-df5e-454d-8e5a-9628fa0c2014";"";"file";;"511";;"152";"413";"";"";;"";;"StorageRead";"TLS 1.2";"";"Azure";"StorageFileLogs";"/subscriptions/9b491dd6-598e-498c-98a0-d3bbd2290821/resourcegroups/rg-hk01-sea-r-iengage-storage01/providers/microsoft.storage/storageaccounts/sahk01searshared01ieng01/fileservices/default";"";"";"";"";"";"";;"";"";"";;"";"2022-10-02T15:50:33.075Z"
"f486ca19-3cb9-4345-8639-7ccfe1fe149a";"2022-10-02T07:50:29.397Z";"sahk01searshared01ieng01";"Southeast Asia";"HTTPS";"GetBlobServiceProperties";"OAuth";"200";"Success";"109";"109";"https://sahk01searshared01ieng01.blob.core.windows.net:443/?restype=service&comp=properties";"3.16.7.30";"5d17e945-f01e-002a-1733-d60e13000000";"1.0";"2019-02-02";"2D310B020547128491FEE6B1AE3C0FDB9EFE679D20C2A1761AD8BBD23F45FEBB";"7b2a25d5-d598-40d4-9611-14db744d48d5";"7f2c1900-9fd4-4b89-91d3-79a649996f0a";"2ffc37fb-4740-46ff-9469-361af346101a";"https://storage.azure.com/";"https://sts.windows.net/7f2c1900-9fd4-4b89-91d3-79a649996f0a/";"";"[{""action"":""Microsoft.Storage/storageAccounts/blobServices/read"",""roleAssignmentId"":""242b4a4b-b989-4d83-b3b1-4cdabfb40a8f"",""roleDefinitionId"":""17d1049b-9a84-46fb-8f53-869881c3d3ab"",""type"":""RBAC"",""principals"":[{""id"":""7b2a25d5-d598-40d4-9611-14db744d48d5"",""type"":""ServicePrincipal""}],""denyAssignmentId"":"""",""result"":""Granted"",""reason"":""Policy""}]";"Apache-HttpClient/4.5.13 (Java/11.0.15)";"";"";"";"blob";;"1625";;"152";"723";"";"";;"";;"StorageRead";"TLS 1.2";"";"Azure";"StorageBlobLogs";"/subscriptions/9b491dd6-598e-498c-98a0-d3bbd2290821/resourcegroups/rg-hk01-sea-r-iengage-storage01/providers/microsoft.storage/storageaccounts/sahk01searshared01ieng01/blobservices/default";"";"";"";"";"";"";;"";"";"";;"";"2022-10-02T15:50:29.397Z"
