ResourceName;Service;SubscriptionName;RegionName;LastModified;Apps;ApplicationContact;AppOwner
kv-hk01-eas-a-ieng-vlt01;KeyVault;HK01;Azure East Asia;2022-09-01;Infra Service;Rosa-PS Wong;Terence Leung
kv-hk01-eas-a-imo-vlt01;KeyVault;HK01;Azure East Asia;2022-09-02;iMO Business Planner;JING Gong;Terence Leung
kv-hk01-eas-d-ieng-vlt01;KeyVault;HK01;Azure East Asia;2022-09-03;Infra Service;Rosa-PS Wong;Terence Leung
kv-hk01-eas-d-imo-vlt01;KeyVault;HK01;Azure East Asia;2022-09-04;Infra Service;JING Gong;Terence Leung
kv-hk01-eas-g-ieng-vlt01;KeyVault;HK01;Azure East Asia;2022-09-05;;Rosa-PS Wong;Terence Leung
kv-hk01-eas-g-imo-vlt01;KeyVault;HK01;Azure East Asia;2022-09-06;;JING Gong;Terence Leung
kv-hk01-eas-r-ieng-vlt01;KeyVault;HK01;Azure East Asia;2022-09-07;;Rosa-PS Wong;Terence Leung
kv-hk01-eas-s-ieng-vlt01;KeyVault;HK01;Azure East Asia;2022-09-08;;Rosa-PS Wong;Terence Leung
kv-hk01-eas-s-imo-vlt01;KeyVault;HK01;Azure East Asia;2022-09-09;;JING Gong;Terence Leung
kv-hk01-eas-s-rpa-vlt01;KeyVault;HK01;Azure East Asia;2022-09-10;;Willy-WL Hung;Terence Leung
kv-hk01-eas-s-rpa-vlt11;KeyVault;HK01;Azure East Asia;2022-09-11;;Willy-WL Hung;Terence Leung
kv-hk01-eas-s-rpa-vlt12;KeyVault;HK01;Azure East Asia;2022-09-12;;Willy-WL Hung;Terence Leung
kv-hk01-eas-s-rpa-vlt13;KeyVault;HK01;Azure East Asia;2022-09-13;;Willy-WL Hung;Terence Leung
kv-hk01-eas-s-rpa-vlt14;KeyVault;HK01;Azure East Asia;2022-09-14;;Willy-WL Hung;Terence Leung
kv-hk01-eas-s-rpa-vlt15;KeyVault;HK01;Azure East Asia;2022-09-15;;Willy-WL Hung;Terence Leung
kv-hk01-eas-s-rpa-vlt16;KeyVault;HK01;Azure East Asia;2022-09-16;;Willy-WL Hung;Terence Leung
kv-hk01-eas-s-rpa-vlt17;KeyVault;HK01;Azure East Asia;2022-09-17;;Willy-WL Hung;Terence Leung
kv-hk01-eas-s-rpa-vlt18;KeyVault;HK01;Azure East Asia;2022-09-18;;Willy-WL Hung;Terence Leung
kv-hk01-eas-u-ieng-vlt01;KeyVault;HK01;Azure East Asia;2022-09-19;;Rosa-PS Wong;Terence Leung
kv-hk01-eas-u-imo-vlt01;KeyVault;HK01;Azure East Asia;2022-09-20;;JING Gong;Terence Leung
kv-hk01-eas-u-rpa-vlt01;KeyVault;HK01;Azure East Asia;2022-09-21;;Willy-WL Hung;Terence Leung
kv-hk01-eas-u-rpa-vlt11;KeyVault;HK01;Azure East Asia;2022-09-22;;Willy-WL Hung;Terence Leung
kv-hk01-eas-u-rpa-vlt12;KeyVault;HK01;Azure East Asia;2022-09-23;;Willy-WL Hung;Terence Leung
kv-hk01-eas-u-rpa-vlt13;KeyVault;HK01;Azure East Asia;2022-09-24;;Willy-WL Hung;Terence Leung
kv-hk01-eas-u-rpa-vlt14;KeyVault;HK01;Azure East Asia;2022-09-25;;Willy-WL Hung;Terence Leung
kv-hk01-eas-u-rpa-vlt15;KeyVault;HK01;Azure East Asia;2022-09-26;;Willy-WL Hung;Terence Leung
kv-hk01-eas-u-rpa-vlt16;KeyVault;HK01;Azure East Asia;2022-09-27;;Willy-WL Hung;Terence Leung
kv-hk01-eas-u-rpa-vlt17;KeyVault;HK01;Azure East Asia;2022-09-28;;Willy-WL Hung;Terence Leung
kv-hk01-eas-u-rpa-vlt18;KeyVault;HK01;Azure East Asia;2022-09-29;;Willy-WL Hung;Terence Leung
kv-hk01-sea-r-imo-vlt01;KeyVault;HK01;Azure Southeast Asia;2022-09-30;;JING Gong;Terence Leung
